country,team,date,event_date,tournament,opponent,goals_for,goals_against,penalties,outcome,neutral,city,elo_team,elo_opp,expected,surprise,upset_loss,same_trading_day,same,pre,next,after,car_same_next,car_next_after,late,loss,draw
Belgium,Belgium,2014-06-17,2014-06-18,FIFA World Cup,Algeria,2,1,False,win,True,Belo Horizonte,1882.822231010968,1713.0801918039044,0.726535140610715,0.273464859389285,0,True,0.5014374586087443,-0.3429448916624221,-0.8756143023038754,0.352614132351248,-0.37417684369513105,-0.5230001699526274,0,0,0
Belgium,Belgium,2014-06-22,2014-06-23,FIFA World Cup,Russia,1,0,False,win,True,Rio de Janeiro,1899.230122574325,1870.25490113534,0.5416022905780317,0.4583977094219683,0,False,,-0.2817265230340598,-0.4863483952847184,0.4075761939632998,-0.4863483952847184,-0.0787722013214186,0,0,0
Belgium,Belgium,2014-06-26,2014-06-27,FIFA World Cup,South Korea,1,0,False,win,True,São Paulo,1926.733985139643,1710.2393107455728,0.7766489200576379,0.2233510799423621,0,True,0.6037350211385112,0.0284405834983122,-0.135180087422478,-0.1762459059960092,0.4685549337160332,-0.3114259934184872,0,0,0
Belgium,Belgium,2014-07-01,2014-07-02,FIFA World Cup,United States,2,1,False,win,True,Salvador,1940.1350499361847,1932.6666174029256,0.5107462832498277,0.4892537167501722,0,True,0.2123742124887627,-0.1762459059960092,0.1504576214472917,0.5760515899456835,0.3628318339360544,0.7265092113929752,0,0,0
Belgium,Belgium,2014-07-05,2014-07-07,FIFA World Cup,Argentina,0,1,False,loss,True,Brasília,1969.4902729411951,2108.936185304073,0.3094450115462587,-0.3094450115462587,0,False,,-0.6478667439382031,-0.306128422362368,-0.3984562089679511,-0.306128422362368,-0.704584631330319,0,1,0
Belgium,Belgium,2016-06-13,2016-06-14,UEFA Euro,Italy,0,2,False,loss,True,Lyon,1959.0962238970228,1916.882831391079,0.5604527749855512,-0.5604527749855512,1,True,-1.0420638768583137,-0.7664710758796387,-1.0716860036012532,0.3794645339408224,-2.113749880459567,-0.6922214696604307,0,1,0
Belgium,Belgium,2016-06-18,2016-06-20,UEFA Euro,Republic of Ireland,3,0,False,win,True,Bordeaux,1917.0622657731064,1815.007947616964,0.6427848673696993,0.3572151326303007,0,False,,1.2331806970705277,1.648787200428845,-0.0488968329458863,1.648787200428845,1.5998903674829588,0,0,0
Belgium,Belgium,2016-06-22,2016-06-23,UEFA Euro,Sweden,1,0,False,win,True,Nice,1948.3185898782576,1781.8308714398763,0.7227974063712606,0.2772025936287394,0,True,0.9345994382213644,-0.0488968329458863,0.2627773240184856,-2.945096853634985,1.19737676223985,-2.682319529616499,0,0,0
Belgium,Belgium,2016-06-26,2016-06-27,UEFA Euro,Hungary,4,0,False,win,True,Toulouse,1962.1787195596949,1777.3597923865143,0.7434357577324758,0.2565642422675241,0,False,,-2.945096853634985,-1.5813323631942238,0.9772294724784664,-1.5813323631942238,-0.6041028907157574,0,0,0
Belgium,Belgium,2016-07-01,2016-07-04,UEFA Euro,Wales,1,3,False,loss,True,Villeneuve-d'Ascq,1986.2316172722756,1779.5923647443365,0.766653623511814,-0.766653623511814,1,True,0.1027026923387897,0.0539938667887316,-0.8285252535947156,-0.7057411922895458,-0.7258225612559259,-1.5342664458842614,0,1,0
Belgium,Belgium,2018-06-18,2018-06-19,FIFA World Cup,Panama,3,0,False,win,True,Sochi,1987.283741404496,1774.5273925705771,0.7728938158511695,0.2271061841488305,0,True,-0.7079175688907764,-0.4710851544270524,0.6709781400071271,0.4401561581164879,-0.03693942888364932,1.111134298123615,1,0,0
Belgium,Belgium,2018-06-23,2018-06-25,FIFA World Cup,Tunisia,5,2,False,win,True,Moscow,2011.1298907401235,1753.1692949842998,0.8153176629918035,0.1846823370081964,0,False,,0.8656994473674481,-0.7336416487148913,0.2706259989831425,-0.7336416487148913,-0.46301564973174886,1,0,0
Belgium,Belgium,2018-06-28,2018-06-29,FIFA World Cup,England,1,0,False,win,True,Kaliningrad,2030.521536125984,2025.2251922726057,0.5076214611465655,0.4923785388534345,0,True,-0.7614270575666666,1.0470608405099404,0.0925498953527886,-0.544847615002053,-0.668877162213878,-0.45229771964926446,1,0,0
Belgium,Belgium,2018-07-02,2018-07-03,FIFA World Cup,Japan,3,2,False,win,True,Rostov-on-Don,2060.06424845719,1802.8588427477096,0.8146621833579131,0.1853378166420869,0,True,-0.544847615002053,0.0925498953527886,0.6241256384114835,0.1642879496107454,0.07927802340943046,0.7884135880222289,1,0,0
Belgium,Belgium,2018-07-06,2018-07-09,FIFA World Cup,Brazil,2,1,False,win,True,Kazan,2071.184517455715,2207.4160073867533,0.3134129230907685,0.6865870769092315,0,True,0.0551382334405305,0.3397527830789954,-0.0096879728295149,-0.1681394644382151,0.045450260611015605,-0.17782743726772998,1,0,0
Belgium,Belgium,2018-07-10,2018-07-11,FIFA World Cup,France,0,1,False,loss,True,Saint Petersburg,2112.379742070269,2118.506174719774,0.4911842683740162,-0.4911842683740162,0,True,-0.1681394644382151,-0.0096879728295149,0.0065114084855901,0.3487595521331589,-0.161628055952625,0.355270960618749,1,1,0
Belgium,Belgium,2018-07-14,2018-07-16,FIFA World Cup,England,2,0,False,win,True,Saint Petersburg,2082.908685967828,2002.1623359474288,0.6141554146493523,0.3858445853506477,0,False,,-0.2289805326288012,0.1240465281919739,0.1213197006454361,0.1240465281919739,0.24536622883741,1,0,0
Belgium,Belgium,2021-06-12,2021-06-14,UEFA Euro,Russia,3,0,False,win,False,Saint Petersburg,2154.6328122179457,1796.1235304257912,0.8157927784342373,0.1842072215657627,0,False,,0.4834416656573812,0.5571981507961035,0.0718832773726001,0.5571981507961035,0.6290814281687036,1,0,0
Belgium,Belgium,2021-06-17,2021-06-18,UEFA Euro,Denmark,2,1,False,win,False,Copenhagen,2170.75094410495,1976.5691131028727,0.6323133971681538,0.3676866028318462,0,True,-0.2387972602221942,0.547036011360852,-0.7855403265549425,0.0947229907643547,-1.0243375867771367,-0.6908173357905878,1,0,0
Belgium,Belgium,2021-06-21,2021-06-22,UEFA Euro,Finland,2,0,False,win,True,Saint Petersburg,2189.1352742465424,1762.7932713384378,0.9208696389568788,0.0791303610431211,0,True,0.0947229907643547,-0.7855403265549425,-0.47714412653518,-1.027283716930647,-0.3824211357708253,-1.5044278434658271,1,0,0
Belgium,Belgium,2021-06-27,2021-06-28,UEFA Euro,Portugal,1,0,False,win,True,Seville,2195.0700513247766,2069.8821916702864,0.6727477684458831,0.3272522315541168,0,False,,0.3434027556684478,-0.6801964617138783,0.0990324564940744,-0.6801964617138783,-0.5811640052198038,1,0,0
Belgium,Belgium,2021-07-02,2021-07-05,UEFA Euro,Italy,1,2,False,loss,True,Munich,2211.4326629024827,2112.644734087506,0.6384560042297936,-0.6384560042297936,1,True,-0.2375156216658744,0.856067281902747,-0.0250797197727117,-0.0990658687942259,-0.2625953414385861,-0.1241455885669376,1,1,0
Belgium,Belgium,2022-11-23,2022-11-24,FIFA World Cup,Canada,1,0,False,win,True,Al Rayyan,2065.863950100711,1897.0033586696725,0.7255258668398917,0.2744741331601082,0,True,-0.6120854737854196,-0.3436827079541124,1.0827446043802469,0.1436074033999406,0.47065913059482734,1.2263520077801875,1,0,0
Belgium,Belgium,2022-11-27,2022-11-28,FIFA World Cup,Morocco,0,2,False,loss,True,Doha,2082.3323980903174,1868.3219384933057,0.7741585048672708,-0.7741585048672708,1,False,,0.1436074033999406,0.1159131551447263,-0.3652092105527787,0.1159131551447263,-0.2492960554080524,1,1,0
Belgium,Belgium,2022-12-01,2022-12-02,FIFA World Cup,Croatia,0,0,False,draw,True,Al Rayyan,2012.658132652263,2006.8792820941555,0.5083156676331234,-0.0083156676331234,0,True,-0.4084865890522329,-0.9061201804275733,1.5443021178989975,0.4635653843221918,1.1358155288467646,2.007867502221189,1,0,1
Belgium,Belgium,2024-06-17,2024-06-18,UEFA Euro,Slovakia,0,1,False,loss,True,Frankfurt,2050.51050014712,1722.2340079051014,0.8687226203359881,-0.8687226203359881,1,True,-0.3065559619693437,-0.7208395391233839,0.4760743177144545,-0.189483979735513,0.16951835574511082,0.2865903379789415,1,1,0
Belgium,Belgium,2024-06-22,2024-06-24,UEFA Euro,Romania,2,0,False,win,True,Cologne,2007.0743691303203,1773.6320350175715,0.7931144995117476,0.2068855004882523,0,False,,0.4118573471028336,2.005453236576013,-0.4601114851117376,2.005453236576013,1.5453417514642755,1,0,0
Belgium,Belgium,2024-06-26,2024-06-27,UEFA Euro,Ukraine,0,0,False,draw,True,Stuttgart,2022.5907816669392,1856.7660682197957,0.722032064825619,-0.222032064825619,0,True,-1.1053575319859794,-0.4601114851117376,0.0635901652271503,-0.7283169958394082,-1.0417673667588292,-0.6647268306122579,1,0,1
Belgium,Belgium,2024-07-01,2024-07-02,UEFA Euro,France,0,1,False,loss,True,Düsseldorf,2011.489178425658,2123.31615378424,0.344404348290825,-0.344404348290825,0,True,0.2446361883880971,-0.7283169958394082,0.3271494483809894,-0.1219792236495882,0.5717856367690866,0.20517022473140123,1,1,0
Belgium,Belgium,2026-06-15,2026-06-16,FIFA World Cup,Egypt,1,1,False,draw,True,Seattle,1956.979486716572,1810.441630068658,0.6992101958531357,-0.1992101958531357,0,True,-1.5818745377588752,0.7986344437610663,-0.3189770654090782,1.363528219042149,-1.9008516031679534,1.0445511536330707,1,0,1
Belgium,Belgium,2026-06-21,2026-06-22,FIFA World Cup,Iran,0,0,False,draw,True,Inglewood,1945.026874965384,1883.799341782283,0.5872125439052979,-0.0872125439052978,0,False,,-0.308980301812469,1.0942753754245207,1.2997901914528642,1.0942753754245207,2.394065566877385,1,0,1
Belgium,Belgium,2026-06-26,2026-06-29,FIFA World Cup,New Zealand,5,1,False,win,True,Vancouver,1939.794122331066,1710.0072952306557,0.7896404169230228,0.2103595830769772,0,True,0.2284646240407979,0.9376967852901013,-0.8327295400904144,-0.0822600801519459,-0.6042649160496165,-0.9149896202423603,1,0,0
Belgium,Belgium,2026-07-01,2026-07-02,FIFA World Cup,Senegal,3,2,False,win,True,Seattle,1963.459575427226,1905.314760429283,0.5829045748698497,0.4170954251301503,0,True,-0.7047446534503832,-0.0822600801519459,1.6352382467041204,0.4366297615519146,0.9304935932537373,2.0718680082560352,1,0,0
Belgium,Belgium,2026-07-06,2026-07-07,FIFA World Cup,United States,4,1,False,win,False,Seattle,1988.4853009350352,1893.398590909282,0.4929296786541288,0.5070703213458712,0,True,-2.041418314447231,0.4366297615519146,0.1300081583254209,-1.204196733627767,-1.9114101561218102,-1.0741885753023461,1,0,0
Belgium,Belgium,2026-07-10,2026-07-13,FIFA World Cup,Spain,1,2,False,loss,True,Inglewood,2041.727684676352,2242.580363995992,0.2393582751330594,-0.2393582751330594,0,True,-1.3544450312077398,0.0153792656500683,0.721052007495328,0.176467885554763,-0.6333930237124118,0.897519893050091,1,1,0
Brazil,Brazil,2010-06-15,2010-06-16,FIFA World Cup,North Korea,2,1,False,win,True,Johannesburg,2145.9174303927834,1629.933114527627,0.9512116243217892,0.0487883756782108,0,True,-0.7350607866448362,-0.1144582753696496,0.3574600446460679,-0.4055599051561552,-0.3776007419987683,-0.0480998605100873,0,0,0
Brazil,Brazil,2010-06-20,2010-06-21,FIFA World Cup,Ivory Coast,3,1,False,win,True,Johannesburg,2148.8447329334763,1834.2375922273652,0.8594856223083771,0.1405143776916229,0,False,,-0.0224729592288573,0.3669113286416725,1.0933510159809874,0.3669113286416725,1.46026234462266,0,0,0
Brazil,Brazil,2010-06-25,2010-06-28,FIFA World Cup,Portugal,0,0,False,draw,True,Durban,2161.4910269257225,1917.9497707830892,0.8024909489224935,-0.3024909489224935,0,True,0.9459546351050432,-0.4211730819107706,-0.2423385255568213,-0.7785122442277967,0.7036161095482218,-1.020850769784618,0,0,1
Brazil,Brazil,2010-06-28,2010-06-29,FIFA World Cup,Chile,3,0,False,win,True,Johannesburg,2143.341569990373,1940.8848047513904,0.7623188476685745,0.2376811523314255,0,True,-0.2423385255568213,0.9459546351050432,-0.7785122442277967,-0.6466972562691691,-1.020850769784618,-1.4252095004969658,0,0,0
Brazil,Brazil,2010-07-02,2010-07-05,FIFA World Cup,Netherlands,1,2,False,loss,True,Port Elizabeth,2168.2980909851726,2102.0618524465785,0.5941833387956684,-0.5941833387956684,1,True,0.6338491497942995,0.0596762464830291,-0.8779747563882297,0.9063032877402356,-0.24412560659393023,0.02832853135200586,0,1,0
Brazil,Brazil,2011-07-03,2011-07-04,Copa América,Venezuela,0,0,False,draw,True,La Plata,2120.4963316133235,1777.509392635267,0.8780820252871194,-0.3780820252871194,0,False,,0.3934271820823598,0.7176901796129498,-1.062490641509211,0.7176901796129498,-0.34480046189626123,0,0,1
Brazil,Brazil,2011-07-09,2011-07-11,Copa América,Paraguay,2,2,False,draw,True,Córdoba,2101.5922303489674,1840.6876170542423,0.8178558486795375,-0.3178558486795375,0,False,,-0.4153397013141862,0.100981533662761,-0.1671599219722415,0.100981533662761,-0.0661783883094805,0,0,1
Brazil,Brazil,2011-07-13,2011-07-14,Copa América,Ecuador,4,2,False,win,True,Córdoba,2085.6994379149905,1747.7782769939713,0.8749256520266663,0.1250743479733337,0,True,0.6491555878966091,-0.1671599219722415,-0.9914215393128428,-0.7965295758975497,-0.3422659514162337,-1.7879511152103924,0,0,0
Brazil,Brazil,2011-07-17,2011-07-18,Copa América,Paraguay,0,0,True,loss,True,La Plata,2095.0800140129904,1853.9283534894212,0.8003016189275476,-0.8003016189275476,1,False,,-0.7965295758975497,0.0229917947720594,-0.7995490127203182,0.0229917947720594,-0.7765572179482588,0,1,0
Brazil,Brazil,2014-06-12,2014-06-13,FIFA World Cup,Croatia,3,1,False,win,False,São Paulo,2184.1734045275352,1846.7611823035231,0.9253904440975308,0.0746095559024693,0,False,,1.3687419524097426,-0.3712794560607595,-0.2662806614099367,-0.3712794560607595,-0.6375601174706962,0,0,0
Brazil,Brazil,2014-06-17,2014-06-18,FIFA World Cup,Mexico,0,0,False,draw,False,Fortaleza,2190.8882645587573,1916.6425073813011,0.8960728696897093,-0.3960728696897093,0,True,-0.6385202137414874,-0.2662806614099367,0.9727839326404192,-1.2802222191990713,0.3342637188989318,-0.30743828655865213,0,0,1
Brazil,Brazil,2014-06-23,2014-06-24,FIFA World Cup,Cameroon,4,1,False,win,False,Brasília,2167.123892377375,1691.142927423896,0.9649605604579248,0.0350394395420752,0,True,-0.7129912478705676,-1.2802222191990713,0.738047841773364,-0.5599905584556251,0.025056593902796465,0.17805728331773896,0,0,0
Brazil,Brazil,2014-06-28,2014-06-30,FIFA World Cup,Chile,1,1,True,win,False,Belo Horizonte,2170.803033529293,2007.3956330307135,0.8199922353805593,0.1800077646194406,0,False,,-0.80783111824318,-0.0268269733434226,-0.6185971912209351,-0.0268269733434226,-0.6454241645643577,0,0,0
Brazil,Brazil,2014-07-04,2014-07-07,FIFA World Cup,Colombia,2,1,False,win,False,Fortaleza,2151.6034994064594,2084.368578491365,0.7236583827141487,0.2763416172858512,0,True,0.3235933020184086,1.1766857810368268,-0.0611779801178111,0.4344662469883281,0.26241532190059746,0.37328826687051697,0,0,0
Brazil,Brazil,2014-07-08,2014-07-10,FIFA World Cup,Germany,1,7,False,loss,False,Belo Horizonte,2168.1839964436103,2160.9388262620696,0.6496162508823418,-0.6496162508823418,1,True,0.4344662469883281,-0.0611779801178111,2.067090697344721,0.3486281067843401,2.501556944333049,2.415718804129061,0,1,0
Brazil,Brazil,2014-07-12,2014-07-14,FIFA World Cup,Netherlands,0,3,False,loss,False,Brasília,2085.357924456112,2135.4479553554797,0.571336194570718,-0.571336194570718,1,False,,0.3486281067843401,1.2490158937527065,0.576311487903431,1.2490158937527065,1.8253273816561375,0,1,0
Brazil,Brazil,2015-06-14,2015-06-15,Copa América,Peru,2,1,False,win,True,Temuco,2111.8598139085543,1767.393698557202,0.8789906404718963,0.1210093595281036,0,False,,-0.0453569376433263,0.1117429793016227,0.902682915022627,0.1117429793016227,1.0144258943242497,0,0,0
Brazil,Brazil,2015-06-17,2015-06-18,Copa América,Colombia,0,1,False,loss,True,Santiago,2117.91028188496,2034.495901744692,0.6177884350819285,-0.6177884350819285,1,True,-0.896709996356415,0.902682915022627,1.0226548672039315,-0.4426545022359932,0.1259448708475165,0.5800003649679384,0,1,0
Brazil,Brazil,2015-06-21,2015-06-22,Copa América,Venezuela,2,1,False,win,True,Santiago,2087.020860130863,1775.2735634624676,0.8574856435734644,0.1425143564265356,0,False,,-0.4426545022359932,-0.73703929136555,-0.4149872834212782,-0.73703929136555,-1.1520265747868281,0,0,0
Brazil,Brazil,2015-06-27,2015-06-29,Copa América,Paraguay,1,1,True,loss,True,Concepción,2094.14657795219,1785.4444076008217,0.8553300577030343,-0.8553300577030343,1,False,,1.765461256529985,0.3262816451555366,0.1677111584516726,0.3262816451555366,0.4939928036072092,0,1,0
Brazil,Brazil,2016-06-04,2016-06-06,Copa América,Ecuador,0,0,False,draw,True,Pasadena,2064.8721874119738,1934.3757511903968,0.6794396534100491,-0.179439653410049,0,False,,1.231090435014151,-0.8796867789138971,-0.2417426731672347,-0.8796867789138971,-1.1214294520811319,0,0,1
Brazil,Brazil,2016-06-08,2016-06-09,Copa América,Haiti,7,1,False,win,True,Orlando,2055.9002047414715,1601.150617339232,0.931995179652207,0.0680048203477929,0,True,1.9111504576446363,-0.2417426731672347,-0.3863550933257849,-1.8192760078528625,1.5247953643188514,-2.205631101178647,0,0,0
Brazil,Brazil,2016-06-12,2016-06-13,Copa América,Peru,0,1,False,loss,True,Foxborough,2063.1257169034243,1849.907814653057,0.7733598432291506,-0.7733598432291506,1,False,,-1.8192760078528625,1.5112387522766093,-1.4000834026843083,1.5112387522766093,0.111155349592301,0,1,0
Brazil,Brazil,2018-06-17,2018-06-18,FIFA World Cup,Switzerland,1,1,False,draw,True,Rostov-on-Don,2190.678687145624,1934.5450588689637,0.8137288335039848,-0.3137288335039848,0,False,,-0.6399035420934955,-1.0298013269935282,3.604476620029394,-1.0298013269935282,2.574675293035866,1,0,1
Brazil,Brazil,2018-06-22,2018-06-25,FIFA World Cup,Costa Rica,2,0,False,win,True,Saint Petersburg,2171.8549571353847,1820.0274287072489,0.8834260813245322,0.1165739186754678,0,True,0.3488825897046019,-2.2982478722668653,1.5621854687339731,0.4569349167932083,1.911068058438575,2.0191203855271813,1,0,0
Brazil,Brazil,2018-06-27,2018-06-28,FIFA World Cup,Serbia,2,0,False,win,True,Moscow,2182.3466098161766,1824.666830689286,0.8868508862759477,0.1131491137240523,0,True,-0.3670005501070715,0.4569349167932083,1.1663727275977125,1.010533762037546,0.799372177490641,2.1769064896352583,1,0,0
Brazil,Brazil,2018-07-02,2018-07-03,FIFA World Cup,Mexico,2,0,False,win,True,Samara,2192.5300300513413,1911.3525630776344,0.8346002518287553,0.1653997481712447,0,True,0.341826958444851,1.010533762037546,1.1717416765983706,1.432065454414733,1.5135686350432216,2.6038071310131037,1,0,0
Brazil,Brazil,2018-07-06,2018-07-10,FIFA World Cup,Belgium,1,2,False,loss,True,Kazan,2207.4160073867533,2071.184517455715,0.6865870769092315,-0.6865870769092315,1,True,0.0578982285448523,-0.8283849308593458,-1.1016572514322347,0.3407921776161756,-1.0437590228873823,-0.7608650738160592,1,1,0
Brazil,Brazil,2019-06-14,2019-06-17,Copa América,Bolivia,3,0,False,win,False,São Paulo,2189.206148225356,1671.440296718764,0.9722437661113646,0.0277562338886353,0,True,-0.403321556879503,0.1565381598739567,0.4506415668690827,0.746320722418413,0.04732000998957969,1.1969622892874956,1,0,0
Brazil,Brazil,2019-06-18,2019-06-19,Copa América,Venezuela,0,0,False,draw,False,Salvador,2191.634818690612,1835.071346807284,0.9326539896631174,-0.4326539896631174,0,True,0.746320722418413,0.4506415668690827,0.6792722356213672,1.0192275307612886,1.4255929580397801,1.6984997663826558,1,0,1
Brazil,Brazil,2019-06-22,2019-06-24,Copa América,Peru,5,0,False,win,False,São Paulo,2170.002119207456,1912.7063466470663,0.8866288788639082,0.1133711211360918,0,False,,1.0192275307612886,0.152356653308435,-1.33721772066697,0.152356653308435,-1.184861067358535,1,0,0
Brazil,Brazil,2019-06-27,2019-06-28,Copa América,Paraguay,0,0,True,win,False,Porto Alegre,2181.339231321065,1782.7074591144576,0.9463613820503408,0.0536386179496591,0,True,-0.2746647624997512,0.4959846040637964,-0.0870906348395844,-0.2409337672357286,-0.3617553973393356,-0.328024402075313,1,0,0
Brazil,Brazil,2019-07-02,2019-07-03,Copa América,Argentina,2,0,False,win,False,Belo Horizonte,2159.021162218548,1983.2477125762807,0.8302612028575389,0.1697387971424611,0,True,-0.9003503129629933,-0.2409337672357286,0.9235092798790068,1.5597885114373151,0.02315896691601349,2.483297791316322,1,0,0
Brazil,Brazil,2019-07-07,2019-07-08,Copa América,Peru,3,1,False,win,False,Rio de Janeiro,2171.7515720042325,1958.2479663013523,0.8587166820066804,0.1412833179933196,0,False,,0.7885697064091937,0.8010647012091676,0.8329648345499152,0.8010647012091676,1.6340295357590828,1,0,0
Brazil,Brazil,2021-06-13,2021-06-14,Copa América,Venezuela,3,0,False,win,False,Brasília,2206.7380201692818,1827.8641193341275,0.9402861223008188,0.0597138776991812,0,False,,-0.6579859036093497,0.3840781635873073,0.0607735047903216,0.3840781635873073,0.4448516683776289,1,0,0
Brazil,Brazil,2021-06-17,2021-06-18,Copa América,Peru,4,0,False,win,False,Rio de Janeiro,2211.9629844679603,1856.3324448026965,0.9323158879013396,0.0676841120986604,0,True,-0.8246356091395961,-0.159259959235613,1.2927840883386144,-0.3144388998212133,0.46814847919901825,0.978345188517401,1,0,0
Brazil,Brazil,2021-06-23,2021-06-24,Copa América,Colombia,2,1,False,win,False,Rio de Janeiro,2218.3083699772096,1965.4993430612024,0.8840066799177096,0.1159933200822903,0,True,-0.1136985189049043,-0.6733131192804718,0.2711023154252788,-2.0612271749254774,0.1574037965203745,-1.7901248595001986,1,0,0
Brazil,Brazil,2021-06-27,2021-06-28,Copa América,Ecuador,1,1,False,draw,False,Goiânia,2224.108035981324,1848.4061926813204,0.9392525864811896,-0.4392525864811895,0,False,,-2.0612271749254774,0.1610563183240319,-0.125369541365242,0.1610563183240319,0.035686776958789884,1,0,1
Brazil,Brazil,2021-07-02,2021-07-05,Copa América,Chile,1,0,False,win,False,Rio de Janeiro,2202.1454066572646,1866.8008794602947,0.9245644802801852,0.0754355197198146,0,True,1.18640677648647,-1.252104348069134,-0.5472697977030401,-1.1318920032131046,0.63913697878343,-1.6791618009161446,1,0,0
Brazil,Brazil,2021-07-05,2021-07-06,Copa América,Peru,1,0,False,win,False,Rio de Janeiro,2205.9171826432557,1901.77006876306,0.91104468645378,0.08895531354622,0,True,-0.5472697977030401,1.18640677648647,-1.1318920032131046,1.3278021673995262,-1.6791618009161446,0.1959101641864216,1,0,0
Brazil,Brazil,2021-07-10,2021-07-12,Copa América,Argentina,0,1,False,loss,False,Rio de Janeiro,2210.3649483205663,2090.497119449466,0.7799990715804104,-0.7799990715804104,1,False,,-0.40171330606902,0.4022614200161314,0.7646173352348102,0.4022614200161314,1.1668787552509416,1,1,0
Brazil,Brazil,2022-11-24,2022-11-25,FIFA World Cup,Serbia,2,0,False,win,True,Lusail,2232.0624092540484,1950.6032597579197,0.8348239658967632,0.1651760341032367,0,True,2.8716317784036547,-0.8955993425099404,-2.660564472874813,0.9516959560226954,0.21106730552884168,-1.7088685168521176,1,0,0
Brazil,Brazil,2022-11-28,2022-11-29,FIFA World Cup,Switzerland,1,0,False,win,True,Doha,2246.92825232334,1977.694002130925,0.8248901778588179,0.1751098221411821,0,True,0.9516959560226954,-2.660564472874813,1.7064219894778512,-0.7860589548820602,2.6581179455005466,0.9203630345957909,1,0,0
Brazil,Brazil,2022-12-02,2022-12-05,FIFA World Cup,Cameroon,0,1,False,loss,True,Lusail,2257.4348416518105,1723.0407465557869,0.9559011031992656,-0.9559011031992656,1,True,0.9574863412463256,-1.41555820203812,-0.9527940826506228,0.8785666946607925,0.00469225859570277,-0.0742273879898303,1,1,0
Brazil,Brazil,2022-12-05,2022-12-06,FIFA World Cup,South Korea,4,1,False,win,True,Doha,2200.0807754598545,1898.5942317887009,0.8501140764521133,0.1498859235478866,0,True,-0.9527940826506228,0.9574863412463256,0.8785666946607925,-0.0682232800389674,-0.0742273879898303,0.8103434146218251,1,0,0
Brazil,Brazil,2022-12-09,2022-12-12,FIFA World Cup,Croatia,1,1,True,loss,True,Al Rayyan,2215.818797432383,2002.0166505898044,0.7739487809617628,-0.7739487809617628,1,True,0.8040216118199074,-2.5731253883850806,-3.00413926047528,-1.4064341878771198,-2.2001176486553726,-4.4105734483524,1,1,0
Brazil,Brazil,2024-06-24,2024-06-25,Copa América,Costa Rica,0,0,False,draw,True,Inglewood,2096.6617294310613,1734.1435458557564,0.889615774186128,-0.389615774186128,0,True,0.9640051775117132,1.0320114961984874,-0.4961247369938636,0.3415729284680307,0.4678804405178496,-0.1545518085258329,1,0,1
Brazil,Brazil,2024-06-28,2024-07-01,Copa América,Paraguay,4,1,False,win,True,Las Vegas,2077.1809407217547,1777.0042981608435,0.8491507394251195,0.1508492605748804,0,True,-0.1782507148287866,1.221177295561385,0.4995250329792473,-0.3669171977115197,0.3212743181504607,0.13260783526772757,1,0,0
Brazil,Brazil,2024-07-02,2024-07-03,Copa América,Colombia,1,1,False,draw,True,Santa Clara,2090.3802510220567,2102.976774423252,0.4818800843254937,0.0181199156745062,0,True,-0.3669171977115197,0.4995250329792473,0.1417014807252349,0.4129858855437454,-0.22521571698628481,0.5546873662689803,1,0,1
Brazil,Brazil,2024-07-06,2024-07-08,Copa América,Uruguay,0,0,True,loss,True,Las Vegas,2091.286246805782,2103.821638027941,0.4819679456209502,-0.4819679456209502,0,False,,-0.3760187672988327,0.2307128242730343,0.4486033764177439,0.2307128242730343,0.6793162006907782,1,1,0
Brazil,Brazil,2026-06-13,2026-06-15,FIFA World Cup,Morocco,1,1,False,draw,True,East Rutherford,2069.044793196697,1985.0645253100688,0.6185573222191565,-0.1185573222191564,0,False,,-0.4567266412888662,-1.198246739959176,-0.0787280091959146,-1.198246739959176,-1.2769747491550907,1,0,1
Brazil,Brazil,2026-06-19,2026-06-22,FIFA World Cup,Haiti,3,0,False,win,True,Philadelphia,2061.9313538635474,1688.7144521756209,0.8955200277028899,0.1044799722971101,0,True,0.2107634743529623,-1.1173824667142165,1.1195393899672168,2.0811370504363884,1.330302864320179,3.200676440403605,1,0,0
Brazil,Brazil,2026-06-24,2026-06-25,FIFA World Cup,Scotland,3,0,False,win,True,Miami Gardens,2072.901750954744,1843.862136610144,0.7889250442116076,0.2110749557883924,0,True,-0.424585590950812,2.0811370504363884,0.609623814835814,0.9666137907464608,0.18503822388500196,1.5762376055822749,1,0,0
Brazil,Brazil,2026-06-29,2026-06-30,FIFA World Cup,Japan,2,1,False,win,True,Houston,2095.064621312525,1994.7662077325251,0.6404606558903294,0.3595393441096706,0,True,-0.8518898863922539,0.9666137907464608,-1.234055945133126,0.2441702678929682,-2.08594583152538,-0.9898856772401579,1,0,0
Brazil,Brazil,2026-07-05,2026-07-06,FIFA World Cup,Norway,1,2,False,loss,True,East Rutherford,2116.636981959105,2002.629223333481,0.6584245655995992,-0.6584245655995992,1,False,,0.8390907131901876,-1.967601665193891,0.5336567109768108,-1.967601665193891,-1.4339449542170803,1,1,0
France,France,2010-06-11,2010-06-14,FIFA World Cup,Uruguay,0,0,False,draw,True,Cape Town,1885.8128719936467,1874.0816405221549,0.5168761862310551,-0.0168761862310551,0,True,0.062922879611994,-0.8312516746197107,1.8986721455814823,-1.3333347234880968,1.9615950251934764,0.5653374220933856,0,0,1
France,France,2010-06-17,2010-06-18,FIFA World Cup,Mexico,0,2,False,loss,True,Polokwane,1884.8003008197836,1954.245143033348,0.4013708096651808,-0.4013708096651808,0,True,0.1038557528046692,-0.1522717910625199,0.2307606882101758,1.079705531296946,0.334616441014845,1.3104662195071217,0,1,0
France,France,2010-06-22,2010-06-23,FIFA World Cup,South Africa,1,2,False,loss,False,Bloemfontein,1848.6769279499167,1655.7312741667156,0.6306574217408281,-0.6306574217408281,1,True,0.3082120743308789,1.079705531296946,-0.4310200963263049,-0.6657368344587067,-0.12280802199542601,-1.0967569307850116,0,1,0
France,France,2012-06-11,2012-06-12,UEFA Euro,England,1,1,False,draw,True,Donetsk,1894.4827994374589,1977.0116864148065,0.3834158918461209,0.116584108153879,0,True,0.8384112066601266,-0.7477484389002375,-0.8492370709771835,-0.1912617331227,-0.010825864317056899,-1.0404988040998835,0,0,1
France,France,2012-06-15,2012-06-18,UEFA Euro,Ukraine,2,0,False,win,False,Donetsk,1900.3120048451528,1807.919070766244,0.4890543011477973,0.5109456988522026,0,True,0.5692163703249657,-0.5769632013742537,-1.024845263509439,0.4379654996544464,-0.4556288931844732,-0.5868797638549925,0,0,0
France,France,2012-06-19,2012-06-20,UEFA Euro,Sweden,0,2,False,loss,True,Kyiv,1938.632932259068,1868.043636469166,0.600211071602256,-0.600211071602256,1,True,0.4379654996544464,-1.024845263509439,-0.1198419729002681,3.158048417484012,0.3181235267541783,3.0382064445837442,0,1,0
France,France,2012-06-23,2012-06-25,UEFA Euro,Spain,0,2,False,loss,True,Donetsk,1893.6171018888988,2167.486641301065,0.1712889284491334,-0.1712889284491334,0,False,,-0.4555317461397623,-0.7527417105189278,-0.3795274628934423,-0.7527417105189278,-1.1322691734123702,0,1,0
France,France,2014-06-15,2014-06-16,FIFA World Cup,Honduras,3,0,False,win,True,Porto Alegre,1929.89859569928,1755.6537715014852,0.7316546488540602,0.2683453511459398,0,False,,-0.3566040977994805,-0.7424178761473001,0.5374340493511494,-0.7424178761473001,-0.2049838267961508,0,0,0
France,France,2014-06-20,2014-06-23,FIFA World Cup,Switzerland,5,2,False,win,True,Salvador,1958.074857569604,1908.2178008482792,0.5712615959196726,0.4287384040803274,0,True,-0.5435457656303502,0.3415187230786923,-0.4888419529964602,0.7133530876297934,-1.0323877186268104,0.22451113463333322,0,0,0
France,France,2014-06-25,2014-06-26,FIFA World Cup,Ecuador,0,0,False,draw,True,Rio de Janeiro,2003.092389998038,1874.0800031147887,0.6775761579705228,-0.1775761579705228,0,True,-0.0896990106509938,0.7133530876297934,-0.2895536311118254,-0.2471393605054438,-0.3792526417628192,-0.5366929916172692,0,0,1
France,France,2014-06-30,2014-07-01,FIFA World Cup,Nigeria,2,0,False,win,True,Brasília,1992.4378205198063,1833.4401931074976,0.7140761140789585,0.2859238859210414,0,True,-0.4099053160205894,-0.2471393605054438,0.1774143786602835,-0.702888776148921,-0.23249093736030588,-0.5254743974886374,0,0,0
France,France,2014-07-04,2014-07-07,FIFA World Cup,Germany,0,1,False,loss,True,Rio de Janeiro,2018.1709702527005,2141.13415549333,0.3300778461456555,-0.3300778461456555,0,True,-0.5632226293203726,0.5384340242890309,-0.9980346012456598,-0.5865600367496776,-1.5612572305660324,-1.5845946379953375,0,1,0
France,France,2016-06-10,2016-06-13,UEFA Euro,Romania,2,1,False,win,False,Saint-Denis,2016.7703526233656,1792.240096358987,0.8662436461769537,0.1337563538230463,0,True,-0.5060433720634723,-0.39356683694356,-0.5002027785019436,-1.449524017209978,-1.0062461505654159,-1.9497267957119215,0,0,0
France,France,2016-06-15,2016-06-16,UEFA Euro,Albania,2,0,False,win,False,Marseille,2023.458170314518,1657.6282125901162,0.935928101457423,0.064071898542577,0,True,0.8871378143820989,-1.449524017209978,-0.5649141201736575,0.7354242871099524,0.32222369420844144,0.17051016693629495,0,0,0
France,France,2016-06-19,2016-06-20,UEFA Euro,Switzerland,0,0,False,draw,False,Villeneuve-d'Ascq,2028.2635627052111,1821.364149889092,0.854041198306797,-0.354041198306797,0,False,,0.7354242871099524,2.140155910312591,-0.1183166145735112,2.140155910312591,2.02183929573908,0,0,1
France,France,2016-06-26,2016-06-27,UEFA Euro,Republic of Ireland,2,1,False,win,False,Lyon,2010.5615027898716,1821.163850157886,0.8410293283323498,0.1589706716676502,0,False,,-3.807293448785136,1.0695184577181605,-0.056366680244678,1.0695184577181605,1.0131517774734824,0,0,0
France,France,2016-07-03,2016-07-04,UEFA Euro,Iceland,5,2,False,win,False,Saint-Denis,2018.5100363732536,1786.5658587735213,0.8711117239572606,0.1288882760427394,0,False,,0.377319051162203,-0.9529384167685764,-0.5636383794628013,-0.9529384167685764,-1.5165767962313776,0,0,0
France,France,2016-07-07,2016-07-08,UEFA Euro,Germany,2,0,False,win,False,Marseille,2029.7877605269932,2092.4124588528466,0.5535808569574169,0.4464191430425831,0,True,0.9812190132743436,-1.7437917217310082,0.4563887623650364,0.642674308907804,1.43760777563938,1.0990630712728404,0,0,0
France,France,2016-07-10,2016-07-11,UEFA Euro,Portugal,0,1,False,loss,False,Saint-Denis,2063.269196255187,1957.388680510631,0.7658713610438537,-0.7658713610438537,1,False,,0.4563887623650364,0.642674308907804,0.511037958922498,0.642674308907804,1.153712267830302,0,1,0
France,France,2018-06-16,2018-06-18,FIFA World Cup,Australia,2,1,False,win,True,Kazan,2029.141449350306,1831.7117468420845,0.757035852953706,0.242964147046294,0,False,,-0.2135728056415304,-0.5629392462199505,0.1472254179284799,-0.5629392462199505,-0.41571382829147063,1,0,0
France,France,2018-06-21,2018-06-22,FIFA World Cup,Peru,1,0,False,win,True,Ekaterinburg,2043.719298173084,1966.33265020372,0.6095624461055872,0.3904375538944128,0,True,-0.6136242171427898,-0.0888335313103875,1.1702543550303743,-1.132219479611541,0.5566301378875845,0.038034875418833325,1,0,0
France,France,2018-06-26,2018-06-27,FIFA World Cup,Denmark,0,0,False,draw,True,Moscow,2067.1455514067484,1915.2986828226528,0.7055982804632328,-0.2055982804632328,0,True,0.1843644427696952,-1.132219479611541,1.4697590823435118,-1.0837078283052437,1.654123525113207,0.3860512540382681,1,0,1
France,France,2018-06-30,2018-07-02,FIFA World Cup,Argentina,4,3,False,win,True,Kazan,2054.8096545789545,1979.0678346223224,0.6073066829859903,0.3926933170140096,0,False,,0.4930584289414251,-0.7872129932882103,0.8851458006010694,-0.7872129932882103,0.09793280731285914,1,0,0
France,France,2018-07-06,2018-07-09,FIFA World Cup,Uruguay,2,0,False,win,True,Nizhny Novgorod,2078.371253599795,2040.6616149557624,0.5540564320002337,0.4459435679997663,0,True,-0.4349159186842104,0.4092831834024398,-0.3536721822891194,0.3358514293049801,-0.7885881009733298,-0.01782075298413932,1,0,0
France,France,2018-07-10,2018-07-11,FIFA World Cup,Belgium,1,0,False,win,True,Saint Petersburg,2118.506174719774,2112.379742070269,0.5088157316259838,0.4911842683740162,0,True,0.3358514293049801,-0.3536721822891194,-0.7640837027604953,0.6345049737835337,-0.42823227345551523,-0.12957872897696165,1,0,0
France,France,2018-07-15,2018-07-16,FIFA World Cup,Croatia,4,2,False,win,True,Moscow,2147.977230822215,2026.448845832382,0.6680932312627538,0.3319067687372462,0,False,,0.137831953046745,-0.2989636170335494,0.036552258570696,-0.2989636170335494,-0.2624113584628534,1,0,0
France,France,2021-06-15,2021-06-16,UEFA Euro,Germany,1,0,False,win,False,Munich,2136.674719135518,1986.312681014432,0.5719734127201911,0.4280265872798089,0,True,0.4305750994157084,0.0428670737243183,0.6638762706594127,0.4772270564539757,1.094451370075121,1.1411033271133884,1,0,0
France,France,2021-06-19,2021-06-21,UEFA Euro,Hungary,1,1,False,draw,False,Budapest,2158.0760484995085,1769.80575965751,0.8401597501662034,-0.3401597501662033,0,False,,-0.5615163483247714,0.0581594146165065,-0.3717973956683009,0.0581594146165065,-0.3136379810517944,1,0,1
France,France,2021-06-23,2021-06-24,UEFA Euro,Portugal,2,2,False,draw,True,Budapest,2141.0680609911983,2064.457240046291,0.6084990324799058,-0.1084990324799057,0,True,-0.8757783559043304,-0.3717973956683009,0.8164408271167563,-0.5271132833792586,-0.059337528787574145,0.2893275437374977,1,0,1
France,France,2021-06-28,2021-06-29,UEFA Euro,Switzerland,3,3,True,loss,True,Bucharest,2135.643109367203,1970.1886638889248,0.7216040799328488,-0.7216040799328488,1,True,-1.042784203220276,-0.5271132833792586,0.1355057386754256,-0.6569125080031948,-0.9072784645448505,-0.5214067693277692,1,1,0
France,France,2022-11-22,2022-11-23,FIFA World Cup,Australia,4,1,False,win,True,Al Wakrah,2047.7549946380236,1831.4669081698748,0.776442564445149,0.2235574355548509,0,True,-0.3152359641203956,0.1716006242642823,-0.4328292990346799,0.2632420958450456,-0.7480652631550755,-0.16958720318963433,1,0,0
France,France,2022-11-26,2022-11-28,FIFA World Cup,Denmark,2,1,False,win,True,Doha,2071.2285253712826,2003.481503852104,0.5962786561425171,0.4037213438574829,0,False,,0.0369921674967503,0.221355267567042,0.2548085590082047,0.221355267567042,0.4761638265752467,1,0,0
France,France,2022-11-30,2022-12-01,FIFA World Cup,Tunisia,0,1,False,loss,True,Al Rayyan,2095.451806002732,1799.9122775317194,0.8456995242535242,-0.8456995242535242,1,True,-0.7915710202654653,0.2548085590082047,-0.467241431596388,-0.1374945202975015,-1.2588124518618533,-0.6047359518938895,1,1,0
France,France,2022-12-04,2022-12-05,FIFA World Cup,Poland,3,1,False,win,True,Doha,2044.70983454752,1889.23508678349,0.7099177451706729,0.2900822548293271,0,False,,-0.1374945202975015,0.4572535543617726,0.936225882585834,0.4572535543617726,1.3934794369476067,1,0,0
France,France,2022-12-10,2022-12-12,FIFA World Cup,England,2,1,False,win,True,Al Khor,2070.81723748216,2065.1233527162267,0.5081934253559205,0.4918065746440795,0,False,,0.6053822964993596,-0.8597133306814698,1.1317744524049604,-0.8597133306814698,0.2720611217234906,1,0,0
France,France,2022-12-14,2022-12-15,FIFA World Cup,Morocco,2,0,False,win,True,Al Khor,2100.3256319608045,2009.9270855305656,0.627235651591919,0.372764348408081,0,True,0.0150497395330951,1.1317744524049604,-1.45170629564569,0.0968333191123811,-1.436656556112595,-1.354872976533309,1,0,0
France,France,2022-12-18,2022-12-19,FIFA World Cup,Argentina,3,3,True,loss,True,Lusail,2133.874423317532,2210.76934285012,0.3911114380206161,-0.3911114380206161,0,False,,0.0968333191123811,0.936568930619068,-0.3523791387881657,0.936568930619068,0.5841897918309022,1,1,0
France,France,2024-06-17,2024-06-18,UEFA Euro,Austria,1,0,False,win,True,Düsseldorf,2138.765057896788,1914.393727732144,0.7844153799223792,0.2155846200776208,0,True,0.5524423904456717,-2.4927478581782294,0.3636395955633533,-0.8496749506550089,0.916081986009025,-0.4860353550916556,1,0,0
France,France,2024-06-21,2024-06-24,UEFA Euro,Netherlands,0,0,False,draw,True,Leipzig,2149.544288900669,2058.727578782184,0.6277982958835037,-0.1277982958835036,0,True,-0.2472646796104305,1.4686380743653762,1.06290392598664,-0.7824857464001056,0.8156392463762094,0.28041817958653437,1,0,1
France,France,2024-06-25,2024-06-26,UEFA Euro,Poland,1,1,False,draw,True,Dortmund,2143.1543741064943,1767.614812825782,0.8967644064450878,-0.3967644064450878,0,True,-0.7824857464001056,1.06290392598664,-0.6774778743195968,-1.0909329188420511,-1.4599636207197024,-1.768410793161648,1,0,1
France,France,2024-07-01,2024-07-02,UEFA Euro,Belgium,1,0,False,win,True,Düsseldorf,2123.31615378424,2011.489178425658,0.655595651709175,0.344404348290825,0,True,1.032366448610487,-0.5789258509745467,-0.6688268737907417,0.6690055271385102,0.3635395748197454,0.00017865334776856479,1,0,0
France,France,2024-07-05,2024-07-08,UEFA Euro,Portugal,0,0,True,win,True,Hamburg,2140.536371198781,2008.4196504505453,0.6814677016293902,0.3185322983706098,0,True,-0.6153192347483516,0.6840105099614243,-0.7431412475200629,-1.5420502986008322,-1.3584604822684145,-2.2851915461208954,1,0,0
France,France,2024-07-09,2024-07-10,UEFA Euro,Spain,1,2,False,loss,True,Munich,2131.462986117312,2169.119434239463,0.4460192218506267,-0.4460192218506267,0,True,-1.5420502986008322,-0.7431412475200629,0.2270952142184851,0.7427405572391297,-1.3149550843823472,0.9698357714576148,1,1,0
France,France,2026-06-16,2026-06-17,FIFA World Cup,Senegal,3,1,False,win,True,East Rutherford,2125.1815685484867,1913.7604257625003,0.7715418599718417,0.2284581400281583,0,True,0.8281251196265658,-0.3218224554058467,0.5381878277434209,-0.1230373006034045,1.3663129473699867,0.4151505271400164,1,0,0
France,France,2026-06-22,2026-06-23,FIFA World Cup,Iraq,3,0,False,win,True,Philadelphia,2145.742801151021,1716.3420600582465,0.9221432056933808,0.077856794306619,0,True,-0.1782816376620879,-0.81332037320952,0.6143528542775822,1.075383896936664,0.4360712166154943,1.6897367512142463,1,0,0
France,France,2026-06-26,2026-06-29,FIFA World Cup,Norway,4,1,False,win,True,Foxborough,2153.917764553216,2015.109059411238,0.6897706178387455,0.3102293821612545,0,True,-0.4376359604099837,0.3943807010940342,-0.7747631215132037,-0.2400291578596632,-1.2123990819231873,-1.014792279372867,1,0,0
France,France,2026-06-30,2026-07-01,FIFA World Cup,Sweden,3,0,False,win,True,East Rutherford,2186.4918496801474,1810.0217059336796,0.8972592811686905,0.1027407188313095,0,True,-0.2400291578596632,-0.7747631215132037,-0.5994141564853029,1.754010779972813,-0.8394433143449661,1.1545966234875102,1,0,0
France,France,2026-07-04,2026-07-06,FIFA World Cup,Paraguay,1,0,False,win,True,Philadelphia,2197.279625157435,1910.6333740682517,0.8389003030167307,0.1610996969832693,0,False,,0.3977468955399798,-1.0628430247928409,-0.1439029446478545,-1.0628430247928409,-1.2067459694406955,1,0,0
France,France,2026-07-09,2026-07-10,FIFA World Cup,Morocco,2,0,False,win,True,Foxborough,2206.945606976431,2056.1153145982616,0.7043812117920387,0.2956187882079613,0,True,0.5233722039632462,-1.7495099534905298,-0.2661033541599854,0.9367396273736208,0.25726884980326087,0.6706362732136355,1,0,0
France,France,2026-07-14,2026-07-15,FIFA World Cup,Spain,0,2,False,loss,True,Arlington,2233.551297915148,2256.941860503975,0.4663890391708537,-0.4663890391708537,0,True,-0.1290923124955746,0.9367396273736208,-0.1791405844542808,0.3486642392510951,-0.3082328969498554,0.16952365479681428,1,1,0
France,France,2026-07-18,2026-07-20,FIFA World Cup,England,4,6,False,loss,True,Miami Gardens,2191.576284389771,2148.2893385059715,0.5619745845419478,-0.5619745845419478,1,False,,0.2645864861407762,0.4327717443341744,-0.3854037279618375,0.4327717443341744,0.04736801637233695,1,1,0
Germany,Germany,2010-06-13,2010-06-14,FIFA World Cup,Australia,4,0,False,win,True,Durban,1979.5968334589672,1857.3240023390376,0.6690428051486181,0.3309571948513818,0,False,,-1.2002608432291928,1.1794099880846052,-1.3533011800108137,1.1794099880846052,-0.1738911919262085,0,0,0
Germany,Germany,2010-06-18,2010-06-21,FIFA World Cup,Serbia,0,1,False,loss,True,Port Elizabeth,2016.829517879748,1831.742592616686,0.7437299043195349,-0.7437299043195349,1,True,-0.0177233293244263,0.4219267061176068,0.9756876765700973,0.6501195872377115,0.9579643472456709,1.6258072638078087,0,1,0
Germany,Germany,2010-06-23,2010-06-24,FIFA World Cup,Ghana,1,0,False,win,True,Johannesburg,1972.205723620576,1814.8005267930016,0.7122008553535276,0.2877991446464724,0,True,0.1827028970966464,0.6501195872377115,0.1741291067546921,-0.915871675140176,0.3568320038513385,-0.7417425683854839,0,0,0
Germany,Germany,2010-06-27,2010-06-28,FIFA World Cup,England,4,1,False,win,True,Bloemfontein,1989.473672299364,1998.142569306808,0.4875270426292603,0.5124729573707396,0,False,,-0.915871675140176,1.9584468229899288,-0.5139286028774435,1.9584468229899288,1.4445182201124853,0,0,0
Germany,Germany,2010-07-03,2010-07-05,FIFA World Cup,Argentina,4,0,False,win,True,Cape Town,2043.283332823292,2052.2322400526155,0.4871243344769509,0.5128756655230491,0,False,,-0.2138292271694806,-0.2231852102500325,1.0567482561469468,-0.2231852102500325,0.8335630458969143,0,0,0
Germany,Germany,2010-07-07,2010-07-08,FIFA World Cup,Spain,0,1,False,loss,True,Durban,2100.981845194635,2142.4089140099886,0.4406625970131512,-0.4406625970131512,0,True,-1.743782925900592,1.0567482561469468,-0.8257821309769113,-0.2692001382116292,-2.5695650568775035,-1.0949822691885405,0,1,0
Germany,Germany,2010-07-10,2010-07-12,FIFA World Cup,Uruguay,3,2,False,win,True,Port Elizabeth,2074.5420893738456,1944.6739362134708,0.678651422970925,0.321348577029075,0,False,,-0.2692001382116292,0.4708404519134077,0.6700597061237976,0.4708404519134077,1.1409001580372053,0,0,0
Germany,Germany,2012-06-09,2012-06-11,UEFA Euro,Portugal,1,0,False,win,True,Lviv,2073.804411725004,1894.4238864035915,0.7374191284041852,0.2625808715958148,0,False,,-0.3464915792544612,1.197733486127728,-0.5816739866306397,1.197733486127728,0.6160594994970883,0,0,0
Germany,Germany,2012-06-13,2012-06-14,UEFA Euro,Netherlands,2,1,False,win,True,Kharkiv,2086.933455304795,2046.437304337377,0.5580161554720311,0.4419838445279689,0,True,0.1455667397352079,-0.5816739866306397,-0.8407476540666587,0.2797042563198872,-0.6951809143314509,-0.5610433977467715,0,0,0
Germany,Germany,2012-06-17,2012-06-18,UEFA Euro,Denmark,2,1,False,win,True,Lviv,2109.0326475311936,1858.1570164450095,0.809097441056665,0.1909025589433349,0,False,,0.2797042563198872,-0.0495405358851835,0.6546949266596531,-0.0495405358851835,0.6051543907744696,0,0,0
Germany,Germany,2012-06-22,2012-06-25,UEFA Euro,Greece,4,2,False,win,True,Gdańsk,2118.5777754783603,1817.376255279496,0.8499048946834933,0.1500951053165067,0,True,-0.9258514010578968,2.51419872243425,-0.7375630811041436,0.0120883315610421,-1.6634144821620405,-0.7254747495431015,0,0,0
Germany,Germany,2012-06-28,2012-06-29,UEFA Euro,Italy,1,2,False,loss,True,Warsaw,2129.834908377098,1936.7007366322516,0.7524588839171107,-0.7524588839171107,1,True,-1.354156383463255,0.6057218600577057,1.7938455649659604,0.0499054180606701,0.4396891815027053,1.8437509830266305,0,1,0
Germany,Germany,2014-06-16,2014-06-17,FIFA World Cup,Portugal,4,0,False,win,True,Salvador,2105.350649718197,1976.695598436368,0.6771266102904342,0.3228733897095658,0,True,-0.3247036966328361,-0.3768054450237013,0.3124060952010513,-0.6094866708601832,-0.012297601431784821,-0.2970805756591319,0,0,0
Germany,Germany,2014-06-21,2014-06-23,FIFA World Cup,Ghana,2,2,False,draw,True,Fortaleza,2141.673906060524,1786.6917171983232,0.8852832639322469,-0.3852832639322469,0,False,,-0.2549329772379181,-0.6123792968998066,0.7613894267547328,-0.6123792968998066,0.14901012985492612,0,0,1
Germany,Germany,2014-06-26,2014-06-27,FIFA World Cup,United States,1,0,False,win,True,Recife,2118.556910224589,1949.093646098925,0.7262161884000004,0.2737838115999996,0,True,-0.4651724512137364,0.398244026653807,-0.0922290031603969,0.0735950954962566,-0.5574014543741332,-0.01863390766414029,0,0,0
Germany,Germany,2014-06-30,2014-07-01,FIFA World Cup,Algeria,2,1,False,win,True,Porto Alegre,2134.983938920589,1758.0665182111766,0.8974963904543151,0.1025036095456849,0,True,0.0735950954962566,-0.0922290031603969,0.0441944010397744,-0.2585573090192938,0.117789496536031,-0.2143629079795194,0,0,0
Germany,Germany,2014-07-04,2014-07-07,FIFA World Cup,France,1,0,False,win,True,Rio de Janeiro,2141.13415549333,2018.1709702527005,0.6699221538543445,0.3300778461456555,0,True,-0.3237990281621754,0.7210207201129661,-0.6574109718344321,-0.5664121295940292,-0.9812099999966075,-1.2238231014284613,0,0,0
Germany,Germany,2014-07-08,2014-07-09,FIFA World Cup,Brazil,7,1,False,win,False,Belo Horizonte,2160.9388262620696,2168.1839964436103,0.3503837491176583,0.6496162508823418,0,True,-0.5664121295940292,-0.6574109718344321,0.2009762716517407,-1.0661947348447904,-0.3654358579422885,-0.8652184631930497,0,0,0
Germany,Germany,2014-07-13,2014-07-14,FIFA World Cup,Argentina,1,0,False,win,True,Rio de Janeiro,2243.764898249568,2128.2535819902478,0.6603684508828553,0.3396315491171446,0,False,,0.1829853788941456,0.6827292960550232,-0.6172879673321338,0.6827292960550232,0.06544132872288944,0,0,0
Germany,Germany,2016-06-12,2016-06-13,UEFA Euro,Ukraine,2,0,False,win,True,Villeneuve-d'Ascq,2079.686903879432,1867.359694947172,0.7724599094678477,0.2275400905321523,0,False,,-0.9147692758004822,-0.5268109906659406,-0.6341994862278095,-0.5268109906659406,-1.1610104768937501,0,0,0
Germany,Germany,2016-06-16,2016-06-17,UEFA Euro,Poland,0,0,False,draw,True,Saint-Denis,2096.752410669344,1835.9823959186683,0.8177403983963302,-0.3177403983963301,0,True,-0.7243610321792239,0.8105137067183544,0.5959049808205221,2.136563405967139,-0.12845605135870175,2.732468386787661,0,0,1
Germany,Germany,2016-06-21,2016-06-22,UEFA Euro,Northern Ireland,1,0,False,win,True,Paris,2080.8653907495277,1692.5823475516795,0.9033607382948488,0.0966392617051512,0,True,-0.1907820177898762,2.136563405967139,1.6157332448588997,0.6188677767887498,1.4249512270690234,2.2346010216476495,0,0,0
Germany,Germany,2016-06-26,2016-06-27,UEFA Euro,Slovakia,3,0,False,win,True,Villeneuve-d'Ascq,2085.6973538347847,1810.206960445341,0.8300314515519568,0.1699685484480432,0,False,,-2.866871355758992,-0.2213069427469154,0.5345410234251771,-0.2213069427469154,0.31323408067826164,0,0,0
Germany,Germany,2016-07-02,2016-07-04,UEFA Euro,Italy,1,1,True,win,True,Bordeaux,2100.5696018239887,1982.9050659065963,0.6631428594228433,0.3368571405771566,0,False,,0.4913140836355849,-0.7442504609152746,-0.795555733744127,-0.7442504609152746,-1.5398061946594015,0,0,0
Germany,Germany,2016-07-07,2016-07-08,UEFA Euro,France,0,2,False,loss,False,Marseille,2092.4124588528466,2029.7877605269932,0.4464191430425832,-0.4464191430425832,0,True,0.6355098795398005,-1.5387899979721762,0.9922212415251492,1.013079704926724,1.6277311210649499,2.0053009464518734,0,1,0
Germany,Germany,2018-06-17,2018-06-18,FIFA World Cup,Mexico,0,1,False,loss,True,Moscow,2126.2989194671427,1923.686099899353,0.7624815750223659,-0.7624815750223659,1,False,,-0.470425423014785,-0.9849544151828578,0.0671471567926171,-0.9849544151828578,-0.9178072583902407,1,1,0
Germany,Germany,2018-06-23,2018-06-25,FIFA World Cup,Sweden,2,1,False,win,True,Sochi,2080.5500249658007,1860.739305440234,0.7799426530909461,0.2200573469090538,0,False,,0.3602414023858621,-1.6598907000428142,-0.0618802018759483,-1.6598907000428142,-1.7217709019187626,1,0,0
Germany,Germany,2018-06-27,2018-06-28,FIFA World Cup,South Korea,0,2,False,loss,True,Kazan,2093.753465780344,1748.188360810837,0.8796619317963799,-0.8796619317963799,1,True,1.547935189978566,-0.0618802018759483,-1.523542209712562,0.6147753620093216,0.024392980266004116,-0.9087668477032403,1,1,0
Germany,Germany,2021-06-15,2021-06-16,UEFA Euro,France,0,1,False,loss,False,Munich,1986.312681014432,2136.674719135518,0.4280265872798088,-0.4280265872798088,0,True,0.4299837398468994,-0.3376673789283686,0.3542216348907992,0.3822451077875158,0.7842053747376987,0.736466742678315,1,1,0
Germany,Germany,2021-06-19,2021-06-21,UEFA Euro,Portugal,4,2,False,win,False,Munich,1964.9113516504417,2106.4157768182727,0.4405528430402492,0.5594471569597508,0,False,,-0.8621132355250182,0.5225227139654816,-0.3258484529682826,0.5225227139654816,0.19667426099719898,1,0,0
Germany,Germany,2021-06-23,2021-06-24,UEFA Euro,Hungary,2,2,False,draw,False,Munich,2006.869888422423,1786.81374716582,0.8632312709061578,-0.3632312709061578,0,True,-1.1234289086496967,-0.3258484529682826,0.4310391232477112,-0.3082025301986155,-0.6923897854019855,0.12283659304909572,1,0,1
Germany,Germany,2021-06-29,2021-06-30,UEFA Euro,England,0,2,False,loss,False,London,1988.708324877115,2034.0693426050664,0.3022164901879355,-0.3022164901879355,0,True,0.8547775125768892,-0.4164693462829952,-0.7672972833289999,0.2825528088358631,0.08748022924788923,-0.48474447449313685,1,1,0
Germany,Germany,2022-11-23,2022-11-24,FIFA World Cup,Japan,1,2,False,loss,True,Al Rayyan,2018.384375330585,1896.033920337004,0.6691417387753931,-0.6691417387753931,1,True,-0.7600581525892908,-0.404794718693143,0.5981662026520671,-0.0391865777132789,-0.16189194993722367,0.5589796249387882,1,1,0
Germany,Germany,2022-11-27,2022-11-28,FIFA World Cup,Spain,1,1,False,draw,True,Al Khor,1978.2358710040612,2128.5534450272507,0.296233732956228,0.203766267043772,0,False,,-0.0391865777132789,-0.1374278694248122,0.0014798173701049,-0.1374278694248122,-0.13594805205470728,1,0,1
Germany,Germany,2022-12-01,2022-12-02,FIFA World Cup,Costa Rica,4,2,False,win,True,Al Khor,1990.461847026688,1875.945718980287,0.6590824145151557,0.3409175854848443,0,True,-0.087638666430054,-1.6236459084856572,0.2968731163387312,0.6019147553869677,0.2092344499086772,0.898787871725699,1,0,0
Germany,Germany,2024-06-14,2024-06-17,UEFA Euro,Scotland,5,1,False,win,False,Munich,1986.4377407995391,1820.854007396041,0.8218340198368554,0.1781659801631445,0,True,-1.2567651467594836,-1.9884352391961784,-0.0110950308173367,-0.0627741400925847,-1.2678601775768203,-0.0738691709099214,1,0,0
Germany,Germany,2024-06-19,2024-06-20,UEFA Euro,Hungary,2,0,False,win,False,Stuttgart,2003.140801439834,1846.2912991926712,0.8143526486014405,0.1856473513985594,0,True,-0.4457601830428875,-0.0627741400925847,1.162595641806718,-0.1838112885339802,0.7168354587638306,0.9787843532727378,1,0,0
Germany,Germany,2024-06-23,2024-06-24,UEFA Euro,Switzerland,1,1,False,draw,False,Frankfurt,2017.064352794726,1898.1576483214171,0.7790481907428216,-0.2790481907428216,0,False,,-0.1838112885339802,0.921126367690802,-1.0311846033551917,0.921126367690802,-0.11005823566438966,1,0,1
Germany,Germany,2024-06-29,2024-07-01,UEFA Euro,Denmark,2,0,False,win,False,Dortmund,2003.1119432575847,1891.464964537161,0.771770926445828,0.228229073554172,0,False,,0.2355535501466296,0.2354531469096603,-1.085696320436015,0.2354531469096603,-0.8502431735263547,1,0,0
Germany,Germany,2024-07-05,2024-07-08,UEFA Euro,Spain,1,2,False,loss,False,Stuttgart,2020.229123774148,2145.9681233445026,0.4630262178992085,-0.4630262178992085,0,True,-0.2421181203636303,0.2493975914622069,-0.1466199224691942,-1.2665599958024911,-0.38873804283282454,-1.4131799182716853,1,1,0
Germany,Germany,2026-06-14,2026-06-15,FIFA World Cup,Curaçao,7,1,False,win,True,Houston,2004.8524011801992,1605.9913734965617,0.908547598265382,0.0914524017346178,0,False,,0.9407400563119296,0.2879318159883292,0.1353565914534127,0.2879318159883292,0.4232884074417419,1,0,0
Germany,Germany,2026-06-20,2026-06-22,FIFA World Cup,Ivory Coast,2,1,False,win,True,Toronto,2016.512582401363,1861.4861567731568,0.7093859918948395,0.2906140081051604,0,False,,-0.442819745060508,0.6783675034797423,0.3830369599368152,0.6783675034797423,1.0614044634165576,1,0,0
Germany,Germany,2026-06-25,2026-06-26,FIFA World Cup,Ecuador,1,2,False,loss,True,East Rutherford,2033.9494228876729,1957.56663237018,0.6081862783702688,-0.6081862783702688,1,True,0.852803553174836,-0.0664476522627748,-1.1903045433640502,-0.778100546267771,-0.3375009901892142,-1.9684050896318213,1,1,0
Germany,Germany,2026-06-29,2026-06-30,FIFA World Cup,Paraguay,1,1,True,loss,True,Foxborough,1997.4582461854568,1902.6437951878368,0.6331596480069115,-0.6331596480069115,1,True,-0.778100546267771,-1.1903045433640502,0.772597896224571,0.3730343900126313,-0.0055026500432000525,1.1456322862372024,1,1,0
Italy,Italy,2010-06-14,2010-06-15,FIFA World Cup,Paraguay,1,1,False,draw,True,Cape Town,1958.099342820385,1804.5320350531024,0.7076513607677353,-0.2076513607677352,0,True,2.6270892777466672,0.4726357342270896,-0.6650851998740512,-0.4973093384622502,1.962004077872616,-1.1623945383363015,0,0,1
Italy,Italy,2010-06-20,2010-06-21,FIFA World Cup,New Zealand,1,1,False,draw,True,Nelspruit,1945.640261174321,1704.0463808963289,0.8007081464658815,-0.3007081464658815,0,False,,1.048564656734461,0.0155034871479113,0.3622169446744521,0.0155034871479113,0.37772043182236337,0,0,1
Italy,Italy,2010-06-24,2010-06-25,FIFA World Cup,Slovakia,2,3,False,loss,True,Johannesburg,1927.597772386368,1662.607954460809,0.8213328707627293,-0.8213328707627293,1,True,-0.1662792619662016,0.1681951521438391,-0.2454086792257517,1.6147799616402518,-0.4116879411919533,1.3693712824145001,0,1,0
Italy,Italy,2012-06-10,2012-06-11,UEFA Euro,Spain,1,1,False,draw,True,Gdańsk,1888.636003857484,2162.5992839460546,0.1712123442498234,0.3287876557501765,0,False,,-0.8346436911700705,-1.5118070707304243,-1.8957746494356025,-1.5118070707304243,-3.407581720166027,0,0,1
Italy,Italy,2012-06-14,2012-06-15,UEFA Euro,Croatia,1,1,False,draw,True,Poznań,1905.075386644993,1924.88679846057,0.4715199473859618,0.0284800526140381,0,True,0.6789602608179152,-0.1148999886069207,1.0031007847210904,-3.1508900623699674,1.6820610455390055,-2.1477892776488767,0,0,1
Italy,Italy,2012-06-18,2012-06-19,UEFA Euro,Republic of Ireland,2,0,False,win,True,Poznań,1906.4993892756947,1784.512103822562,0.668678741266694,0.331321258733306,0,True,-3.1508900623699674,1.0031007847210904,1.9137819557101008,1.7882255652121533,-1.2371081066598666,3.702007520922254,0,0,0
Italy,Italy,2012-06-24,2012-06-25,UEFA Euro,England,0,0,True,win,True,Kyiv,1931.3484836806929,2006.899753546263,0.3929549409688257,0.6070450590311742,0,False,,-0.6014104097362062,-2.3130757232493933,-1.33785206841491,-2.3130757232493933,-3.6509277916643033,0,0,0
Italy,Italy,2012-06-28,2012-06-29,UEFA Euro,Germany,2,1,False,win,True,Warsaw,1936.7007366322516,2129.834908377098,0.2475411160828893,0.7524588839171107,0,True,0.7021489776495156,1.5715757472945122,3.4306251319879806,-0.850152976023185,4.132774109637496,2.5804721559647956,0,0,0
Italy,Italy,2012-07-01,2012-07-02,UEFA Euro,Spain,0,4,False,loss,True,Kyiv,1974.323680828107,2166.1729476902688,0.2489213939820627,-0.2489213939820627,0,False,,3.4306251319879806,-0.850152976023185,0.2254605684800619,-0.850152976023185,-0.624692407543123,0,1,0
Italy,Italy,2014-06-14,2014-06-16,FIFA World Cup,England,2,1,False,win,True,Manaus,1929.5907137963452,1957.6148469445573,0.459757266071701,0.540242733928299,0,False,,-0.1276118803781952,-0.8291701385171274,0.0641889968317892,-0.8291701385171274,-0.7649811416853382,0,0,0
Italy,Italy,2014-06-20,2014-06-23,FIFA World Cup,Costa Rica,0,1,False,loss,True,Recife,1962.0052778320432,1853.3356913125767,0.6514803052991238,-0.6514803052991238,1,True,-1.0709873668911816,0.4954390351239472,-1.233879282131735,0.5073592173740025,-2.304866649022917,-0.7265200647577326,0,1,0
Italy,Italy,2014-06-24,2014-06-25,FIFA World Cup,Uruguay,0,1,False,loss,True,Natal,1922.916459514096,1937.1613898160156,0.4795113766846589,-0.4795113766846589,0,True,0.5073592173740025,-1.233879282131735,0.5245175490793035,-0.26033010096977,1.031876766453306,0.2641874481095335,0,1,0
Italy,Italy,2016-06-13,2016-06-14,UEFA Euro,Belgium,2,0,False,win,True,Lyon,1916.882831391079,1959.0962238970228,0.4395472250144487,0.5604527749855512,0,True,-1.5184893249552178,-1.728980729289969,-1.2173026859031326,1.327609775805802,-2.7357920108583507,0.11030708990266946,0,0,0
Italy,Italy,2016-06-17,2016-06-20,UEFA Euro,Sweden,1,0,False,win,True,Toulouse,1958.9167895149956,1795.891562213232,0.7187861845328906,0.2812138154671094,0,True,3.181304621870896,-1.0782683828141073,1.070235195710056,-0.2486780581044682,4.251539817580952,0.8215571376055878,0,0,0
Italy,Italy,2016-06-22,2016-06-23,UEFA Euro,Republic of Ireland,0,1,False,loss,True,Villeneuve-d'Ascq,1972.9774802883508,1783.7516235118123,0.7482445329214696,-0.7482445329214696,1,True,0.7661699812418437,-0.2486780581044682,2.0658113668387585,-7.977406027654427,2.8319813480806024,-5.911594660815669,0,1,0
Italy,Italy,2016-06-27,2016-06-28,UEFA Euro,Spain,2,0,False,win,True,Saint-Denis,1935.5652536422767,2028.9138167939527,0.3688025031424131,0.6311974968575869,0,True,-1.0882881358128516,-7.977406027654427,1.4174937991553067,-0.0722079151467172,0.32920566334245516,1.3452858840085895,0,0,0
Italy,Italy,2016-07-02,2016-07-04,UEFA Euro,Germany,1,1,True,loss,True,Bordeaux,1982.9050659065963,2100.5696018239887,0.3368571405771566,-0.3368571405771566,0,False,,0.1814470399916748,-1.761362148090516,-0.150332108211687,-1.761362148090516,-1.911694256302203,0,1,0
Italy,Italy,2021-06-11,2021-06-14,UEFA Euro,Turkey,3,0,False,win,False,Rome,2063.375679797465,1847.449758219219,0.8603999503608786,0.1396000496391214,0,True,0.2164459774041231,-0.2052617016538415,-0.0657857758179231,-0.0049609674361477,0.15066020158620003,-0.07074674325407079,1,0,0
Italy,Italy,2021-06-16,2021-06-17,UEFA Euro,Switzerland,3,0,False,win,False,Rome,2075.590684140888,1967.803159392617,0.7678340377181081,0.2321659622818919,0,True,0.6044836822161871,-0.0049609674361477,0.0521028404852094,-0.9851458371680448,0.6565865227013965,-0.9330429966828354,1,0,0
Italy,Italy,2021-06-20,2021-06-21,UEFA Euro,Wales,1,0,False,win,False,Rome,2095.9052058405537,1912.347389900902,0.836483104360029,0.1635168956399709,0,False,,-0.9851458371680448,0.169826428219991,-0.8632073268257636,0.169826428219991,-0.6933808986057726,1,0,0
Italy,Italy,2021-06-26,2021-06-28,UEFA Euro,Austria,2,1,False,win,True,London,2104.081050622552,1830.192836341574,0.8287263307009228,0.1712736692990771,0,False,,-0.088083465697583,-1.1911448731268617,0.4863931637999492,-1.1911448731268617,-0.7047517093269124,1,0,0
Italy,Italy,2021-07-02,2021-07-05,UEFA Euro,Belgium,2,1,False,win,True,Munich,2112.644734087506,2211.4326629024827,0.3615439957702063,0.6384560042297936,0,True,-0.4315917793061209,0.5190483157498984,0.5226046429691977,-0.553144309037956,0.09101286366307682,-0.030539666068758242,1,0,0
Italy,Italy,2021-07-06,2021-07-07,UEFA Euro,Spain,1,1,True,win,True,London,2144.567534298996,2071.035631447913,0.6042687328663224,0.3957312671336775,0,True,-0.553144309037956,0.5226046429691977,0.1581837551433247,-1.8621535622410577,-0.39496055389463125,-1.703969807097733,1,0,0
Italy,Italy,2021-07-11,2021-07-12,UEFA Euro,England,1,1,True,win,False,London,2139.35409765568,2093.543008499249,0.422642144927103,0.5773578550728969,0,False,,0.9686984508014947,0.4288109886917695,-0.3297450633638178,0.4288109886917695,0.09906592532795166,1,0,0
Italy,Italy,2024-06-15,2024-06-17,UEFA Euro,Albania,2,1,False,win,True,Dortmund,2010.2639638040744,1675.0623625896476,0.8732024295020143,0.1267975704979856,0,False,,-2.6612422494772563,0.3330432012916003,0.806727876989332,0.3330432012916003,1.1397710782809323,1,0,0
Italy,Italy,2024-06-20,2024-06-21,UEFA Euro,Spain,0,1,False,loss,True,Gelsenkirchen,2016.6038423289735,2114.711958506867,0.3624477948181019,-0.3624477948181019,0,True,1.4960661161762128,-0.3816634130045628,-0.7770191193075191,1.5832302763569663,0.7190469968686937,0.8062111570494472,1,1,0
Italy,Italy,2024-06-24,2024-06-25,UEFA Euro,Croatia,1,1,False,draw,True,Leipzig,1998.4814525880688,1973.099435119979,0.5364628141623887,-0.0364628141623887,0,True,1.5832302763569663,-0.7770191193075191,-0.6150447193457058,-0.4808322571314693,0.9681855570112605,-1.0958769764771752,1,0,1
Italy,Italy,2024-06-29,2024-07-01,UEFA Euro,Switzerland,0,2,False,loss,True,Berlin,1996.6583118799488,1912.1100578585583,0.6193284635221652,-0.6193284635221652,1,False,,0.0001264354595291,1.6012660426545762,-1.1149100940259358,1.6012660426545762,0.4863559486286404,1,1,0
Japan,Japan,2010-06-14,2010-06-15,FIFA World Cup,Cameroon,1,0,False,win,True,Bloemfontein,1771.55704584292,1785.6476168322274,0.4797331486106244,0.5202668513893756,0,True,1.5749488005363734,-0.1948775576536432,-0.7561762037523049,0.3959125185520755,0.8187725967840686,-0.3602636852002294,0,0,0
Japan,Japan,2010-06-19,2010-06-21,FIFA World Cup,Netherlands,0,1,False,loss,True,Durban,1802.7730569262824,2079.412852224636,0.1690371364415432,-0.1690371364415432,0,False,,-0.081270108380883,2.362063313651064,-0.9975102263444608,2.362063313651064,1.364553087306603,0,1,0
Japan,Japan,2010-06-24,2010-06-25,FIFA World Cup,Denmark,3,1,False,win,True,Rustenburg,1792.63082873979,1800.348549677977,0.4888951332080953,0.5111048667919047,0,True,1.1395577340018428,-0.8433438670738322,-1.284789792511733,-0.5555838056167832,-0.1452320585098903,-1.8403735981285163,0,0,0
Japan,Japan,2010-06-29,2010-06-30,FIFA World Cup,Paraguay,0,0,True,loss,True,Pretoria,1838.6302667510613,1836.172963037278,0.5035362853477829,-0.5035362853477829,1,True,0.1731605001541374,-0.5555838056167832,0.0388584312272002,-1.741470423643765,0.2120189313813376,-1.7026119924165648,0,1,0
Japan,Japan,2011-01-09,2011-01-11,AFC Asian Cup,Jordan,1,1,False,draw,True,Doha,1860.8284458136104,1558.842583693124,0.8504799527206219,-0.3504799527206219,0,False,,0.5483982851814333,-0.1378585564678288,-0.5566275802056108,-0.1378585564678288,-0.6944861366734396,0,0,1
Japan,Japan,2011-01-13,2011-01-14,AFC Asian Cup,Syria,2,1,False,win,True,Doha,1843.3044481775792,1653.3802209862397,0.7490010699830509,0.250998930016949,0,True,-0.1383299813755865,-0.5566275802056108,-1.0844951436197032,-0.3891085137147129,-1.2228251249952897,-1.473603657334416,0,0,0
Japan,Japan,2011-01-17,2011-01-18,AFC Asian Cup,Saudi Arabia,5,0,False,win,True,Al Rayyan,1855.8543946784264,1675.0984672635027,0.7389493171300661,0.2610506828699339,0,True,-0.3891085137147129,-1.0844951436197032,0.0357388071798677,0.4207396401181028,-0.3533697065348452,0.4564784472979705,0,0,0
Japan,Japan,2011-01-21,2011-01-24,AFC Asian Cup,Qatar,3,2,False,win,False,Doha,1881.95946296542,1636.9012461512457,0.6974158032531351,0.3025841967468649,0,True,-1.30501478969956,-0.5343614774284488,0.352225918231303,0.8017094451772285,-0.9527888714682571,1.1539353634085314,0,0,0
Japan,Japan,2011-01-25,2011-01-26,AFC Asian Cup,South Korea,2,2,True,win,True,Doha,1897.0886728027635,1848.6801830759105,0.5692180832928757,0.4307819167071243,0,True,0.8017094451772285,0.352225918231303,-0.7344043905057897,0.4006249365216009,0.06730505467143888,-0.33377945398418873,0,0,0
Japan,Japan,2011-01-29,2011-01-31,AFC Asian Cup,Australia,1,0,False,win,True,Doha,1893.6277686381195,1895.8015393863109,0.4968717332435718,0.5031282667564282,0,False,,-0.5386353520008091,-0.257696496861892,-0.848089517398076,-0.257696496861892,-1.105786014259968,0,0,0
Japan,Japan,2014-06-14,2014-06-16,FIFA World Cup,Ivory Coast,1,2,False,loss,True,Recife,1850.9479608051176,1871.26790447096,0.4707905469650023,-0.4707905469650023,0,False,,0.9309801182296,-1.22823509302876,0.2640794245151197,-1.22823509302876,-0.9641556685136403,0,1,0
Japan,Japan,2014-06-19,2014-06-20,FIFA World Cup,Greece,0,0,False,draw,True,Natal,1822.7005279872176,1818.7053070287436,0.5057493317279735,-0.0057493317279735,0,True,1.0764197700757192,0.6146223888694498,-0.2283341843016752,0.1195002526662671,0.848085585774044,-0.10883393163540811,0,0,1
Japan,Japan,2014-06-24,2014-06-25,FIFA World Cup,Colombia,1,4,False,loss,True,Cuiabá,1822.3555680835395,2025.1351534105008,0.237344612964909,-0.237344612964909,0,True,0.2898564382263278,0.1195002526662671,6.749671793027101e-05,0.8394335169907315,0.28992393494425805,0.8395010137086618,0,1,0
Japan,Japan,2015-01-12,2015-01-13,AFC Asian Cup,Palestine,4,0,False,win,True,Newcastle,1788.224959697443,1517.0922427347766,0.8264631527040209,0.173536847295979,0,False,,-0.4815257847927103,-0.1668133882242086,-1.32078731923046,-0.1668133882242086,-1.4876007074546687,0,0,0
Japan,Japan,2015-01-16,2015-01-19,AFC Asian Cup,Iraq,1,0,False,win,True,Brisbane,1804.494039131441,1633.8788280501335,0.7275326533365738,0.2724673466634262,0,True,-1.705034138885995,2.151717418288435,0.2411697428206843,1.9584742670435067,-1.4638643960653108,2.199644009864191,0,0,0
Japan,Japan,2015-01-20,2015-01-21,AFC Asian Cup,Jordan,2,0,False,win,True,Melbourne,1818.1174064646125,1604.1708985212897,0.7740941346558396,0.2259058653441603,0,True,1.9584742670435067,0.2411697428206843,-0.8687077192398396,-0.5024435699765128,1.089766547803667,-1.3711512892163524,0,0,0
Japan,Japan,2015-01-23,2015-01-26,AFC Asian Cup,United Arab Emirates,1,1,True,loss,True,Sydney,1835.0603463654245,1759.3354450979311,0.6072834562321512,-0.6072834562321512,1,True,0.6016797225182762,-0.5024435699765128,-0.1516940918905817,1.5387856909095787,0.4499856306276945,1.387091599018997,0,1,0
Japan,Japan,2018-06-19,2018-06-20,FIFA World Cup,Colombia,2,1,False,win,True,Saransk,1784.4190833675927,1991.286414402529,0.2331115818191374,0.7668884181808625,0,True,-0.9277414066467944,-0.3944102274400487,2.1356903090811628,0.7273766821400218,1.2079489024343684,2.8630669912211846,1,0,0
Japan,Japan,2018-06-24,2018-06-25,FIFA World Cup,Senegal,2,2,False,draw,True,Ekaterinburg,1830.4323884584444,1887.4610703928483,0.418658336891351,0.0813416631086489,0,False,,-0.5617918590842546,-0.6027296110593021,0.7486747608794623,-0.6027296110593021,0.14594514982016016,1,0,1
Japan,Japan,2018-06-28,2018-06-29,FIFA World Cup,Poland,0,1,False,loss,True,Volgograd,1835.3128882449632,1806.828482312868,0.5409007582875612,-0.5409007582875612,1,True,0.3383334831751891,-0.0635523775509002,-0.322691384155627,-2.4104520316577216,0.015642099019562095,-2.7331434158133487,1,1,0
Japan,Japan,2018-07-02,2018-07-03,FIFA World Cup,Belgium,2,3,False,loss,True,Rostov-on-Don,1802.8588427477096,2060.06424845719,0.1853378166420869,-0.1853378166420869,0,True,-2.4104520316577216,-0.322691384155627,0.0593539901482303,-0.282083054187513,-2.3510980415094913,-0.22272906403928272,1,1,0
Japan,Japan,2019-01-09,2019-01-10,AFC Asian Cup,Turkmenistan,3,2,False,win,True,Abu Dhabi,1838.8709161689196,1402.511833511879,0.9249707999270704,0.0750292000729294,0,True,0.3510158764817219,0.2063328525711338,-1.9890685270065047,0.8202042362328728,-1.6380526505247828,-1.168864290773632,1,0,0
Japan,Japan,2019-01-13,2019-01-15,AFC Asian Cup,Oman,1,0,False,win,True,Abu Dhabi,1842.622376172566,1618.938819679765,0.7837451036272937,0.2162548963727063,0,False,,0.8202042362328728,1.0259170825603536,-0.8474023857609964,1.0259170825603536,0.17851469679935728,1,0,0
Japan,Japan,2019-01-17,2019-01-18,AFC Asian Cup,Uzbekistan,2,1,False,win,True,Al Ain,1853.4351209912013,1724.842414671398,0.6770481433353122,0.3229518566646878,0,True,-0.6279295763944932,-0.8474023857609964,0.4949876505731811,-0.3403623525874669,-0.1329419258213121,0.15462529798571423,1,0,0
Japan,Japan,2019-01-21,2019-01-22,AFC Asian Cup,Saudi Arabia,1,0,False,win,True,Sharjah,1869.582713824436,1690.893251602765,0.7366481172070712,0.2633518827929287,0,True,-0.3403623525874669,0.4949876505731811,-0.012220794087024,0.4955241738008376,-0.35258314667449087,0.4833033797138136,1,0,0
Japan,Japan,2019-01-24,2019-01-25,AFC Asian Cup,Vietnam,1,0,False,win,True,Dubai,1882.750307964082,1504.0241736193068,0.8984502837328636,0.1015497162671363,0,True,-0.3104260133788187,0.4955241738008376,0.4595323884378702,-0.987500729987248,0.1491063750590515,-0.5279683415493779,1,0,0
Japan,Japan,2019-01-28,2019-01-29,AFC Asian Cup,Iran,3,0,False,win,True,Al Ain,1887.8277937774387,1934.5653807780752,0.4331420085583083,0.5668579914416917,0,True,-0.987500729987248,0.4595323884378702,0.4408468566333203,-1.0424624912525786,-0.5466538733539277,-0.6016156346192583,1,0,0
Japan,Japan,2019-02-01,2019-02-04,AFC Asian Cup,Qatar,1,3,False,loss,True,Abu Dhabi,1937.4278680285868,1832.1726877890555,0.6470044044810586,-0.6470044044810586,1,True,-0.2651260505602056,0.0228030971899597,0.3045019758887289,-0.731242184961248,0.0393759253285233,-0.42674020907251914,1,1,0
Japan,Japan,2019-06-17,2019-06-18,Copa América,Chile,0,4,False,loss,True,São Paulo,1874.3535438445508,1905.742607516916,0.4549500088114075,-0.4549500088114075,0,True,0.6736297294037368,0.3522112859914147,-0.5390272030244133,0.8606427910033323,0.13460252637932346,0.321615587978919,1,1,0
Japan,Japan,2019-06-20,2019-06-21,Copa América,Uruguay,2,2,False,draw,True,Porto Alegre,1831.7019805184812,2004.488095225176,0.2699971903771094,0.2300028096228906,0,True,0.0066773876167509,0.8606427910033323,-1.5044021687019,0.3035583949453161,-1.497724781085149,-1.200843773756584,1,0,1
Japan,Japan,2019-06-24,2019-06-25,Copa América,Ecuador,1,1,False,draw,True,Belo Horizonte,1843.202120999626,1780.9629657976668,0.5886233718413053,-0.0886233718413053,0,True,0.3035583949453161,-1.5044021687019,-0.1040274262141496,-0.0972051815584451,0.19953096873116652,-0.2012326077725947,1,0,1
Japan,Japan,2022-11-23,2022-11-24,FIFA World Cup,Germany,2,1,False,win,True,Al Rayyan,1896.033920337004,2018.384375330585,0.3308582612246069,0.6691417387753931,0,False,,0.4661781774975976,-0.0333575555146202,-0.8270522789885668,-0.0333575555146202,-0.860409834503187,1,0,0
Japan,Japan,2022-11-27,2022-11-28,FIFA World Cup,Costa Rica,0,1,False,loss,True,Al Rayyan,1936.182424663528,1837.6594900711264,0.6381038151526731,-0.6381038151526731,1,False,,-0.8270522789885668,0.0308720590990704,0.2466611245930953,0.0308720590990704,0.27753318369216573,1,1,0
Japan,Japan,2022-12-01,2022-12-02,FIFA World Cup,Spain,2,1,False,win,True,Al Rayyan,1897.8961957543672,2116.3274690046246,0.221423260525661,0.778576739474339,0,True,-0.7146259005117697,-1.3295792329209266,-1.6642758569388203,0.7952113736133782,-2.37890175745059,-0.8690644833254421,1,0,0
Japan,Japan,2022-12-05,2022-12-06,FIFA World Cup,Croatia,1,1,True,loss,True,Al Wakrah,1944.610800122828,2007.378222152143,0.4106404739610235,-0.4106404739610235,0,True,0.7952113736133782,-1.6642758569388203,1.5580796451414485,-0.0698483924372979,2.3532910187548266,1.4882312527041506,1,1,0
Japan,Japan,2024-01-14,2024-01-15,AFC Asian Cup,Vietnam,4,2,False,win,True,Doha,2001.497206785148,1521.8947109024518,0.9405211804657556,0.0594788195342443,0,False,,1.4331243934669895,0.7785380926418624,-0.493700630767076,0.7785380926418624,0.28483746187478637,1,0,0
Japan,Japan,2024-01-19,2024-01-22,AFC Asian Cup,Iraq,1,2,False,loss,True,Al Rayyan,2005.958118250216,1733.5691090228568,0.8274979030237053,-0.8274979030237053,1,True,0.5410766612944465,0.0753207137107768,0.9833126366838107,-0.255190149762573,1.5243892979782574,0.7281224869212377,1,1,0
Japan,Japan,2024-01-24,2024-01-25,AFC Asian Cup,Indonesia,3,1,False,win,True,Doha,1964.5832230990309,1431.7445441046298,0.9555221230343994,0.0444778769656005,0,True,-1.046969964615437,-0.255190149762573,-0.3133607733733221,-1.6167312610083902,-1.360330737988759,-1.9300920343817123,1,0,0
Japan,Japan,2024-01-31,2024-02-01,AFC Asian Cup,Bahrain,3,1,False,win,True,Doha,1967.9190638714508,1593.7639277038086,0.896024279724361,0.1039757202756389,0,True,1.1481108281815169,-0.21582656805672,-0.4847527689401987,-0.4411355626774055,0.6633580592413182,-0.9258883316176042,1,0,0
Japan,Japan,2024-02-03,2024-02-05,AFC Asian Cup,Iran,1,2,False,loss,True,Al Rayyan,1975.717242892124,1897.4722578550895,0.6107377425672623,-0.6107377425672623,1,False,,-0.4411355626774055,0.4367095520689473,-0.5369138774416407,0.4367095520689473,-0.10020432537269336,1,1,0
Japan,Japan,2026-06-14,2026-06-15,FIFA World Cup,Netherlands,2,2,False,draw,True,Arlington,1993.6265812773015,2010.9565899526183,0.4750807755759479,0.024919224424052,0,False,,1.3097746527282568,4.278631030333488,-0.2890708572877261,4.278631030333488,3.9895601730457617,1,0,1
Japan,Japan,2026-06-20,2026-06-22,FIFA World Cup,Tunisia,4,0,False,win,True,Guadalupe,1995.1217347427448,1687.2454049690075,0.8547408107115896,0.1452591892884104,0,False,,-0.4246635061404329,1.5566553448345573,-2.8590308753988807,1.5566553448345573,-1.3023755305643234,1,0,0
Japan,Japan,2026-06-25,2026-06-26,FIFA World Cup,Sweden,1,1,False,draw,True,Arlington,2011.463393537691,1793.3245201285138,0.778286430086095,-0.278286430086095,0,True,4.464359810274431,0.2768291692076703,-4.32994954572987,-0.058800921209609,0.1344102645445604,-4.388750466939479,1,0,1
Japan,Japan,2026-06-29,2026-06-30,FIFA World Cup,Brazil,1,2,False,loss,True,Houston,1994.7662077325251,2095.064621312525,0.3595393441096706,-0.3595393441096706,0,True,-0.058800921209609,-4.32994954572987,0.0239496848334948,0.3544039305450469,-0.0348512363761142,0.3783536153785417,1,1,0
Mexico,Mexico,2010-06-11,2010-06-14,FIFA World Cup,South Africa,1,1,False,draw,False,Johannesburg,1969.0081896226804,1681.7995906324336,0.7460507764888819,-0.2460507764888818,0,True,0.2722355454114725,0.3211174129543039,0.3320225516307676,-0.1445437011086252,0.6042580970422401,0.18747885052214242,0,0,1
Mexico,Mexico,2010-06-17,2010-06-18,FIFA World Cup,France,2,0,False,win,True,Polokwane,1954.245143033348,1884.8003008197836,0.5986291903348192,0.4013708096651808,0,True,-0.1654888504473519,0.2314233451635548,0.1968200904225762,0.0238330598689858,0.0313312399752243,0.220653150291562,0,0,0
Mexico,Mexico,2010-06-22,2010-06-23,FIFA World Cup,Uruguay,0,1,False,loss,True,Rustenburg,1990.3685159032136,1915.925574751069,0.6055221176254646,-0.6055221176254646,1,True,-0.4976461646583654,0.0238330598689858,1.309668589617882,-0.0531387660954714,0.8120224249595165,1.2565298235224105,0,1,0
Mexico,Mexico,2010-06-27,2010-06-28,FIFA World Cup,Argentina,1,3,False,loss,True,Johannesburg,1954.037188845686,2015.0550335882303,0.4130800718264996,-0.4130800718264996,0,False,,0.6101820943372092,0.3333872739223892,-1.483881937348542,0.3333872739223892,-1.1504946634261528,0,1,0
Mexico,Mexico,2011-06-05,2011-06-06,Gold Cup,El Salvador,5,0,False,win,True,Arlington,1920.7524083107555,1583.5288562701894,0.8744855423858553,0.1255144576141447,0,False,,-0.5244816942308839,-0.4914527549545504,0.4171565541415568,-0.4914527549545504,-0.0742962008129936,0,0,0
Mexico,Mexico,2011-06-09,2011-06-10,Gold Cup,Cuba,5,0,False,win,True,Charlotte,1933.30385407217,1555.903226606504,0.8977520019420355,0.1022479980579644,0,True,0.4364498843681417,0.4865807276448587,0.2916540909300944,0.1546725955461931,0.7281039752982361,0.4463266864762875,0,0,0
Mexico,Mexico,2011-06-12,2011-06-13,Gold Cup,Costa Rica,4,1,False,win,True,Chicago,1917.2229982524957,1757.0219939427782,0.7154883492331863,0.2845116507668137,0,False,,0.2916540909300944,0.1546725955461931,0.5582806906778432,0.1546725955461931,0.7129532862240363,0,0,0
Mexico,Mexico,2011-06-18,2011-06-20,Gold Cup,Guatemala,2,1,False,win,True,East Rutherford,1942.117767694592,1558.9554656704045,0.9007565869379388,0.0992434130620611,0,False,,-0.6834332091686859,-0.0017646829909278,-0.5451788305295839,-0.0017646829909278,-0.5469435135205117,0,0,0
Mexico,Mexico,2011-06-22,2011-06-23,Gold Cup,Honduras,2,0,False,win,True,Houston,1947.079938347695,1715.5275418399106,0.7913236794799879,0.208676320520012,0,True,1.39331569849489,-0.5451788305295839,0.3065341343036288,0.5795064641867018,1.6998498327985188,0.8860405984903306,0,0,0
Mexico,Mexico,2011-06-25,2011-06-27,Gold Cup,United States,4,2,False,win,False,Pasadena,1962.730662386696,1831.9619408716528,0.544164352830316,0.455835647169684,0,False,,0.5795064641867018,0.2900514904604814,0.858255366473205,0.2900514904604814,1.1483068569336865,0,0,0
Mexico,Mexico,2011-07-04,2011-07-05,Copa América,Chile,1,2,False,loss,True,San Juan,1998.8249921473648,1943.280412533384,0.5792609605840716,-0.5792609605840716,1,True,0.0469601224997766,-0.1949559220804735,-0.3828081502722147,-0.2887212055316972,-0.3358480277724381,-0.6715293558039119,0,1,0
Mexico,Mexico,2011-07-08,2011-07-11,Copa América,Peru,0,1,False,loss,True,Mendoza,1969.861944118161,1713.385186592977,0.8140280390189172,-0.8140280390189172,1,True,0.2356974447091571,-0.2005190466512499,1.157701032933316,0.0052045051287232,1.393398477642473,1.1629055380620392,0,1,0
Mexico,Mexico,2011-07-12,2011-07-13,Copa América,Uruguay,0,1,False,loss,True,La Plata,1929.1605421672152,1909.4869087758984,0.5282824123762616,-0.5282824123762616,1,True,0.0052045051287232,1.157701032933316,-0.4647484744048655,0.1755925144869874,-0.4595439692761423,-0.2891559599178781,0,1,0
Mexico,Mexico,2013-07-07,2013-07-08,Gold Cup,Panama,1,2,False,loss,True,Pasadena,1909.8190337448257,1752.6317933155751,0.7119436186742312,-0.7119436186742312,1,False,,-1.776413329896982,-1.683882968679178,-0.0856984978083668,-1.683882968679178,-1.7695814664875449,0,1,0
Mexico,Mexico,2013-07-11,2013-07-12,Gold Cup,Canada,2,0,False,win,True,Seattle,1874.221852811114,1618.2531642646018,0.8135848755489228,0.1864151244510772,0,True,-0.1004689398476934,-0.6551274756686475,-0.3070382130203848,-0.2618067102749779,-0.4075071528680782,-0.5688449232953627,0,0,0
Mexico,Mexico,2013-07-14,2013-07-15,Gold Cup,Martinique,3,1,False,win,True,Denver,1888.202987144945,1604.974744501638,0.8362234445603367,0.1637765554396633,0,False,,-0.3070382130203848,-0.2618067102749779,-1.5498927535238751,-0.2618067102749779,-1.811699463798853,0,0,0
Mexico,Mexico,2013-07-20,2013-07-22,Gold Cup,Trinidad and Tobago,1,0,False,win,True,Atlanta,1900.48622880292,1584.596216971335,0.8603751198107075,0.1396248801892925,0,False,,-0.9404343782716444,0.3469738312464275,1.572439306650716,0.3469738312464275,1.9194131378971435,0,0,0
Mexico,Mexico,2013-07-24,2013-07-25,Gold Cup,Panama,1,2,False,loss,True,Arlington,1907.4674728123844,1809.5937944700447,0.637240298143758,-0.637240298143758,1,True,0.345175108590385,1.572439306650716,-0.3491431048124258,0.8466895091034584,-0.003967996222040748,0.49754640429103264,0,1,0
Mexico,Mexico,2014-06-13,2014-06-16,FIFA World Cup,Cameroon,1,0,False,win,True,Natal,1898.9190778632023,1747.8982830043203,0.7046095080316886,0.2953904919683113,0,True,-0.4280158905187545,-0.523149648848714,0.2637095556729897,-0.0009716950223241,-0.1643063348457648,0.2627378606506656,0,0,0
Mexico,Mexico,2014-06-17,2014-06-18,FIFA World Cup,Brazil,0,0,False,draw,False,Fortaleza,1916.6425073813011,2190.8882645587573,0.1039271303102905,0.3960728696897094,0,True,-0.0009716950223241,0.2637095556729897,-0.0453333537046951,0.1766284534268291,-0.0463050487270192,0.131295099722134,0,0,1
Mexico,Mexico,2014-06-23,2014-06-24,FIFA World Cup,Croatia,3,1,False,win,True,Recife,1940.406879562684,1879.0782483346263,0.5873536020657993,0.4126463979342006,0,True,0.162698371941553,-0.2483411022689649,0.3331838373291545,0.6379275485323794,0.49588220927070753,0.9711113858615339,0,0,0
Mexico,Mexico,2014-06-29,2014-06-30,FIFA World Cup,Netherlands,1,2,False,loss,True,Fortaleza,1977.545055376762,2138.5309023214413,0.2835928580099833,-0.2835928580099833,0,False,,-0.4073745723797997,0.5180277260530205,-0.1366993767734548,0.5180277260530205,0.3813283492795657,0,1,0
Mexico,Mexico,2015-06-12,2015-06-15,Copa América,Bolivia,0,0,False,draw,True,Viña del Mar,1946.4045572209716,1663.410666179857,0.836038605112899,-0.3360386051128989,0,True,0.5437621859056698,-0.1543119023843783,-0.3207671010441516,0.6157570690562278,0.2229950848615182,0.2949899680120762,0,0,1
Mexico,Mexico,2015-06-15,2015-06-16,Copa América,Chile,3,3,False,draw,False,Santiago,1929.6026269653264,2007.4997714820345,0.2642376504523904,0.2357623495476095,0,True,-0.3207671010441516,0.5437621859056698,0.6157570690562278,0.1008796343655353,0.2949899680120762,0.7166367034217631,0,0,1
Mexico,Mexico,2015-06-19,2015-06-22,Copa América,Ecuador,1,2,False,loss,True,Rancagua,1941.3907444427068,1833.893193694224,0.649946862399307,-0.649946862399307,1,True,-0.0330205804867654,0.141392012282208,-0.1148592683950019,0.302135388918329,-0.1478798488817673,0.18727612052332707,0,1,0
Mexico,Mexico,2015-07-09,2015-07-10,Gold Cup,Cuba,6,0,False,win,True,Chicago,1902.6270592770225,1509.1458196979563,0.9059416948162377,0.0940583051837623,0,True,-0.2206646355100591,0.0346948556682613,-0.4980105009623872,-0.4083722295070742,-0.7186751364724463,-0.9063827304694614,0,0,0
Mexico,Mexico,2015-07-12,2015-07-13,Gold Cup,Guatemala,0,0,False,draw,True,Glendale,1912.620754202797,1572.0238767335834,0.8766014663174161,-0.3766014663174161,0,False,,-0.4980105009623872,-0.4083722295070742,-0.082291870990955,-0.4083722295070742,-0.4906641004980292,0,0,1
Mexico,Mexico,2015-07-15,2015-07-16,Gold Cup,Trinidad and Tobago,4,4,False,draw,True,Charlotte,1893.790680886926,1686.3265297928012,0.7675020341929555,-0.2675020341929555,0,True,0.0526369711432488,-0.082291870990955,0.1113277174209773,-0.0483337032603717,0.1639646885642261,0.0629940141606056,0,0,1
Mexico,Mexico,2015-07-19,2015-07-20,Gold Cup,Costa Rica,1,0,False,win,True,East Rutherford,1880.4155791772785,1857.4102581097736,0.5330590180477952,0.4669409819522048,0,False,,-0.0483337032603717,0.5254727930560841,-0.2246929049591072,0.5254727930560841,0.30077988809697687,0,0,0
Mexico,Mexico,2015-07-22,2015-07-23,Gold Cup,Panama,2,1,False,win,True,Atlanta,1903.7626282748884,1766.4386373754749,0.6879387737705632,0.3120612262294368,0,True,-1.2900973474066817,-0.2246929049591072,0.6928033285855413,-0.6607167810002027,-0.5972940188211404,0.032086547585338576,0,0,0
Mexico,Mexico,2015-07-26,2015-07-27,Gold Cup,Jamaica,3,1,False,win,True,Philadelphia,1919.3656895863603,1733.1307226451715,0.7449874564054257,0.2550125435945742,0,False,,-0.6607167810002027,-0.6118425953483715,0.5131269741787488,-0.6118425953483715,-0.09871562116962274,0,0,0
Mexico,Mexico,2016-06-05,2016-06-06,Copa América,Uruguay,3,1,False,win,True,Glendale,1994.1924488926948,2024.4060112861127,0.4566284633062025,0.5433715366937975,0,False,,0.7416510639733305,-0.5300658718909453,0.3089804790176091,-0.5300658718909453,-0.22108539287333623,0,0,0
Mexico,Mexico,2016-06-09,2016-06-10,Copa América,Jamaica,2,0,False,win,True,Pasadena,2034.9453141447293,1644.7902245897108,0.9042974355388284,0.0957025644611716,0,True,-0.9054612866477112,0.053108017265636,0.009315667786216,0.1755132917737492,-0.8961456188614952,0.1848289595599652,0,0,0
Mexico,Mexico,2016-06-13,2016-06-14,Copa América,Venezuela,1,1,False,draw,True,Houston,2042.1230064793172,1728.6511766324163,0.8586944886886145,-0.3586944886886145,0,True,0.1755132917737492,0.009315667786216,-0.3455185126850518,0.8409875120463991,-0.1700052209113026,0.4954689993613473,0,0,1
Mexico,Mexico,2016-06-18,2016-06-20,Copa América,Chile,0,7,False,loss,True,Santa Clara,2024.1882820448864,2023.6262141391005,0.500808880032542,-0.500808880032542,1,False,,0.0144603314982716,0.1989514337956557,-0.5233588443519084,0.1989514337956557,-0.32440741055625266,0,1,0
Mexico,Mexico,2017-07-09,2017-07-10,Gold Cup,El Salvador,3,1,False,win,True,San Diego,1968.0559846214776,1553.1200607953513,0.9159510211080464,0.0840489788919535,0,False,,-0.0984462394072802,0.9398314835113556,-0.3169707976963226,0.9398314835113556,0.622860685815033,0,0,0
Mexico,Mexico,2017-07-13,2017-07-14,Gold Cup,Jamaica,0,0,False,draw,True,Denver,1974.3596580383744,1584.7563037719003,0.90402221617309,-0.4040222161730901,0,True,0.1264277425609203,0.0622226449914531,0.0185636340681423,0.3664405033466607,0.14499137662906258,0.385004137414803,0,0,1
Mexico,Mexico,2017-07-16,2017-07-17,Gold Cup,Curaçao,2,0,False,win,True,San Antonio,1954.15854722972,1411.8511301645676,0.957781955990038,0.0422180440099621,0,False,,0.0185636340681423,0.3664405033466607,-0.5555456854927989,0.3664405033466607,-0.18910518214613825,0,0,0
Mexico,Mexico,2017-07-20,2017-07-21,Gold Cup,Honduras,1,0,False,win,True,Glendale,1957.3249005304672,1675.8113931798528,0.8348671093044345,0.1651328906955654,0,True,0.0165444226191751,-0.3629130549046795,0.8892183085043762,0.2448009250163774,0.9057627311235513,1.1340192335207537,0,0,0
Mexico,Mexico,2017-07-23,2017-07-24,Gold Cup,Jamaica,0,1,False,loss,True,Pasadena,1965.581545065245,1633.0918721498888,0.8714638740729227,-0.8714638740729227,1,False,,0.8892183085043762,0.2448009250163774,-0.0285383061323664,0.2448009250163774,0.216262618884011,0,1,0
Mexico,Mexico,2018-06-17,2018-06-18,FIFA World Cup,Germany,1,0,False,win,True,Moscow,1923.686099899353,2126.2989194671427,0.2375184249776341,0.7624815750223659,0,False,,-0.3275856618781329,-0.3247600571808298,0.625366357900572,-0.3247600571808298,0.30060630071974226,1,0,0
Mexico,Mexico,2018-06-23,2018-06-25,FIFA World Cup,South Korea,2,1,False,win,True,Rostov-on-Don,1969.434994400695,1762.1492364925095,0.7673187386387861,0.2326812613612139,0,False,,0.3803898359413732,0.7577180233140643,0.3756474423431542,0.7577180233140643,1.1333654656572185,1,0,0
Mexico,Mexico,2018-06-27,2018-06-28,FIFA World Cup,Sweden,0,3,False,loss,True,Ekaterinburg,1983.395870082368,1847.5358646256907,0.6861267333784135,-0.6861267333784135,1,True,0.447584683245718,0.3756474423431542,0.1299102194668442,1.0521426828873557,0.5774949027125622,1.1820529023542,1,1,0
Mexico,Mexico,2018-07-02,2018-07-03,FIFA World Cup,Brazil,0,2,False,loss,True,Samara,1911.3525630776344,2192.5300300513413,0.1653997481712446,-0.1653997481712446,0,True,-2.0063199947843717,1.0521426828873557,0.9294270152089784,0.576052238222709,-1.0768929795753932,1.5054792534316874,1,1,0
Mexico,Mexico,2019-06-15,2019-06-17,Gold Cup,Cuba,7,0,False,win,True,Los Angeles,1904.1834939689504,1492.0307503268618,0.914709379621634,0.0852906203783661,0,False,,-0.5934907563157099,0.2745565717326438,-0.141994228941257,0.2745565717326438,0.13256234279138682,1,0,0
Mexico,Mexico,2019-06-19,2019-06-20,Gold Cup,Canada,3,1,False,win,True,Denver,1913.7786887615168,1727.7889334522372,0.7447191954871861,0.2552808045128139,0,True,0.2419442945854428,-0.141994228941257,0.0027275046898724,-0.1944611974710549,0.2446717992753152,-0.1917336927811825,1,0,0
Mexico,Mexico,2019-06-23,2019-06-24,Gold Cup,Martinique,3,2,False,win,True,Charlotte,1932.9247490999776,1599.193685955502,0.8722622096246445,0.1277377903753555,0,False,,-0.1944611974710549,0.5832579490524182,0.5575052761935813,0.5832579490524182,1.1407632252459994,1,0,0
Mexico,Mexico,2019-06-29,2019-07-01,Gold Cup,Costa Rica,1,1,True,win,True,Houston,1939.3116386187453,1771.5985474595982,0.7242084940291642,0.2757915059708358,0,False,,-0.6013395779812314,0.201520358380345,-0.1652683762115374,0.201520358380345,0.036251982168807595,1,0,0
Mexico,Mexico,2019-07-02,2019-07-03,Gold Cup,Haiti,1,0,False,win,True,Glendale,1928.1012139172872,1745.979326311898,0.7404632819013278,0.2595367180986722,0,True,-0.1652683762115374,0.201520358380345,-0.2481061997318009,-0.0835609934800225,-0.41337457594333826,-0.33166719321182336,1,0,0
Mexico,Mexico,2019-07-07,2019-07-08,Gold Cup,United States,1,0,False,win,False,Chicago,1941.0780498222207,1859.3803145840225,0.4736852602695886,0.5263147397304113,0,False,,0.1304206434315647,0.7441464191124831,-1.7091790253159145,0.7441464191124831,-0.9650326062034313,1,0,0
Mexico,Mexico,2021-07-10,2021-07-12,Gold Cup,Trinidad and Tobago,0,0,False,draw,True,Arlington,1985.1458315600955,1533.400942630339,0.9308907036828163,-0.4308907036828164,0,False,,-0.2185608101145905,-0.195298257906284,-0.8655504041562276,-0.195298257906284,-1.0608486620625117,1,0,1
Mexico,Mexico,2021-07-14,2021-07-15,Gold Cup,Guatemala,3,0,False,win,True,Dallas,1963.6012963759545,1601.8615512852512,0.8891749680296808,0.1108250319703192,0,True,0.2855607027135461,-0.8655504041562276,1.90840948661426,0.1920282975168141,2.193970189327806,2.100437784131074,1,0,0
Mexico,Mexico,2021-07-18,2021-07-19,Gold Cup,El Salvador,1,0,False,win,True,Dallas,1973.2984866733573,1710.8830198677688,0.819147866167886,0.1808521338321139,0,False,,0.1920282975168141,-1.2417688912421008,-0.1480041515681129,-1.2417688912421008,-1.3897730428102137,1,0,0
Mexico,Mexico,2021-07-24,2021-07-26,Gold Cup,Honduras,3,0,False,win,True,Glendale,1982.3410933649632,1710.0917623150997,0.8273830982649524,0.1726169017350476,0,False,,-0.2815292484893699,1.2421430296210882,0.4001129594314672,1.2421430296210882,1.6422559890525554,1,0,0
Mexico,Mexico,2021-07-29,2021-07-30,Gold Cup,Canada,2,1,False,win,True,Houston,1997.44507226678,1870.1976524134711,0.6753525508072524,0.3246474491927476,0,True,0.2497812983543243,0.6571089809732041,-1.2202664500737292,0.0242494645271844,-0.970485151719405,-1.1960169855465448,1,0,0
Mexico,Mexico,2021-08-01,2021-08-02,Gold Cup,United States,0,1,False,loss,False,Las Vegas,2013.6774447264168,1945.8173399948448,0.45387845737682,-0.45387845737682,0,False,,-1.2202664500737292,0.0242494645271844,1.1170008023527025,0.0242494645271844,1.141250266879887,1,1,0
Mexico,Mexico,2022-11-22,2022-11-23,FIFA World Cup,Poland,0,0,False,draw,True,Doha,1911.506505043304,1865.197146474893,0.5662526406173494,-0.0662526406173493,0,True,-0.0022629321416567,0.3271243411874491,-0.0012779576380791,-0.0721434549250536,-0.0035408897797357996,-0.0734214125631327,1,0,1
Mexico,Mexico,2022-11-26,2022-11-28,FIFA World Cup,Argentina,0,2,False,loss,True,Lusail,1907.5313466062623,2141.2174279221485,0.2066553655093934,-0.2066553655093934,0,False,,-0.6318517334920322,-0.3584378057673948,-1.7933606941675486,-0.3584378057673948,-2.1517984999349435,1,1,0
Mexico,Mexico,2022-11-30,2022-12-01,FIFA World Cup,Saudi Arabia,2,1,False,win,True,Lusail,1888.932363710417,1769.921065245304,0.6648724705525587,0.3351275294474413,0,True,1.4626120432073575,-1.7933606941675486,-0.7003632451640689,-0.3874580607168408,0.7622487980432886,-1.0878213058809096,1,0,0
Mexico,Mexico,2023-06-25,2023-06-26,Gold Cup,Honduras,4,0,False,win,True,Houston,1891.8752555019323,1585.610357972667,0.8535852995700474,0.1464147004299526,0,False,,0.148812337638512,0.1599603325978169,0.561811909744671,0.1599603325978169,0.7217722423424879,1,0,0
Mexico,Mexico,2023-06-29,2023-06-30,Gold Cup,Haiti,3,1,False,win,True,Glendale,1905.6016336672403,1726.679679682071,0.7369076678984223,0.2630923321015777,0,True,0.1537976750334187,-0.926150961008537,-0.7007846320688407,1.4240880467648638,-0.546986957035422,0.7233034146960231,1,0,0
Mexico,Mexico,2023-07-02,2023-07-03,Gold Cup,Qatar,0,1,False,loss,True,Santa Clara,1925.333558574859,1639.046231378187,0.8386208767736554,-0.8386208767736554,1,False,,-0.7007846320688407,1.4240880467648638,-0.8713870271459276,1.4240880467648638,0.5527010196189361,1,1,0
Mexico,Mexico,2023-07-08,2023-07-10,Gold Cup,Costa Rica,2,0,False,win,True,Arlington,1883.402514736176,1770.891338634949,0.6564843969801244,0.3435156030198756,0,False,,0.9123585324236282,-0.6024526826632385,0.4673102319217546,-0.6024526826632385,-0.1351424507414839,1,0,0
Mexico,Mexico,2023-07-12,2023-07-13,Gold Cup,Jamaica,3,0,False,win,True,Paradise,1909.1661849626664,1737.1640401165284,0.7291124014758985,0.2708875985241015,0,True,-1.018580636746345,0.4673102319217546,-0.1448714159794101,-0.7963359803887577,-1.1634520527257552,-0.9412073963681679,1,0,0
Mexico,Mexico,2023-07-16,2023-07-17,Gold Cup,Panama,1,0,False,win,True,Inglewood,1932.8688498335248,1829.645327388292,0.6443287802505306,0.3556712197494693,0,False,,-0.7963359803887577,-0.3830940849867839,0.459813278256508,-0.3830940849867839,0.0767191932697241,1,0,0
Mexico,Mexico,2024-06-22,2024-06-24,Copa América,Jamaica,1,0,False,win,True,Houston,1897.3777082509127,1772.7682193196572,0.6720143592819632,0.3279856407180368,0,False,,-0.7887806437545752,-0.5342743525593281,0.0150848744540368,-0.5342743525593281,-0.5191894781052913,1,0,0
Mexico,Mexico,2024-06-26,2024-06-27,Copa América,Venezuela,0,1,False,loss,True,Inglewood,1913.7769902868151,1860.7252492862483,0.5757597058108983,-0.5757597058108983,1,True,-0.2083932219044392,0.0150848744540368,-0.3584424042855916,0.3506844059710666,-0.5668356261900308,-0.007757998314525005,1,1,0
Mexico,Mexico,2024-06-30,2024-07-01,Copa América,Ecuador,0,0,False,draw,True,Glendale,1884.9890049962703,1943.2182790878228,0.4169772251263102,0.0830227748736897,0,False,,0.3506844059710666,0.7755372624232838,-2.0721447066157914,0.7755372624232838,-1.2966074441925075,1,0,1
Mexico,Mexico,2025-06-14,2025-06-16,Gold Cup,Dominican Republic,3,2,False,win,True,Inglewood,1920.343481289039,1492.0696483993534,0.92167619317486,0.0783238068251399,0,False,,-0.0773569753832649,-0.6511807489347725,-0.1047204945440565,-0.6511807489347725,-0.755901243478829,1,0,0
Mexico,Mexico,2025-06-18,2025-06-19,Gold Cup,Suriname,2,0,False,win,True,Arlington,1924.259671630296,1568.1106823643358,0.885963621555937,0.114036378444063,0,True,0.1547389199286371,-0.1047204945440565,-1.1654997284761657,0.5964563475694277,-1.0107608085475286,-0.569043380906738,1,0,0
Mexico,Mexico,2025-06-22,2025-06-23,Gold Cup,Costa Rica,0,0,False,draw,True,Paradise,1932.8124000136008,1801.6839128324016,0.6802315793288749,-0.1802315793288749,0,False,,0.5964563475694277,-0.7663732297814863,0.4222358686799147,-0.7663732297814863,-0.34413736110157156,1,0,1
Mexico,Mexico,2025-06-28,2025-06-30,Gold Cup,Saudi Arabia,2,0,False,win,True,Glendale,1923.800821047157,1706.9926891651603,0.7769617658279642,0.2230382341720358,0,False,,-0.430075199272699,-0.1509539987529282,0.6385023377256632,-0.1509539987529282,0.48754833897273503,1,0,0
Mexico,Mexico,2025-07-02,2025-07-03,Gold Cup,Honduras,1,0,False,win,True,Santa Clara,1940.52868861006,1733.594978781572,0.7669567207107619,0.233043279289238,0,True,0.7148413356251362,0.6385023377256632,-1.107948573536458,0.1201687042933167,-0.39310723791132185,-0.9877798692431413,1,0,0
Mexico,Mexico,2025-07-06,2025-07-07,Gold Cup,United States,2,1,False,win,False,Houston,1952.1808525745212,1832.664895238092,0.5280562185314198,0.4719437814685802,0,False,,0.1201687042933167,-0.4838325354572175,-0.4411130855016603,-0.4838325354572175,-0.9249456209588778,1,0,0
Mexico,Mexico,2026-06-11,2026-06-12,FIFA World Cup,South Africa,2,0,False,win,False,Mexico City,1980.3845833763148,1663.2380005667433,0.9169255249634356,0.0830744750365644,0,True,2.139593078620785,-0.0568598184447617,1.0800220114319836,-0.180596786534316,3.219615090052769,0.8994252248976676,1,0,0
Mexico,Mexico,2026-06-18,2026-06-19,FIFA World Cup,South Korea,1,0,False,win,False,Zapopan,1987.8612861296056,1904.4091647480573,0.7419321572439963,0.2580678427560037,0,True,-0.6399637415693998,0.3016139926226343,-0.8979828020730156,-0.8001920092591319,-1.5379465436424153,-1.6981748113321475,1,0,0
Mexico,Mexico,2026-06-24,2026-06-25,FIFA World Cup,Czech Republic,3,0,False,win,False,Mexico City,2003.3453566949656,1768.7233718566454,0.8728325477283492,0.1271674522716508,0,True,-0.6368318042335144,0.6821087622053741,1.5588242195503823,-0.1485401663042135,0.9219924153168679,1.410284053246169,1,0,0
Mexico,Mexico,2026-06-30,2026-07-01,FIFA World Cup,Ecuador,2,0,False,win,False,Mexico City,2016.697939183489,1994.057809072396,0.6695108050992947,0.3304891949007053,0,True,-1.4528210687383858,0.1118356776484869,0.6683963701370246,-0.2268051926418806,-0.7844246986013612,0.441591177495144,1,0,0
Mexico,Mexico,2026-07-05,2026-07-06,FIFA World Cup,England,2,3,False,loss,False,Mexico City,2046.4419667245525,2117.7467589652424,0.5412020815260896,-0.5412020815260896,1,False,,-0.0076942717497347,-0.0065093629429888,-0.73673316474832,-0.0065093629429888,-0.7432425276913087,1,1,0
Netherlands,Netherlands,2010-06-14,2010-06-15,FIFA World Cup,Denmark,2,0,False,win,True,Johannesburg,2064.2416074978955,1787.0226846632108,0.8314306141473268,0.1685693858526732,0,True,1.712164727761017,-0.9675706799333234,-1.2267231797218845,-0.2914173557374391,0.48544154803913253,-1.5181405354593236,0,0,0
Netherlands,Netherlands,2010-06-19,2010-06-21,FIFA World Cup,Japan,1,0,False,win,True,Durban,2079.412852224636,1802.7730569262824,0.8309628635584568,0.1690371364415431,0,False,,0.3205727241266052,1.265493362354558,0.5606326266465085,1.265493362354558,1.8261259890010664,0,0,0
Netherlands,Netherlands,2010-06-24,2010-06-25,FIFA World Cup,Cameroon,2,1,False,win,True,Cape Town,2089.5550804111285,1725.9344960073583,0.8902374025306578,0.1097625974693422,0,True,-0.2900746658091326,-0.2629128514463799,-1.105963920954303,1.8401759439403955,-1.3960385867634357,0.7342120229860924,0,0,0
Netherlands,Netherlands,2010-06-28,2010-06-29,FIFA World Cup,Slovakia,2,1,False,win,True,Durban,2096.140836259289,1711.887926706573,0.9013163968785086,0.0986836031214913,0,True,1.8401759439403955,-1.105963920954303,-0.9151021154476044,0.7723340460327239,0.9250738284927911,-0.14276806941488052,0,0,0
Netherlands,Netherlands,2010-07-02,2010-07-05,FIFA World Cup,Brazil,2,1,False,win,True,Port Elizabeth,2102.0618524465785,2168.2980909851726,0.4058166612043316,0.5941833387956684,0,True,0.2658049525404922,-3.096496385327443,-0.5374155265268061,1.6786862970449166,-0.27161057398631394,1.1412707705181104,0,0,0
Netherlands,Netherlands,2010-07-06,2010-07-07,FIFA World Cup,Uruguay,3,2,False,win,True,Cape Town,2137.7128527743184,1960.5795387991948,0.7349066235712677,0.2650933764287323,0,True,1.6786862970449166,-0.5374155265268061,-1.3760255554603602,0.1481373232743572,0.30266074158455636,-1.227888232186003,0,0,0
Netherlands,Netherlands,2010-07-11,2010-07-12,FIFA World Cup,Spain,0,1,False,loss,True,Johannesburg,2153.6184553600424,2168.848669830778,0.4780959879652492,-0.4780959879652492,0,False,,-0.1406379103880064,0.8967038691860485,1.13169132195215,0.8967038691860485,2.0283951911381983,0,1,0
Netherlands,Netherlands,2012-06-09,2012-06-11,UEFA Euro,Denmark,0,1,False,loss,True,Kharkiv,2086.5540052031743,1843.1846972321648,0.8023340173159422,-0.8023340173159422,1,False,,-0.5131697054046105,0.8129686069305473,-0.5712583370474396,0.8129686069305473,0.24171026988310773,0,1,0
Netherlands,Netherlands,2012-06-13,2012-06-14,UEFA Euro,Germany,1,2,False,loss,True,Kharkiv,2046.437304337377,2086.933455304795,0.4419838445279688,-0.4419838445279688,0,True,0.093462718243957,-0.5712583370474396,-0.3997663253041753,0.8190716482473575,-0.3063036070602183,0.4193053229431822,0,1,0
Netherlands,Netherlands,2012-06-17,2012-06-18,UEFA Euro,Portugal,1,2,False,loss,True,Kharkiv,2024.3381121109787,1906.4392244767523,0.6634441468819867,-0.6634441468819867,1,False,,0.8190716482473575,-0.5249740099901611,0.5556281342940574,-0.5249740099901611,0.030654124303896357,0,1,0
Netherlands,Netherlands,2014-06-13,2014-06-16,FIFA World Cup,Spain,5,1,False,win,True,Salvador,2015.507088825491,2149.4804573918154,0.3162168325902755,0.6837831674097246,0,True,-0.2573449015562177,0.4634475119942459,-0.3936678534611147,0.4510609791772262,-0.6510127550173324,0.05739312571611149,0,0,0
Netherlands,Netherlands,2014-06-18,2014-06-19,FIFA World Cup,Australia,3,2,False,win,True,Curitiba,2092.432695159085,1772.413895566564,0.8632058905770248,0.1367941094229752,0,True,-0.4160925605929009,0.4510609791772262,0.2395046205302048,-0.0962576670005549,-0.1765879400626961,0.1432469535296499,0,0,0
Netherlands,Netherlands,2014-06-23,2014-06-24,FIFA World Cup,Chile,2,0,False,win,True,São Paulo,2100.640341724464,2045.286193627691,0.5789937711446956,0.4210062288553043,0,True,-0.5005382224506775,-0.0962576670005549,0.5818509992397128,0.0854161079298704,0.08131277678903537,0.6672671071695833,0,0,0
Netherlands,Netherlands,2014-06-29,2014-06-30,FIFA World Cup,Mexico,2,1,False,win,True,Fortaleza,2138.5309023214413,1977.545055376762,0.7164071419900166,0.2835928580099833,0,False,,-0.1606285833484073,0.4601727024191059,-0.024046219561649,0.4601727024191059,0.4361264828574569,0,0,0
Netherlands,Netherlands,2014-07-05,2014-07-07,FIFA World Cup,Costa Rica,0,0,True,win,True,Salvador,2155.5464738020405,1889.2146349887737,0.8224637075527097,0.1775362924472903,0,False,,-0.3107351989446451,-0.755323126309215,-0.3339937276104532,-0.755323126309215,-1.0893168539196683,0,0,0
Netherlands,Netherlands,2014-07-09,2014-07-10,FIFA World Cup,Argentina,0,0,True,loss,True,São Paulo,2136.198651348878,2127.502885996849,0.5125115998899785,-0.5125115998899785,1,True,0.0562311923353432,-0.3339937276104532,-1.3297635085907562,0.1722868690180649,-1.273532316255413,-1.1574766395726912,0,1,0
Netherlands,Netherlands,2014-07-12,2014-07-14,FIFA World Cup,Brazil,3,0,False,win,False,Brasília,2135.4479553554797,2085.357924456112,0.428663805429282,0.5713361945707179,0,False,,0.1722868690180649,0.2667152746885317,-0.6019340281745446,0.2667152746885317,-0.3352187534860129,0,0,0
Netherlands,Netherlands,2021-06-13,2021-06-14,UEFA Euro,Ukraine,3,2,False,win,False,Amsterdam,1997.9659015744464,1842.340555727253,0.8132849339958496,0.1867150660041504,0,False,,0.3465692105412412,0.0245016055457807,0.1778225230405841,0.0245016055457807,0.2023241285863648,1,0,0
Netherlands,Netherlands,2021-06-17,2021-06-18,UEFA Euro,Austria,2,0,False,win,False,Amsterdam,2007.3016548746537,1813.805234178184,0.8441585525941518,0.1558414474058481,0,True,0.4341166033970987,0.7638237904093995,-1.2709590110747284,0.1560263224379672,-0.8368424076776297,-1.1149326886367612,1,0,0
Netherlands,Netherlands,2021-06-21,2021-06-22,UEFA Euro,North Macedonia,3,0,False,win,False,Amsterdam,2018.9897634300928,1622.1039523727209,0.945848905618694,0.0541510943813059,0,True,0.1560263224379672,-1.2709590110747284,0.1655192667815916,-0.4670531453746023,0.3215455892195588,-0.30153387859301073,1,0,0
Netherlands,Netherlands,2021-06-27,2021-06-28,UEFA Euro,Czech Republic,0,2,False,loss,True,Budapest,2023.727984188457,1844.6325031239485,0.7371012839780002,-0.7371012839780002,1,False,,-0.3356453183414044,-0.3853621181470982,0.43245964660755,-0.3853621181470982,0.04709752846045179,1,1,0
Netherlands,Netherlands,2022-11-21,2022-11-22,FIFA World Cup,Senegal,2,0,False,win,True,Doha,2088.86649404792,1813.4242751826364,0.8299923246022335,0.1700076753977665,0,True,-0.0230152847361799,0.5172464233852698,0.2099210950669749,-0.0175532064670533,0.186905810330795,0.1923678885999216,1,0,0
Netherlands,Netherlands,2022-11-25,2022-11-28,FIFA World Cup,Ecuador,1,1,False,draw,True,Al Rayyan,2104.1671848337187,1947.6610256166648,0.7111389109495678,-0.2111389109495678,0,True,-0.0258805183691109,0.0083428291216829,0.5101139842299919,-0.2011280054451595,0.484233465860881,0.30898597878483236,1,0,1
Netherlands,Netherlands,2022-11-29,2022-11-30,FIFA World Cup,Qatar,2,0,False,win,False,Al Khor,2091.498850176745,1691.389301917674,0.8491012596317924,0.1508987403682076,0,True,-0.2011280054451595,0.5101139842299919,-0.8328512572721332,0.3595237897317649,-1.0339792627172926,-0.47332746754036825,1,0,0
Netherlands,Netherlands,2022-12-03,2022-12-05,FIFA World Cup,United States,3,1,False,win,True,Al Rayyan,2105.079736809884,1933.596168275516,0.7285224058527869,0.271477594147213,0,False,,-0.0787650550580398,0.4938231081135056,0.5286565469649362,0.4938231081135056,1.0224796550784419,1,0,0
Netherlands,Netherlands,2022-12-09,2022-12-12,FIFA World Cup,Argentina,2,2,True,loss,True,Lusail,2129.5127202831327,2186.0479129248806,0.4193498886604965,-0.4193498886604965,0,True,0.7173310502849679,-0.2138554812972944,-0.9124107551478914,1.4043545261949864,-0.19507970486292348,0.49194377104709497,1,1,0
Netherlands,Netherlands,2024-06-16,2024-06-17,UEFA Euro,Poland,2,1,False,win,True,Hamburg,2048.9426872634363,1803.4093955066105,0.8043021696250506,0.1956978303749493,0,False,,-0.4658091519895683,0.1363737833649034,0.1646560580719177,0.1363737833649034,0.3010298414368211,1,0,0
Netherlands,Netherlands,2024-06-21,2024-06-24,UEFA Euro,France,0,0,False,draw,True,Leipzig,2058.727578782184,2149.544288900669,0.3722017041164963,0.1277982958835037,0,True,-0.649909887995211,1.0910720116076305,0.1539031287692198,-0.1778221938398385,-0.4960067592259912,-0.023919065070618695,1,0,1
Netherlands,Netherlands,2024-06-25,2024-06-26,UEFA Euro,Austria,2,3,False,loss,True,Berlin,2065.117493576359,1929.624187890344,0.6856719595038517,-0.6856719595038517,1,True,-0.1778221938398385,0.1539031287692198,-0.380530449981627,0.1494244468910083,-0.5583526438214654,-0.23110600309061868,1,1,0
Netherlands,Netherlands,2024-07-02,2024-07-03,UEFA Euro,Romania,3,0,False,win,True,Munich,2030.8338956011664,1757.2239956539674,0.8284988095890222,0.1715011904109777,0,True,-0.187952889931319,-0.1502438087585113,0.151091764041755,0.2405970616530618,-0.036861125889564,0.3916888256948168,1,0,0
Netherlands,Netherlands,2024-07-06,2024-07-08,UEFA Euro,Turkey,2,1,False,win,True,Berlin,2045.8402497621269,1872.6121124542792,0.7305040310443843,0.2694959689556157,0,False,,-0.4561850437559334,-0.2239694743328227,-0.2202481229824269,-0.2239694743328227,-0.44421759731524957,1,0,0
Netherlands,Netherlands,2024-07-10,2024-07-11,UEFA Euro,England,1,2,False,loss,True,Dortmund,2059.315048209908,2034.704038859705,0.5353589683183522,-0.5353589683183522,1,True,0.3512097883723151,-0.2202481229824269,-0.3702492013660964,0.5881303638739535,-0.019039412993781313,0.21788116250785705,1,1,0
Netherlands,Netherlands,2026-06-14,2026-06-15,FIFA World Cup,Japan,2,2,False,draw,True,Arlington,2010.9565899526183,1993.6265812773015,0.524919224424052,-0.024919224424052,0,False,,0.941095666735773,-1.2104691159259842,-0.4644840898726472,-1.2104691159259842,-1.6749532057986314,1,0,1
Netherlands,Netherlands,2026-06-20,2026-06-22,FIFA World Cup,Sweden,5,1,False,win,True,Houston,2009.4614364871752,1821.8436294932865,0.7464968056464678,0.2535031943535322,0,False,,-0.5689449229144785,0.4929032722977142,-0.3958788063808438,0.4929032722977142,0.09702446591687042,1,0,0
Netherlands,Netherlands,2026-06-25,2026-06-26,FIFA World Cup,Tunisia,3,1,False,win,True,Kansas City,2037.980545851948,1670.9037461740616,0.8921664532266574,0.1078335467733425,0,True,0.0645498017975858,0.4806724653636037,-0.5644387653122376,-0.1032874915159512,-0.4998889635146518,-0.6677262568281888,1,0,0
Netherlands,Netherlands,2026-06-29,2026-06-30,FIFA World Cup,Morocco,1,1,True,loss,True,Guadalupe,2047.6855650615485,2023.0202391008736,0.5354367444241559,-0.5354367444241559,1,True,-0.1032874915159512,-0.5644387653122376,0.7285309267377192,-0.4925269550901713,0.6252434352217681,0.23600397164754794,1,1,0
Portugal,Portugal,2014-06-16,2014-06-17,FIFA World Cup,Germany,0,4,False,loss,True,Salvador,1976.695598436368,2105.350649718197,0.3228733897095658,-0.3228733897095658,0,True,-0.6002110146434084,-0.2574875513711255,0.1093076433362039,-1.205952442567816,-0.4909033713072045,-1.0966447992316122,0,1,0
Portugal,Portugal,2014-06-22,2014-06-23,FIFA World Cup,United States,2,2,False,draw,True,Manaus,1940.3723420940416,1949.917646639552,0.486266657656226,0.0137333423437739,0,False,,-1.4149945205898635,-0.9863115221403288,-0.8590273523043387,-0.9863115221403288,-1.8453388744446675,0,0,1
Portugal,Portugal,2014-06-26,2014-06-27,FIFA World Cup,Ghana,2,1,False,win,True,Brasília,1941.196342634668,1809.808713034258,0.6805559710329281,0.3194440289670719,0,True,0.095469604414992,2.155885678079784,-1.8180944055298824,-0.8247970086861023,-1.7226248011148904,-2.6428914142159847,0,0,0
Portugal,Portugal,2016-06-14,2016-06-15,UEFA Euro,Iceland,1,1,False,draw,True,Saint-Étienne,1945.527232717253,1698.0723659933933,0.8060373893415714,-0.3060373893415714,0,True,-1.424383797402134,-1.4380670127166246,-0.0009143072866952,-0.9982904387205556,-1.4252981046888293,-0.9992047460072507,0,0,1
Portugal,Portugal,2016-06-18,2016-06-20,UEFA Euro,Austria,0,0,False,draw,True,Lyon,1930.225363250174,1761.8259417048837,0.7249968971378241,-0.2249968971378241,0,False,,1.923380410359373,1.9767882408919608,-1.4809995666241198,1.9767882408919608,0.495788674267841,0,0,1
Portugal,Portugal,2016-06-22,2016-06-23,UEFA Euro,Hungary,3,3,False,draw,True,Lyon,1918.9755183932828,1767.0767771214437,0.7056603053014117,-0.2056603053014116,0,True,0.866714494147244,-1.4809995666241198,0.3945359138692799,-3.0755721170380976,1.2612504080165239,-2.6810362031688175,0,0,1
Portugal,Portugal,2016-06-25,2016-06-27,UEFA Euro,Croatia,1,0,False,win,True,Lens,1908.692503128212,1915.783363118812,0.4897968487904802,0.5102031512095198,0,False,,-3.0755721170380976,0.8473911905248785,1.0573760395573444,0.8473911905248785,1.904767230082223,0,0,0
Portugal,Portugal,2016-06-30,2016-07-01,UEFA Euro,Poland,1,1,True,win,True,Marseille,1934.202660688688,1870.2036238509293,0.5910742562019337,0.4089257437980663,0,True,-1.3140713194586795,-0.2934158697806641,0.309196741220932,0.0352753842820169,-1.0048745782377475,0.3444721255029489,0,0,0
Portugal,Portugal,2016-07-06,2016-07-07,UEFA Euro,Wales,2,0,False,win,True,Lyon,1929.648947878592,1837.0913865077223,0.6301368982394742,0.3698631017605258,0,True,-1.0372712455158457,-1.1715409965676111,1.4026957353148932,0.3755077546813681,0.3654244897990475,1.7782034899962613,0,0,0
Portugal,Portugal,2016-07-10,2016-07-11,UEFA Euro,France,1,0,False,win,False,Saint-Denis,1957.388680510631,2063.269196255187,0.2341286389561463,0.7658713610438537,0,False,,0.3755077546813681,1.028485239575309,-0.1692376685257135,1.028485239575309,0.8592475710495955,0,0,0
Portugal,Portugal,2018-06-15,2018-06-18,FIFA World Cup,Spain,3,3,False,draw,True,Sochi,2024.5855499377703,2090.216900023406,0.4066565530120435,0.0933434469879564,0,True,-1.752656613235177,-0.0591690998872616,0.2687542327612146,0.4252474464437877,-1.4839023804739626,0.6940016792050023,1,0,1
Portugal,Portugal,2018-06-20,2018-06-21,FIFA World Cup,Morocco,1,0,False,win,True,Moscow,2030.186156757048,1794.8753721266792,0.7948737676910986,0.2051262323089013,0,True,-0.0176551917815995,0.4252474464437877,-0.8314648392221332,1.752454281981342,-0.8491200310037327,0.9209894427592088,1,0,0
Portugal,Portugal,2018-06-25,2018-06-26,FIFA World Cup,Iran,1,1,False,draw,True,Saransk,2042.4937306955817,1893.4517441132296,0.7022331432415184,-0.2022331432415184,0,True,-0.2782843490100252,1.752454281981342,0.9441264984967224,0.7631509888061216,0.6658421494866972,1.707277487302844,1,0,1
Portugal,Portugal,2018-06-30,2018-07-02,FIFA World Cup,Uruguay,1,2,False,loss,True,Sochi,2030.359742101091,2008.8026072715884,0.5309834614028988,-0.5309834614028988,1,False,,-0.7723723136232545,-0.6747263392833176,0.0700748297718709,-0.6747263392833176,-0.6046515095114466,1,1,0
Portugal,Portugal,2021-06-15,2021-06-16,UEFA Euro,Hungary,3,0,False,win,False,Budapest,2084.773956760044,1791.447579715739,0.7526649136202404,0.2473350863797596,0,True,0.0973963115960034,0.8524954220290302,0.7770382987242497,-0.6456051754652988,0.874434610320253,0.13143312325895085,1,0,0
Portugal,Portugal,2021-06-19,2021-06-21,UEFA Euro,Germany,2,4,False,loss,False,Munich,2106.4157768182727,1964.9113516504417,0.5594471569597508,-0.5594471569597508,1,False,,-1.671019240555816,0.4231109616610575,-0.9005604008482284,0.4231109616610575,-0.4774494391871709,1,1,0
Portugal,Portugal,2021-06-23,2021-06-24,UEFA Euro,France,2,2,False,draw,True,Budapest,2064.457240046291,2141.0680609911983,0.3915009675200942,0.1084990324799057,0,True,-0.6928918711506628,-0.9005604008482284,0.4571425123161721,-0.1150570405993817,-0.23574935883449066,0.3420854717167904,1,0,1
Portugal,Portugal,2021-06-27,2021-06-28,UEFA Euro,Belgium,0,1,False,loss,True,Seville,2069.8821916702864,2195.0700513247766,0.3272522315541169,-0.3272522315541169,0,False,,-0.1150570405993817,-0.0602684420907749,-0.0836246055436197,-0.0602684420907749,-0.1438930476343946,1,1,0
Portugal,Portugal,2022-11-24,2022-11-25,FIFA World Cup,Ghana,3,2,False,win,True,Doha,2057.6844839355103,1678.9013154248576,0.8984802344167122,0.1015197655832877,0,True,0.0317467366700976,-0.1423274654673044,-0.0773767470727266,-0.3629222457491557,-0.045630010402629,-0.44029899282188234,1,0,0
Portugal,Portugal,2022-11-28,2022-11-29,FIFA World Cup,Uruguay,2,0,False,win,True,Lusail,2063.7756698705075,1996.832486051138,0.5951642389817133,0.4048357610182866,0,True,-0.3629222457491557,-0.0773767470727266,0.3339685202998285,-0.7644298859108467,-0.028953725449327228,-0.4304613656110182,1,0,0
Portugal,Portugal,2022-12-02,2022-12-05,FIFA World Cup,South Korea,1,2,False,loss,True,Al Rayyan,2100.210888362153,1850.0886302809215,0.808426691796318,-0.808426691796318,1,True,-1.185978318291868,0.5782867284794933,0.9462476848816012,0.541511854458396,-0.2397306334102668,1.4877595393399972,1,1,0
Portugal,Portugal,2022-12-06,2022-12-07,FIFA World Cup,Switzerland,6,1,False,win,True,Lusail,2051.705286854374,1992.9972842684488,0.5836925718820286,0.4163074281179714,0,True,0.541511854458396,0.9462476848816012,-0.6616640523681427,-1.2618302371246195,-0.12015219790974674,-1.9234942894927622,1,0,0
Portugal,Portugal,2022-12-10,2022-12-12,FIFA World Cup,Morocco,0,1,False,loss,True,Doha,2101.6621782285306,1968.998002507396,0.6821513837194878,-0.6821513837194878,1,False,,0.2013143468802459,-0.0116794234076012,0.1794706085579768,-0.0116794234076012,0.1677911851503756,1,1,0
Portugal,Portugal,2024-06-18,2024-06-19,UEFA Euro,Czech Republic,2,1,False,win,True,Leipzig,2061.5549726934287,1828.8269583230392,0.7924389807098826,0.2075610192901174,0,True,0.4874056866395694,-0.5431657570024,-0.5138951483437617,1.7430650995781671,-0.026489461704192308,1.2291699512344054,1,0,0
Portugal,Portugal,2024-06-22,2024-06-24,UEFA Euro,Turkey,3,0,False,win,True,Dortmund,2071.9330236579344,1831.8637855930813,0.7993039355921477,0.2006960644078522,0,False,,-1.0061629797996596,0.3292137210366261,-0.5137493390012668,0.3292137210366261,-0.18453561796464074,1,0,0
Portugal,Portugal,2024-06-26,2024-06-27,UEFA Euro,Georgia,0,2,False,loss,True,Gelsenkirchen,2089.493929293621,1704.4078141438176,0.9017421856170216,-0.9017421856170216,1,True,-0.3267073716833421,-0.5137493390012668,-0.4073434031303389,-0.5928178288530741,-0.734050774813681,-1.000161231983413,1,1,0
Portugal,Portugal,2024-07-01,2024-07-02,UEFA Euro,Slovenia,0,0,True,win,True,Frankfurt,2021.8632653723448,1813.0623799457849,0.7688722984359889,0.231127701564011,0,True,1.690547930376572,-0.5928178288530741,-0.3331990238034779,0.7129965220654976,1.3573489065730941,0.3797974982620197,1,0,0
Portugal,Portugal,2024-07-05,2024-07-08,UEFA Euro,France,0,0,True,loss,True,Hamburg,2008.4196504505453,2140.536371198781,0.3185322983706098,-0.3185322983706098,0,True,-0.3038582297678654,0.126788962984768,-0.4362568626296129,-0.0711161057675174,-0.7401150923974783,-0.5073729683971303,1,1,0
Portugal,Portugal,2026-06-17,2026-06-18,FIFA World Cup,DR Congo,1,1,False,draw,True,Houston,2046.5367033685231,1763.4302969278765,0.8361273699727502,-0.3361273699727501,0,True,1.26617142618195,-0.2233261153698464,-0.9653970505870678,0.4855153662004271,0.3007743755948823,-0.4798816843866407,1,0,1
Portugal,Portugal,2026-06-23,2026-06-24,FIFA World Cup,Uzbekistan,5,0,False,win,True,Houston,2026.369061170158,1802.8417580578264,0.7835926152529586,0.2164073847470413,0,True,0.5877107420297523,0.7574124563994188,-0.5097396952368507,0.9925069135352264,0.07797104679290157,0.48276721829837566,1,0,0
Portugal,Portugal,2026-06-27,2026-06-29,FIFA World Cup,Colombia,0,0,False,draw,True,Miami Gardens,2052.337947339803,2091.072789896717,0.4444858951239301,0.0555141048760698,0,False,,-0.159935529262907,-0.1592412026967378,-0.7918056345201122,-0.1592412026967378,-0.95104683721685,1,0,1
Portugal,Portugal,2026-07-02,2026-07-03,FIFA World Cup,Croatia,2,1,False,win,True,Toronto,2055.6687936323674,1969.7221485457455,0.6212244553915186,0.3787755446084814,0,True,1.2692766236629065,-0.335890539405036,1.3791120451274512,-1.729576532595665,2.648388668790358,-0.3504644874682137,1,0,0
Portugal,Portugal,2026-07-06,2026-07-07,FIFA World Cup,Spain,0,1,False,loss,True,Dallas,2078.395326308876,2224.501610688436,0.301312555125922,-0.301312555125922,0,True,-1.729576532595665,1.3791120451274512,0.5938470899839356,-1.4755693099453426,-1.1357294426117293,-0.881722219961407,1,1,0
South Korea,South Korea,2010-06-12,2010-06-14,FIFA World Cup,Greece,2,0,False,win,True,Port Elizabeth,1841.0434495413897,1755.666750914861,0.6204521437050032,0.3795478562949967,0,False,,0.0048702446492292,0.7648230692675793,-0.7582178398839412,0.7648230692675793,0.006605229383638056,0,0,0
South Korea,South Korea,2010-06-17,2010-06-18,FIFA World Cup,Argentina,1,4,False,loss,True,Johannesburg,1875.2027566079396,1956.5145080161897,0.3850736081231381,-0.3850736081231381,0,True,0.1280479743382729,-0.1356300091490303,0.2281948919575007,1.5776690487736045,0.3562428662957736,1.8058639407311052,0,1,0
South Korea,South Korea,2010-06-22,2010-06-23,FIFA World Cup,Nigeria,2,2,False,draw,True,Durban,1834.7700277550096,1754.985565708971,0.6128424761721177,-0.1128424761721177,0,True,-0.2272117433973914,1.5776690487736045,0.5186989282518892,1.7159195390127786,0.29148718485449787,2.234618467264668,0,0,1
South Korea,South Korea,2010-06-26,2010-06-28,FIFA World Cup,Uruguay,1,2,False,loss,True,Port Elizabeth,1827.9994791846827,1952.256901808597,0.3284324938692946,-0.3284324938692946,0,False,,-0.0987550009348147,0.0958323893798212,-0.1686956952460832,0.0958323893798212,-0.07286330586626198,0,1,0
South Korea,South Korea,2011-01-10,2011-01-11,AFC Asian Cup,Bahrain,2,1,False,win,True,Doha,1805.2199179398483,1574.8882662498474,0.7901609033200339,0.2098390966799661,0,True,-0.0444094149516953,0.7739996285549613,0.366158866303939,-0.2660859875637951,0.3217494513522437,0.10007287874014392,0,0,0
South Korea,South Korea,2011-01-14,2011-01-17,AFC Asian Cup,Australia,1,1,False,draw,True,Doha,1815.7118727738464,1844.483624520277,0.458688512815597,0.0413114871844029,0,True,0.7043831260498571,-0.8962103671552912,-0.7006635380072213,-0.2479067638369206,0.003719588042635835,-0.9485703018441418,0,0,1
South Korea,South Korea,2011-01-18,2011-01-19,AFC Asian Cup,India,4,1,False,win,True,Doha,1817.7774471330667,1324.113918884025,0.9448909566776608,0.0551090433223392,0,True,-0.2479067638369206,-0.7006635380072213,1.0037979150266083,0.0703286806454894,0.7558911511896877,1.0741265956720978,0,0,0
South Korea,South Korea,2011-01-22,2011-01-24,AFC Asian Cup,Iran,1,0,False,win,True,Doha,1822.5994884237716,1837.6277250578453,0.4783861069572245,0.5216138930427754,0,False,,-1.5534071862808412,0.3273796526245089,-0.0266063510527747,0.3273796526245089,0.3007733015717342,0,0,0
South Korea,South Korea,2011-01-25,2011-01-26,AFC Asian Cup,Japan,2,2,True,loss,True,Doha,1848.6801830759105,1897.0886728027635,0.4307819167071242,-0.4307819167071242,0,True,-0.0266063510527747,0.3273796526245089,1.0278098574968406,-0.0322474255590207,1.0012035064440659,0.9955624319378199,0,1,0
South Korea,South Korea,2011-01-28,2011-01-31,AFC Asian Cup,Uzbekistan,3,2,False,win,True,Doha,1852.141087240554,1670.237877419116,0.7402212937397382,0.2597787062602618,0,True,0.2251339920286292,-0.0322474255590207,-1.1555571033593457,-0.8649469261601707,-0.9304231113307165,-2.0205040295195165,0,0,0
South Korea,South Korea,2014-06-17,2014-06-18,FIFA World Cup,Russia,1,1,False,draw,True,Cuiabá,1753.2903172790575,1880.795574276356,0.324322114316403,0.1756778856835969,0,True,0.3940706323857694,0.0539081262007743,-0.8613532512556488,-0.2687104762101792,-0.4672826188698794,-1.1300637274658278,0,0,1
South Korea,South Korea,2014-06-22,2014-06-23,FIFA World Cup,Algeria,2,4,False,loss,True,Porto Alegre,1763.8309904200737,1696.6723002405474,0.595463107494453,-0.595463107494453,1,False,,-1.311169354931841,0.3579688026642691,1.2064558482376486,0.3579688026642691,1.5644246509019177,0,1,0
South Korea,South Korea,2014-06-26,2014-06-27,FIFA World Cup,Belgium,0,1,False,loss,True,São Paulo,1710.2393107455728,1926.733985139643,0.2233510799423621,-0.2233510799423621,0,True,1.102841546008579,-0.0322309608331224,-0.424009239726183,0.5880270534442424,0.678832306282396,0.16401781371805946,0,1,0
South Korea,South Korea,2015-01-10,2015-01-12,AFC Asian Cup,Oman,1,0,False,win,True,Canberra,1720.5522998456718,1635.9952325776414,0.6193404243279154,0.3806595756720846,0,False,,0.5922698738451719,0.2170412212081266,0.0139544852430545,0.2170412212081266,0.23099570645118112,0,0,0
South Korea,South Korea,2015-01-13,2015-01-14,AFC Asian Cup,Kuwait,1,0,False,win,True,Canberra,1739.585278629276,1587.0212234160608,0.7064551538348224,0.2935448461651776,0,True,0.0139544852430545,0.2170412212081266,-0.0770522349440686,0.2796462285391489,-0.0630977497010141,0.2025939935950803,0,0,0
South Korea,South Korea,2015-01-17,2015-01-19,AFC Asian Cup,Australia,1,0,False,win,False,Brisbane,1754.2625209375349,1769.9588379289862,0.3393927408915341,0.660607259108466,0,False,,-1.6026023982293256,0.2942700980111747,0.7590339258367127,0.2942700980111747,1.0533040238478875,0,0,0
South Korea,South Korea,2015-01-22,2015-01-23,AFC Asian Cup,Uzbekistan,2,0,False,win,True,Melbourne,1787.292883892958,1761.2011013744818,0.5374786632894673,0.4625213367105327,0,True,-0.6442720148704761,-0.1453222639906949,0.4961854083393139,0.0361215167269666,-0.14808660653116223,0.5323069250662805,0,0,0
South Korea,South Korea,2015-01-26,2015-01-27,AFC Asian Cup,Iraq,2,0,False,win,True,Sydney,1821.981984146248,1653.9831940438082,0.7245368528015543,0.2754631471984456,0,True,0.0361215167269666,0.4961854083393139,0.7817435953522428,1.126612297586996,0.8178651120792094,1.9083558929392388,0,0,0
South Korea,South Korea,2015-01-31,2015-02-02,AFC Asian Cup,Australia,1,2,False,loss,False,Sydney,1842.641720186132,1790.0462211214804,0.4321996458782916,-0.4321996458782916,0,False,,-0.0896938216899648,0.3633288622103264,-0.991989022161594,0.3633288622103264,-0.6286601599512676,0,1,0
South Korea,South Korea,2018-06-18,2018-06-19,FIFA World Cup,Sweden,0,1,False,loss,True,Nizhny Novgorod,1788.1504783483954,1834.738063584348,0.4333540309314312,-0.4333540309314312,0,True,-0.8233307182820343,-0.5606020014856558,-0.6664340470258172,1.7775318825987545,-1.4897647653078514,1.1110978355729373,1,1,0
South Korea,South Korea,2018-06-23,2018-06-25,FIFA World Cup,Mexico,1,2,False,loss,True,Rostov-on-Don,1762.1492364925095,1969.434994400695,0.2326812613612139,-0.2326812613612139,0,False,,0.9790733704482628,0.2908899934813694,0.3297108199363933,0.2908899934813694,0.6206008134177627,1,1,0
South Korea,South Korea,2018-06-27,2018-06-28,FIFA World Cup,Germany,2,0,False,win,True,Kazan,1748.188360810837,2093.753465780344,0.1203380682036201,0.8796619317963799,0,True,-0.0962677150150964,0.3297108199363933,-0.9300858542967254,0.0663403674979712,-1.0263535693118218,-0.8637454867987542,1,0,0
South Korea,South Korea,2019-01-07,2019-01-08,AFC Asian Cup,Philippines,1,0,False,win,True,Dubai,1851.7701913046776,1363.7350760384934,0.9431793132218336,0.0568206867781665,0,True,-0.435827510466876,0.4723867282953412,-1.165418653473289,1.2176439496875708,-1.6012461639401652,0.052225296214281736,1,0,0
South Korea,South Korea,2019-01-11,2019-01-14,AFC Asian Cup,Kyrgyzstan,1,0,False,win,True,Al Ain,1854.6112256435856,1453.5837000263475,0.9095785634524955,0.0904214365475043,0,True,0.4896894150831882,-0.702211168413958,-0.1592849893603403,1.4968589104162404,0.3304044257228479,1.3375739210559001,1,0,0
South Korea,South Korea,2019-01-16,2019-01-17,AFC Asian Cup,China,2,0,False,win,True,Abu Dhabi,1859.132297470961,1652.0771031458708,0.7670816898873329,0.232918310112667,0,True,-0.1317096623793373,1.4968589104162404,-0.3771434878449869,0.0572404489961984,-0.5088531502243242,-0.3199030388487885,1,0,0
South Korea,South Korea,2019-01-22,2019-01-23,AFC Asian Cup,Bahrain,2,1,False,win,True,Dubai,1876.601170729411,1555.7257800782977,0.8637871005340416,0.1362128994659583,0,True,0.159974497225396,-0.5045804578608853,1.007535027879442,0.605675628399727,1.167509525104838,1.6132106562791688,1,0,0
South Korea,South Korea,2019-01-25,2019-01-28,AFC Asian Cup,Qatar,0,1,False,loss,True,Abu Dhabi,1883.411815702709,1758.848292739811,0.6719560355561477,-0.6719560355561477,1,True,1.0018374541233055,0.605675628399727,-0.3099497288812463,0.5934132814343582,0.6918877252420592,0.28346355255311195,1,1,0
South Korea,South Korea,2022-11-24,2022-11-25,FIFA World Cup,Uruguay,0,0,False,draw,True,Al Rayyan,1887.2181978597112,2006.7661101087704,0.3344395990394613,0.1655604009605386,0,True,0.5716191310315357,-0.3753598092403739,-0.1851120836633359,-0.727714858039994,0.38650704736819985,-0.9128269417033299,1,0,1
South Korea,South Korea,2022-11-28,2022-11-29,FIFA World Cup,Ghana,2,3,False,loss,True,Al Rayyan,1897.151821917344,1672.8101294898604,0.7843865272736982,-0.7843865272736982,1,True,-0.727714858039994,-0.1851120836633359,1.6548502333346278,0.4352395780658407,0.9271353752946337,2.0900898114004685,1,1,0
South Korea,South Korea,2022-12-02,2022-12-05,FIFA World Cup,Portugal,2,1,False,win,True,Al Rayyan,1850.0886302809215,2100.210888362153,0.191573308203682,0.808426691796318,0,True,-1.9024392937401864,-1.1310861243877646,0.0535205262013351,0.1329921521635859,-1.8489187675388512,0.186512678364921,1,0,0
South Korea,South Korea,2022-12-05,2022-12-06,FIFA World Cup,Brazil,1,4,False,loss,True,Doha,1898.5942317887009,2200.0807754598545,0.1498859235478866,-0.1498859235478866,0,True,0.0535205262013351,-1.9024392937401864,0.1329921521635859,0.1410700992014265,0.186512678364921,0.2740622513650124,1,1,0
South Korea,South Korea,2024-01-15,2024-01-16,AFC Asian Cup,Bahrain,3,1,False,win,True,Doha,1901.280196532077,1548.8237271189623,0.8837984166737008,0.1162015833262991,0,True,-0.0764503154762544,-0.6676468377426952,-0.8149957070375644,-1.8003739278376545,-0.8914460225138188,-2.615369634875219,1,0,0
South Korea,South Korea,2024-01-20,2024-01-22,AFC Asian Cup,Jordan,2,2,False,draw,True,Doha,1909.9953152815492,1673.4236185668058,0.7960547120557359,-0.2960547120557358,0,False,,0.5246631435576776,-0.8955880180066049,0.4106157463004524,-0.8955880180066049,-0.48497227170615254,1,0,1
South Korea,South Korea,2024-01-25,2024-01-26,AFC Asian Cup,Malaysia,3,3,False,draw,True,Al Wakrah,1895.1925796787627,1447.2637395529002,0.929464053554092,-0.429464053554092,0,True,-0.2973270890218481,-0.5978035978629518,0.0926017545339249,0.5856813102583741,-0.20472533448792324,0.678283064792299,1,0,1
South Korea,South Korea,2024-01-30,2024-01-31,AFC Asian Cup,Saudi Arabia,1,1,True,win,True,Al Rayyan,1873.719377001058,1724.1879840329511,0.7028218992556563,0.2971781007443437,0,True,-0.3447423195035757,0.5856813102583741,0.4844838202566319,1.9577045625581715,0.1397415007530562,2.442188382814803,1,0,0
South Korea,South Korea,2024-02-02,2024-02-05,AFC Asian Cup,Australia,2,1,False,win,True,Al Wakrah,1863.5782820382756,1897.7205042329451,0.4510229456826448,0.5489770543173552,0,True,2.061070036296468,1.9577045625581715,-0.9875196113502164,-0.627018129179641,1.0735504249462515,-1.6145377405298573,1,0,0
South Korea,South Korea,2024-02-06,2024-02-07,AFC Asian Cup,Jordan,0,2,False,loss,True,Al Rayyan,1891.0271347541432,1702.5872441262784,0.747391296641476,-0.747391296641476,1,True,-0.627018129179641,-0.9875196113502164,0.8037362117261106,0.1581579409046494,0.1767180825464697,0.9618941526307601,1,1,0
South Korea,South Korea,2026-06-11,2026-06-12,FIFA World Cup,Czech Republic,2,1,False,win,True,Zapopan,1881.1042917075224,1802.239630391879,0.6115854493244198,0.3884145506755802,0,True,0.2896170379638828,-3.965821421387252,3.2328662695779697,4.483946432420144,3.5224833075418527,7.716812701998114,1,0,0
South Korea,South Korea,2026-06-18,2026-06-19,FIFA World Cup,Mexico,0,1,False,loss,False,Zapopan,1904.4091647480573,1987.8612861296056,0.2580678427560036,-0.2580678427560036,0,True,2.2273855320774985,2.131560255618727,-0.7358417406438063,0.7062419224817283,1.4915437914336922,-0.029599818162077907,1,1,0
South Korea,South Korea,2026-06-24,2026-06-25,FIFA World Cup,South Africa,0,1,False,loss,True,Guadalupe,1888.925094182697,1665.972683308151,0.7830309055370233,-0.7830309055370233,1,True,4.220707725634145,-9.74037368153984,5.218982654343721,-6.047672294363139,9.439690379977865,-0.8286896400194177,1,1,0
Spain,Spain,2010-06-16,2010-06-17,FIFA World Cup,Switzerland,0,1,False,loss,True,Durban,2139.937539917832,1782.5956686114914,0.886655550187271,-0.886655550187271,1,True,-1.1280212194216033,-0.7360722637428325,0.672452761379383,2.349220017437601,-0.45556845804222024,3.021672778816984,0,1,0
Spain,Spain,2010-06-21,2010-06-22,FIFA World Cup,Honduras,2,0,False,win,True,Johannesburg,2086.738206906595,1766.5514462236574,0.8633200189579788,0.1366799810420211,0,True,0.777474160620685,2.349220017437601,0.6566351699664663,0.0629283484599469,1.4341093305871513,0.7195635184264132,0,0,0
Spain,Spain,2010-06-25,2010-06-28,FIFA World Cup,Chile,2,1,False,win,True,Pretoria,2099.039405200377,1959.440192974851,0.690743529608987,0.309256470391013,0,True,-0.738268791854896,-1.249350116474044,2.2726301341488124,-2.3669179919454595,1.5343613422939164,-0.09428785779664706,0,0,0
Spain,Spain,2010-06-29,2010-06-30,FIFA World Cup,Portugal,1,0,False,win,True,Cape Town,2117.594793423838,1936.0992277184391,0.7397698052521097,0.2602301947478903,0,True,-2.3669179919454595,2.2726301341488124,2.809499416658251,-1.228035201451755,0.4425814247127917,1.5814642152064962,0,0,0
Spain,Spain,2010-07-03,2010-07-05,FIFA World Cup,Paraguay,1,0,False,win,True,Johannesburg,2133.2086051087117,1836.3851401581448,0.8466615183120467,0.1533384816879532,0,False,,1.062782433145219,0.4646115671839377,2.3893888494293045,0.4646115671839377,2.854000416613242,0,0,0
Spain,Spain,2010-07-07,2010-07-08,FIFA World Cup,Germany,1,0,False,win,True,Durban,2142.4089140099886,2100.981845194635,0.5593374029868489,0.4406625970131511,0,True,0.9685597812900916,2.3893888494293045,-0.6560840709559838,-0.3013308305339902,0.3124757103341078,-0.957414901489974,0,0,0
Spain,Spain,2010-07-11,2010-07-12,FIFA World Cup,Netherlands,1,0,False,win,True,Johannesburg,2168.848669830778,2153.6184553600424,0.5219040120347508,0.4780959879652492,0,False,,-0.3013308305339902,-0.3098226178755784,0.6898679678753941,-0.3098226178755784,0.38004534999981565,0,0,0
Spain,Spain,2012-06-10,2012-06-11,UEFA Euro,Italy,1,1,False,draw,True,Gdańsk,2162.5992839460546,1888.636003857484,0.8287876557501765,-0.3287876557501765,0,False,,1.666513604486219,0.6604515140975269,-0.9111156390482132,0.6604515140975269,-0.25066412495068635,0,0,1
Spain,Spain,2012-06-14,2012-06-15,UEFA Euro,Republic of Ireland,4,0,False,win,True,Gdańsk,2146.159901158546,1795.5063231098045,0.8827283276027471,0.1172716723972528,0,True,0.5532091836299555,1.8278223563455944,-0.9066928924846388,-3.3146332586007494,-0.3534837088546833,-4.221326151085388,0,0,0
Spain,Spain,2012-06-18,2012-06-19,UEFA Euro,Croatia,1,0,False,win,True,Gdańsk,2157.154120445788,1923.462795829868,0.7933495828944594,0.2066504171055405,0,True,-3.3146332586007494,-0.9066928924846388,1.3777330255777094,1.1402927121092177,-1.93690023302304,2.5180257376869273,0,0,0
Spain,Spain,2012-06-23,2012-06-25,UEFA Euro,France,2,0,False,win,True,Donetsk,2167.486641301065,1893.6171018888988,0.8287110715508665,0.1712889284491334,0,False,,1.818293382131773,-2.131959821784575,-1.523792402939419,-2.131959821784575,-3.655752224723994,0,0,0
Spain,Spain,2012-06-27,2012-06-28,UEFA Euro,Portugal,0,0,True,win,True,Donetsk,2180.33331093475,1957.2005178628376,0.7832072648896211,0.2167927351103789,0,True,1.1755843215587054,-1.523792402939419,0.8106013645270589,2.8182587793725284,1.9861856860857643,3.6288601438995873,0,0,0
Spain,Spain,2012-07-01,2012-07-02,UEFA Euro,Italy,4,0,False,win,True,Kyiv,2166.1729476902688,1974.323680828107,0.7510786060179373,0.2489213939820627,0,False,,2.8182587793725284,-0.8789997341179889,0.332926777899511,-0.8789997341179889,-0.546072956218478,0,0,0
Spain,Spain,2014-06-13,2014-06-16,FIFA World Cup,Netherlands,1,5,False,loss,True,Salvador,2149.4804573918154,2015.507088825491,0.6837831674097246,-0.6837831674097246,1,True,0.1361258611441093,0.6255331397758481,-0.9331250019488502,0.4442785649933455,-0.7969991408047409,-0.48884643695550467,0,1,0
Spain,Spain,2014-06-18,2014-06-19,FIFA World Cup,Chile,0,2,False,loss,True,Rio de Janeiro,2072.5548510582216,1989.7612019315304,0.616944352179563,-0.616944352179563,1,True,-0.2560451320614135,0.4442785649933455,0.3179102430088666,-0.3329094762182505,0.06186511094745312,-0.0149992332093839,0,1,0
Spain,Spain,2014-06-23,2014-06-24,FIFA World Cup,Australia,3,0,False,win,True,Curitiba,2017.029859362061,1764.2062490011854,0.8108234593170623,0.1891765406829376,0,True,-0.218853640457342,-0.3329094762182505,0.5940069983213133,0.0068257292851789,0.3751533578639713,0.6008327276064922,0,0,0
Spain,Spain,2016-06-13,2016-06-14,UEFA Euro,Czech Republic,1,0,False,win,True,Toulouse,2037.034653517988,1785.9225614129764,0.8093075986464462,0.1906924013535538,0,True,-0.783655285843103,-1.37480642500211,-1.2352041699114698,1.4284808997823868,-2.0188594557545727,0.19327672987091704,0,0,0
Spain,Spain,2016-06-17,2016-06-20,UEFA Euro,Turkey,3,0,False,win,True,Nice,2046.5692735856655,1831.628259858432,0.7750936792477251,0.2249063207522749,0,True,1.7335355618295485,-0.7125451717187813,2.026658520945226,-0.4858882595296583,3.7601940827747744,1.5407702614155676,0,0,0
Spain,Spain,2016-06-21,2016-06-22,UEFA Euro,Croatia,1,2,False,loss,True,Bordeaux,2066.2485766514897,1878.4486032612751,0.7466951971507406,-0.7466951971507406,1,True,-0.4858882595296583,2.026658520945226,1.6520085764801091,0.7392119711488858,1.1661203169504508,2.391220547628995,0,1,0
Spain,Spain,2016-06-27,2016-06-28,UEFA Euro,Italy,0,2,False,loss,True,Saint-Denis,2028.9138167939527,1935.5652536422767,0.6311974968575869,-0.6311974968575869,1,True,1.217953656045894,-8.385932045540905,0.9063167102889884,1.191097590201652,2.1242703663348825,2.0974143004906405,0,1,0
Spain,Spain,2018-06-15,2018-06-18,FIFA World Cup,Portugal,3,3,False,draw,True,Sochi,2090.216900023406,2024.5855499377703,0.5933434469879565,-0.0933434469879564,0,True,-0.835271415681783,0.6447687516116074,-0.4918427338087545,1.0263230707007471,-1.3271141494905374,0.5344803368919926,1,0,1
Spain,Spain,2018-06-20,2018-06-21,FIFA World Cup,Iran,1,0,False,win,True,Kazan,2084.616293204129,1909.492961589028,0.7326463754033663,0.2673536245966337,0,True,0.5504952673738357,1.0263230707007471,-0.4832832065310775,0.7485014879670252,0.06721206084275821,0.2652182814359477,1,0,0
Spain,Spain,2018-06-25,2018-06-26,FIFA World Cup,Morocco,2,2,False,draw,True,Kaliningrad,2100.657510679927,1782.5677981881452,0.8618893324853739,-0.3618893324853739,0,True,-1.0355024062288614,0.7485014879670252,0.396409700665991,0.781937736311475,-0.6390927055628703,1.178347436977466,1,0,1
Spain,Spain,2018-07-01,2018-07-02,FIFA World Cup,Russia,1,1,True,loss,False,Moscow,2078.9441507308043,1757.8531553630553,0.7812049477482595,-0.7812049477482595,1,False,,-0.045073300138714,-0.5883198092195274,1.175524414255631,-0.5883198092195274,0.5872046050361035,1,1,0
Spain,Spain,2021-06-14,2021-06-15,UEFA Euro,Sweden,0,0,False,draw,False,Seville,2084.6670799856124,1899.2343449852517,0.8379539919655048,-0.3379539919655048,0,True,0.6287255914454382,0.7035047411732765,-0.4771467295436647,0.1187007388326479,0.15157886190177344,-0.3584459907110168,1,0,1
Spain,Spain,2021-06-19,2021-06-21,UEFA Euro,Poland,1,1,False,draw,False,Seville,2067.769380387337,1813.1098019141757,0.8850945283394618,-0.3850945283394618,0,False,,-0.9692375096426756,-0.2180804307897175,-0.4632150248053476,-0.2180804307897175,-0.6812954555950651,1,0,1
Spain,Spain,2021-06-23,2021-06-24,UEFA Euro,Slovakia,5,0,False,win,False,Seville,2048.514653970364,1723.7841615658328,0.9201910201031084,0.0798089798968915,0,True,-1.0693828056833976,-0.4632150248053476,0.939323546931013,-0.1559657886253595,-0.13005925875238455,0.7833577583056536,1,0,0
Spain,Spain,2021-06-28,2021-06-29,UEFA Euro,Croatia,5,3,False,win,True,Copenhagen,2056.495551960053,1896.0087121845704,0.7158231761601377,0.2841768238398623,0,True,-2.077136756691226,-0.1559657886253595,-0.0041952237601575,-0.8290323486952749,-2.0813319804513837,-0.8332275724554323,1,0,0
Spain,Spain,2021-07-02,2021-07-05,UEFA Euro,Switzerland,1,1,True,win,True,Saint Petersburg,2077.808813748043,1981.268867885568,0.6354636460026011,0.3645363539973989,0,True,-0.6403949095854158,1.0761759978616865,0.3418813812796856,-0.7070881164701679,-0.2985135283057302,-0.3652067351904823,1,0,0
Spain,Spain,2021-07-06,2021-07-07,UEFA Euro,Italy,1,1,True,loss,True,London,2071.035631447913,2144.567534298996,0.3957312671336776,-0.3957312671336776,0,True,-0.7070881164701679,0.3418813812796856,-0.1209479900655919,-1.7090650072539084,-0.8280361065357598,-1.8300129973195003,1,1,0
Spain,Spain,2022-11-23,2022-11-24,FIFA World Cup,Costa Rica,7,0,False,win,True,Doha,2100.8951722376505,1865.3177628607264,0.7951239052622221,0.2048760947377779,0,True,-0.6415581171865508,1.0084325261359846,0.5263378290492962,0.2892404588437982,-0.1152202881372546,0.8155782878930944,1,0,0
Spain,Spain,2022-11-27,2022-11-28,FIFA World Cup,Germany,1,1,False,draw,True,Al Khor,2128.5534450272507,1978.2358710040612,0.703766267043772,-0.203766267043772,0,False,,0.2892404588437982,-0.2471739264692068,0.1473424474693356,-0.2471739264692068,-0.09983147899987119,1,0,1
Spain,Spain,2022-12-01,2022-12-02,FIFA World Cup,Japan,1,2,False,loss,True,Al Rayyan,2116.3274690046246,1897.8961957543672,0.7785767394743389,-0.7785767394743389,1,True,-0.1093757095489611,-1.2518082320081456,-0.2776565229845904,0.9102496172866869,-0.3870322325335515,0.6325930943020964,1,1,0
Spain,Spain,2022-12-06,2022-12-07,FIFA World Cup,Morocco,0,0,True,loss,True,Al Rayyan,2069.6128646361644,1959.821281775168,0.6529453455371338,-0.6529453455371338,1,True,0.5299846274533966,0.9102496172866869,-0.177387993650074,-1.2214677035763728,0.3525966338033226,-1.3988556972264468,1,1,0
Spain,Spain,2024-06-15,2024-06-17,UEFA Euro,Croatia,3,0,False,win,True,Berlin,2076.947790558786,2029.1120035833103,0.5684095091647886,0.4315904908352114,0,False,,-0.4953785563094253,-0.6482572612274361,0.6077999278479259,-0.6482572612274361,-0.040457333379510185,1,0,0
Spain,Spain,2024-06-20,2024-06-21,UEFA Euro,Italy,1,0,False,win,True,Gelsenkirchen,2114.711958506867,2016.6038423289735,0.637552205181898,0.3624477948181019,0,True,1.059133047498786,-0.1844767701509969,-0.8739557627291368,1.282235196125405,0.18517728476964912,0.40827943339626827,1,0,0
Spain,Spain,2024-06-24,2024-06-25,UEFA Euro,Albania,1,0,False,win,True,Düsseldorf,2132.834348247772,1686.970884579999,0.928680594926816,0.0713194050731841,0,True,1.282235196125405,-0.8739557627291368,-0.6802237319269457,-0.789539681718053,0.6020114641984593,-1.4697634136449986,1,0,0
Spain,Spain,2024-06-30,2024-07-01,UEFA Euro,Georgia,4,1,False,win,True,Cologne,2136.4003185014312,1772.0384780650943,0.890653658936325,0.109346341063675,0,False,,0.0175716073874961,0.9642013950490552,-1.670358129551626,0.9642013950490552,-0.7061567345025709,1,0,0
Spain,Spain,2024-07-05,2024-07-08,UEFA Euro,Germany,2,1,False,win,False,Stuttgart,2145.9681233445026,2020.229123774148,0.5369737821007915,0.4630262178992085,0,True,-0.7343098135867396,-0.0581870472486436,-0.1265591406910272,-1.110902144137502,-0.8608689542777668,-1.2374612848285291,1,0,0
Spain,Spain,2024-07-09,2024-07-10,UEFA Euro,France,2,1,False,win,True,Munich,2169.119434239463,2131.462986117312,0.5539807781493734,0.4460192218506266,0,True,-1.110902144137502,-0.1265591406910272,0.960164819466119,0.9191667191982512,-0.150737324671383,1.87933153866437,1,0,0
Spain,Spain,2024-07-14,2024-07-15,UEFA Euro,England,2,1,False,win,True,Berlin,2191.4203953319943,2061.4719872756227,0.6787521658895033,0.3212478341104967,0,False,,0.3535932648326414,-1.0430962417802014,-0.7769954896832572,-1.0430962417802014,-1.8200917314634586,1,0,0
Spain,Spain,2026-06-15,2026-06-16,FIFA World Cup,Cape Verde,0,0,False,draw,True,Atlanta,2219.1486408621854,1653.7392869099929,0.9628437043236306,-0.4628437043236306,0,True,0.7276015631781715,1.8503121981438624,0.7598884041586415,2.017495724013606,1.487489967336813,2.7773841281722476,1,0,1
Spain,Spain,2026-06-21,2026-06-22,FIFA World Cup,Saudi Arabia,4,0,False,win,True,Atlanta,2191.3780186027675,1713.2680790376232,0.9400387202144148,0.059961279785585,0,False,,-0.5370564619616891,1.0582469590279555,0.9048803862157256,1.0582469590279555,1.9631273452436813,1,0,0
Spain,Spain,2026-06-26,2026-06-29,FIFA World Cup,Uruguay,1,0,False,win,True,Zapopan,2198.123662578646,1935.684550757595,0.8191680295033356,0.1808319704966644,0,True,-0.3503388296338092,0.4783490714039524,-0.7462627039356639,-0.2088568852229831,-1.096601533569473,-0.9551195891586469,1,0,0
Spain,Spain,2026-07-02,2026-07-03,FIFA World Cup,Austria,3,0,False,win,True,Inglewood,2208.9735808084456,1904.7453238965843,0.852114001142949,0.147885998857051,0,True,1.4508219569338672,-0.1531592501221921,0.9082678409258028,-1.557901261296016,2.35908979785967,-0.6496334203702131,1,0,0
Spain,Spain,2026-07-06,2026-07-07,FIFA World Cup,Portugal,1,0,False,win,True,Dallas,2224.501610688436,2078.395326308876,0.698687444874078,0.301312555125922,0,True,-1.557901261296016,0.9082678409258028,0.1308933506601281,-2.3614534856613583,-1.4270079106358877,-2.2305601350012303,1,0,0
Spain,Spain,2026-07-10,2026-07-13,FIFA World Cup,Belgium,2,1,False,win,True,Inglewood,2242.580363995992,2041.727684676352,0.7606417248669405,0.2393582751330595,0,True,-0.0775879397183563,0.7716819615971156,0.335768333734976,-0.0630097581179874,0.2581803940166197,0.2727585756169886,1,0,0
Spain,Spain,2026-07-14,2026-07-15,FIFA World Cup,France,2,0,False,win,True,Arlington,2256.941860503975,2233.551297915148,0.5336109608291463,0.4663890391708537,0,True,-0.0630097581179874,0.335768333734976,-0.771495531959052,0.522271825161283,-0.8345052900770393,-0.24922370679776895,1,0,0
Spain,Spain,2026-07-19,2026-07-20,FIFA World Cup,Argentina,1,0,False,win,True,East Rutherford,2298.916874029352,2278.0417236860894,0.5300056578403024,0.4699943421596976,0,False,,0.2212154305084238,0.3222062247234303,0.2537161454934258,0.3222062247234303,0.5759223702168561,1,0,0
UK,England,2010-06-12,2010-06-14,FIFA World Cup,United States,1,1,False,draw,True,Rustenburg,2025.113266364288,1846.9965471448336,0.7360080131426907,-0.2360080131426907,0,False,,-0.3032608944688736,0.6739015865514241,-1.3622552423153405,0.6739015865514241,-0.6883536557639164,0,0,1
UK,England,2010-06-18,2010-06-21,FIFA World Cup,Algeria,0,0,False,draw,True,Cape Town,2010.9527855757267,1613.5832069935852,0.9078317347067733,-0.4078317347067731,0,True,0.0177959575870589,0.2384483502976126,0.7482933851417527,-0.1877776905835372,0.7660893427288116,0.5605156945582155,0,0,1
UK,England,2010-06-23,2010-06-24,FIFA World Cup,Slovenia,1,0,False,win,True,Port Elizabeth,1986.4828814933203,1739.4338701362133,0.805671869775201,0.194328130224799,0,True,-0.3164360915474324,-0.1877776905835372,-0.222155384949398,-1.131042865097007,-0.5385914764968304,-1.353198250046405,0,0,0
UK,England,2010-06-27,2010-06-28,FIFA World Cup,Germany,1,4,False,loss,True,Bloemfontein,1998.142569306808,1989.473672299364,0.5124729573707397,-0.5124729573707397,1,False,,-1.131042865097007,0.9086647099449248,-0.8901789153370268,0.9086647099449248,0.01848579460789801,0,1,0
UK,England,2012-06-11,2012-06-12,UEFA Euro,France,1,1,False,draw,True,Donetsk,1977.0116864148065,1894.4827994374589,0.6165841081538791,-0.1165841081538791,0,True,0.7578012039278865,-0.3256735007349777,0.107452683900083,0.3734533585725459,0.8652538878279695,0.4809060424726289,0,0,1
UK,England,2012-06-15,2012-06-18,UEFA Euro,Sweden,3,2,False,win,True,Kyiv,1971.1824810071123,1887.1094727402383,0.6186832745785559,0.3813167254214441,0,True,-0.7231188919827561,-0.7435239278823963,-0.0715938641834833,0.8224173395709089,-0.7947127561662395,0.7508234753874256,0,0,0
UK,England,2012-06-19,2012-06-20,UEFA Euro,Ukraine,1,0,False,win,False,Donetsk,1990.248317278185,1769.5981433523286,0.6669712746384348,0.3330287253615652,0,True,0.8224173395709089,-0.0715938641834833,0.28787784736386,1.5503475077300377,1.1102951869347688,1.8382253550938978,0,0,0
UK,England,2012-06-24,2012-06-25,UEFA Euro,Italy,0,0,True,loss,True,Kyiv,2006.899753546263,1931.3484836806929,0.6070450590311743,-0.6070450590311743,1,False,,-0.5456028820191661,-0.095443334624542,-0.0402410015022096,-0.095443334624542,-0.1356843361267516,0,1,0
UK,England,2014-06-14,2014-06-16,FIFA World Cup,Italy,1,2,False,loss,True,Manaus,1957.6148469445573,1929.5907137963452,0.5402427339282989,-0.5402427339282989,1,False,,-1.0228267357291434,-0.3643564914470379,0.1522114588035637,-0.3643564914470379,-0.2121450326434742,0,1,0
UK,England,2014-06-19,2014-06-20,FIFA World Cup,Uruguay,1,2,False,loss,True,São Paulo,1925.20028290886,1905.4585869476325,0.5283800478063821,-0.5283800478063821,1,True,0.1196902849015792,-0.3645207963636458,0.1888366314328723,-0.3075391776385052,0.3085269163344515,-0.11870254620563289,0,1,0
UK,England,2014-06-24,2014-06-25,FIFA World Cup,Costa Rica,0,0,False,draw,True,Belo Horizonte,1893.4974800404768,1892.4245096305249,0.5015441236355506,-0.0015441236355505,0,True,0.2721821623961167,-0.3075391776385052,0.1013908129847762,0.2066911220031846,0.3735729753808929,0.30808193498796077,0,0,1
UK,England,2016-06-11,2016-06-13,UEFA Euro,Russia,1,1,False,draw,True,Marseille,2008.0139985038988,1798.009210635246,0.7701015562718572,-0.2701015562718571,0,False,,-0.5772455716514824,-0.0953431190527247,-1.3582308941882202,-0.0953431190527247,-1.453574013240945,0,0,1
UK,England,2016-06-16,2016-06-17,UEFA Euro,Wales,2,1,False,win,True,Lens,1994.508920690306,1714.7243261719418,0.833490451691037,0.166509548308963,0,True,-0.3766620396169149,0.6823724817991669,0.9985932884880416,2.0381735369640417,0.6219312488711267,3.036766825452083,0,0,0
UK,England,2016-06-20,2016-06-21,UEFA Euro,Slovakia,0,0,False,draw,True,Saint-Étienne,2002.8343981057544,1796.9111891281375,0.7659154263440726,-0.2659154263440726,0,True,2.0381735369640417,0.9985932884880416,-0.2309236400277682,1.373997053542153,1.8072498969362736,1.143073413514385,0,0,1
UK,England,2016-06-27,2016-06-28,UEFA Euro,Iceland,1,2,False,loss,True,Nice,1989.5386267885503,1746.4625498755877,0.8020661779586713,-0.8020661779586713,1,True,-0.189986693988815,0.0064843648792178,1.6208048081062283,1.854990284491516,1.4308181141174132,3.4757950925977443,0,1,0
UK,England,2018-06-18,2018-06-19,FIFA World Cup,Tunisia,2,1,False,win,True,Volgograd,1989.4059407054951,1766.170861560518,0.783307223729696,0.216692776270304,0,True,0.256797312536237,-1.505299058430478,0.6118656308914503,0.5017862209919512,0.8686629434276874,1.1136518518834015,1,0,0
UK,England,2018-06-24,2018-06-25,FIFA World Cup,Panama,6,1,False,win,True,Nizhny Novgorod,2002.4075072817132,1750.68124323495,0.8098526250758967,0.1901473749241032,0,False,,1.5239354400562497,-1.64328371670178,0.5525586580135402,-1.64328371670178,-1.0907250586882398,1,0,0
UK,England,2018-06-28,2018-06-29,FIFA World Cup,Belgium,0,1,False,loss,True,Kaliningrad,2025.2251922726057,2030.521536125984,0.4923785388534345,-0.4923785388534345,0,True,-0.1681272981475956,1.5745638156371624,-0.0402773019722985,-1.0986451858345228,-0.20840460011989412,-1.1389224878068211,1,1,0
UK,England,2018-07-03,2018-07-04,FIFA World Cup,Colombia,1,1,True,win,True,Moscow,1995.6824799414,2004.526810039464,0.4872747344275741,0.5127252655724259,0,True,0.6994768957687718,-1.0986451858345228,-0.2444417274432657,0.0474020154806397,0.4550351683255061,-0.19703971196262599,1,0,0
UK,England,2018-07-07,2018-07-09,FIFA World Cup,Sweden,2,0,False,win,True,Samara,1996.4459958757448,1953.147627110229,0.561990770767662,0.438009229232338,0,False,,-0.2845605091454828,0.3210901074625556,-0.2071950300679463,0.3210901074625556,0.11389507739460933,1,0,0
UK,England,2018-07-11,2018-07-12,FIFA World Cup,Croatia,1,2,False,loss,True,Moscow,2035.866826506656,1992.7443552731552,0.5617415093204476,-0.5617415093204476,1,True,-0.7440958852156272,-0.2071950300679463,0.5184994000544755,-0.0887803427800124,-0.22559648516115172,0.4297190572744631,1,1,0
UK,England,2018-07-14,2018-07-16,FIFA World Cup,Belgium,0,2,False,loss,True,Saint Petersburg,2002.1623359474288,2082.908685967828,0.3858445853506477,-0.3858445853506477,0,False,,-0.0887803427800124,-0.7541193176096835,0.1781647648808179,-0.7541193176096835,-0.5759545527288656,1,1,0
UK,England,2021-06-13,2021-06-14,UEFA Euro,Croatia,1,0,False,win,False,London,2038.1484823332944,1874.4358443682768,0.8202514445074265,0.1797485554925735,0,False,,0.5963880055429953,0.0245456926433798,0.4226964917190288,0.0245456926433798,0.4472421843624086,1,0,0
UK,England,2021-06-18,2021-06-21,UEFA Euro,Scotland,0,0,False,draw,False,London,2047.135910107923,1686.7732649107431,0.9340147137800728,-0.4340147137800728,0,True,-1.2149528183614329,-0.2300552167007479,0.2856039622680154,-0.0028182740931761,-0.9293488560934176,0.2827856881748393,1,0,1
UK,England,2021-06-22,2021-06-23,UEFA Euro,Czech Republic,1,0,False,win,False,London,2025.4351744189196,1853.2666713100955,0.827316636277055,0.172683363722945,0,True,-0.0028182740931761,0.2856039622680154,-0.1920078055634938,0.1953861890448496,-0.1948260796566699,0.003378383481355801,1,0,0
UK,England,2021-06-29,2021-06-30,UEFA Euro,Germany,2,0,False,win,False,London,2034.0693426050664,1988.708324877115,0.6977835098120645,0.3022164901879355,0,True,0.1992165703513531,-0.9343522828978126,-0.5121584223218001,1.1067926212999546,-0.312941851970447,0.5946341989781545,1,0,0
UK,England,2021-07-03,2021-07-05,UEFA Euro,Ukraine,4,0,False,win,True,Rome,2056.7355793691618,1850.9738052656205,0.7657487730241268,0.2342512269758732,0,False,,-0.3188177710188279,0.5117656306234944,-0.6796275833854055,0.5117656306234944,-0.16786195276191107,1,0,0
UK,England,2021-07-07,2021-07-08,UEFA Euro,Denmark,2,1,False,win,False,London,2078.69663189815,2028.956782732726,0.7030724679780066,0.2969275320219934,0,True,0.6745707661929392,-0.6796275833854055,-1.1755386317329428,0.8310834195364047,-0.5009678655400036,-0.3444552121965381,1,0,0
UK,England,2021-07-11,2021-07-12,UEFA Euro,Italy,1,1,True,loss,False,London,2093.543008499249,2139.35409765568,0.5773578550728969,-0.5773578550728969,1,False,,0.8310834195364047,-0.3113220171072051,0.1184789504644004,-0.3113220171072051,-0.19284306664280468,1,1,0
UK,England,2022-11-21,2022-11-22,FIFA World Cup,Iran,6,2,False,win,True,Al Rayyan,1975.8735104733955,1898.642449084118,0.6093492691735468,0.3906507308264532,0,True,0.1334082296094725,0.4806007786266748,0.5073090690915804,-0.4213342734173183,0.6407172987010529,0.08597479567426208,1,0,0
UK,England,2022-11-25,2022-11-28,FIFA World Cup,United States,0,0,False,draw,True,Al Khor,2019.8217176913715,1893.6923520699008,0.6739398505746275,-0.1739398505746274,0,True,0.2369744860001302,-0.1046614540024293,0.5510005445036895,0.6591767294812962,0.7879750305038198,1.2101772739849856,1,0,1
UK,England,2022-11-29,2022-11-30,FIFA World Cup,Wales,3,0,False,win,True,Al Rayyan,2009.385326656894,1798.033791751892,0.7714712237452211,0.2285287762547788,0,True,0.6591767294812962,0.5510005445036895,-0.6127708548634194,-0.7323212433240784,0.04640587461787682,-1.3450920981874979,1,0,0
UK,England,2022-12-04,2022-12-05,FIFA World Cup,Senegal,3,0,False,win,True,Al Khor,2033.3808481636456,1888.0964976742844,0.6976904328325653,0.3023095671674347,0,False,,-0.0030154218136272,1.0279133510597245,0.2209463974545543,1.0279133510597245,1.2488597485142787,1,0,0
UK,England,2022-12-10,2022-12-12,FIFA World Cup,France,1,2,False,loss,True,Al Khor,2065.1233527162267,2070.81723748216,0.4918065746440795,-0.4918065746440795,0,False,,0.1753993032324514,-0.7636680158784905,0.5449796324815448,-0.7636680158784905,-0.21868838339694574,1,1,0
UK,England,2024-06-16,2024-06-17,UEFA Euro,Serbia,1,0,False,win,True,Gelsenkirchen,2046.065032553818,1873.3464824486375,0.7299261445522899,0.2700738554477101,0,False,,-0.05203035345106,-0.3336612168221645,0.2982353044789188,-0.3336612168221645,-0.035425912343245713,1,0,0
UK,England,2024-06-20,2024-06-21,UEFA Euro,Denmark,1,1,False,draw,True,Frankfurt,2059.5687253262035,1882.5331562833487,0.7347969913078805,-0.2347969913078804,0,True,0.9272177771517428,0.1067583465284637,-0.1801668281201396,0.5625485934902238,0.7470509490316032,0.38238176537008417,1,0,1
UK,England,2024-06-25,2024-06-26,UEFA Euro,Slovenia,0,0,False,draw,True,Cologne,2047.8288757608093,1797.6379864199523,0.808487870516641,-0.3084878705166409,0,True,-0.5669332436687335,0.5625485934902238,-0.2592985518847356,-0.5995043256140707,-0.8262317955534692,-0.8588028774988063,1,0,1
UK,England,2024-06-30,2024-07-01,UEFA Euro,Slovakia,2,1,False,win,True,Gelsenkirchen,2032.4044822349772,1746.6106758392586,0.8382360264284228,0.1617639735715772,0,False,,-0.1100813442677745,-0.0102630265665216,-0.8453606770785398,-0.0102630265665216,-0.8556237036450614,1,0,0
UK,England,2024-07-06,2024-07-08,UEFA Euro,Switzerland,1,1,True,win,True,Düsseldorf,2040.4926809135563,1958.5596926227208,0.6157728410770292,0.3842271589229707,0,False,,-0.7300992062878575,-0.2155100230394475,-0.6369352439995501,-0.2155100230394475,-0.8524452670389977,1,0,0
UK,England,2024-07-10,2024-07-11,UEFA Euro,Netherlands,2,1,False,win,True,Dortmund,2034.704038859705,2059.315048209908,0.4646410316816478,0.5353589683183522,0,True,0.1643227736271501,-0.6369352439995501,0.3924296174160681,0.0718228524787528,0.5567523910432182,0.4642524698948209,1,0,0
UK,England,2024-07-14,2024-07-15,UEFA Euro,Spain,1,2,False,loss,True,Berlin,2061.4719872756227,2191.4203953319943,0.3212478341104967,-0.3212478341104967,0,False,,0.0718228524787528,-0.914423355266776,-0.461406594157901,-0.914423355266776,-1.375829949424677,1,1,0
UK,England,2026-06-17,2026-06-18,FIFA World Cup,Croatia,4,2,False,win,True,Arlington,2090.916837917235,1969.5864770926412,0.6678404119497513,0.3321595880502487,0,True,0.7060703856454015,0.6673261159322679,-1.4811744294851366,-0.5514659050180659,-0.7751040438397351,-2.0326403345032027,1,0,0
UK,England,2026-06-23,2026-06-24,FIFA World Cup,Ghana,0,0,False,draw,True,Foxborough,2120.811200841757,1672.753591796934,0.9295126351292246,-0.4295126351292245,0,True,0.9420506399324184,0.772213372152447,0.7302139487275352,0.5299942826082042,1.6722645886599536,1.2602082313357394,1,0,1
UK,England,2026-06-27,2026-06-29,FIFA World Cup,Panama,2,0,False,win,True,East Rutherford,2095.040442734004,1787.9070444518927,0.8542090194102575,0.1457909805897425,0,False,,-0.1168533704734543,-0.6673076570228647,-0.4034642879810022,-0.6673076570228647,-1.0707719450038669,1,0,0
UK,England,2026-07-01,2026-07-02,FIFA World Cup,DR Congo,2,1,False,win,True,Atlanta,2108.161630987081,1819.777329695468,0.8402478670306472,0.1597521329693527,0,True,-0.0259948045604343,-0.4034642879810022,1.742548723532538,0.249046694131201,1.7165539189721037,1.9915954176637392,1,0,0
UK,England,2026-07-05,2026-07-06,FIFA World Cup,Mexico,3,2,False,win,False,Mexico City,2117.7467589652424,2046.4419667245525,0.4587979184739104,0.5412020815260896,0,False,,0.249046694131201,-0.8239989317157126,0.4215714479357149,-0.8239989317157126,-0.4024274837799977,1,0,0
UK,England,2026-07-11,2026-07-13,FIFA World Cup,Norway,2,1,False,win,True,Miami Gardens,2150.218883856808,2042.1346972694569,0.650714782167731,0.3492852178322689,0,False,,-0.0857659134249559,0.4982042790337699,0.1732326429632476,0.4982042790337699,0.6714369219970175,1,0,0
UK,England,2026-07-15,2026-07-16,FIFA World Cup,Argentina,1,2,False,loss,True,Atlanta,2171.175996926744,2255.1550652653173,0.3814443070128696,-0.3814443070128696,0,True,-0.4124639776827938,0.1732326429632476,0.8468518567659462,0.8337849825837462,0.4343878790831524,1.6806368393496924,1,1,0
UK,England,2026-07-18,2026-07-20,FIFA World Cup,France,6,4,False,win,True,Miami Gardens,2148.2893385059715,2191.576284389771,0.4380254154580521,0.5619745845419479,0,False,,0.8337849825837462,-0.393030337838298,0.0637812324736716,-0.393030337838298,-0.32924910536462637,1,0,0
