date,close
2009-06-01,2091.610107421875
2009-06-02,2084.89990234375
2009-06-03,2066.5400390625
2009-06-04,2063.02001953125
2009-06-05,2071.389892578125
2009-06-08,2046.1700439453125
2009-06-09,2056.610107421875
2009-06-10,2064.320068359375
2009-06-11,2059.75
2009-06-12,2070.18994140625
2009-06-15,2008.97998046875
2009-06-16,1995.5899658203125
2009-06-17,1964.6400146484375
2009-06-18,1980.8299560546875
2009-06-19,1997.7099609375
2009-06-22,1948.4200439453125
2009-06-23,1966.4300537109375
2009-06-24,2016.3499755859375
2009-06-25,2015.6800537109375
2009-06-26,2013.3199462890625
2009-06-29,2037.739990234375
2009-06-30,2030.97998046875
2009-07-01,2073.97998046875
2009-07-02,2038.050048828125
2009-07-03,2040.8599853515625
2009-07-06,2009.97998046875
2009-07-07,1994.81005859375
2009-07-08,1960.5999755859375
2009-07-09,1968.68994140625
2009-07-10,1964.239990234375
2009-07-13,1993.5899658203125
2009-07-14,2025.7099609375
2009-07-15,2082.2900390625
2009-07-16,2084.550048828125
2009-07-17,2083.110107421875
2009-07-20,2105.340087890625
2009-07-21,2111.159912109375
2009-07-22,2125.659912109375
2009-07-23,2140.85009765625
2009-07-24,2135.429931640625
2009-07-27,2136.919921875
2009-07-28,2108.780029296875
2009-07-29,2120.3701171875
2009-07-30,2155.090087890625
2009-07-31,2169.139892578125
2009-08-03,2177.77001953125
2009-08-04,2185.070068359375
2009-08-05,2173.27001953125
2009-08-06,2226.5
2009-08-07,2252.669921875
2009-08-10,2294.43994140625
2009-08-11,2262.39990234375
2009-08-12,2273.340087890625
2009-08-13,2279.590087890625
2009-08-14,2274.239990234375
2009-08-17,2229.85009765625
2009-08-18,2260.639892578125
2009-08-19,2263.260009765625
2009-08-20,2309.2099609375
2009-08-21,2354.64990234375
2009-08-24,2395.260009765625
2009-08-25,2414.800048828125
2009-08-26,2400.14990234375
2009-08-27,2375.85009765625
2009-08-28,2393.659912109375
2009-08-31,2364.949951171875
2009-09-01,2332.159912109375
2009-09-02,2290.719970703125
2009-09-03,2322.820068359375
2009-09-04,2356.169921875
2009-09-07,2398.10009765625
2009-09-08,2421.949951171875
2009-09-09,2446.639892578125
2009-09-10,2450.760009765625
2009-09-11,2458.719970703125
2009-09-14,2438.239990234375
2009-09-15,2469.830078125
2009-09-16,2500.179931640625
2009-09-17,2504.199951171875
2009-09-18,2499.449951171875
2009-09-21,2492.260009765625
2009-09-22,2478.64990234375
2009-09-23,2491.18994140625
2009-09-24,2470.89990234375
2009-09-25,2462.43994140625
2009-09-28,2490.18994140625
2009-09-29,2490.780029296875
2009-09-30,2485.6201171875
2009-10-01,2451.3701171875
2009-10-02,2415.9599609375
2009-10-05,2446.0
2009-10-06,2526.8701171875
2009-10-07,2507.219970703125
2009-10-08,2542.280029296875
2009-10-09,2547.010009765625
2009-10-12,2559.260009765625
2009-10-13,2532.02001953125
2009-10-14,2584.2900390625
2009-10-15,2584.389892578125
2009-10-16,2578.139892578125
2009-10-19,2606.929931640625
2009-10-20,2584.590087890625
2009-10-21,2578.030029296875
2009-10-22,2556.550048828125
2009-10-23,2547.340087890625
2009-10-26,2493.25
2009-10-27,2443.0400390625
2009-10-28,2371.9599609375
2009-10-29,2440.449951171875
2009-10-30,2392.719970703125
2009-11-02,2397.409912109375
2009-11-03,2351.090087890625
2009-11-04,2401.169921875
2009-11-05,2419.080078125
2009-11-06,2431.7099609375
2009-11-09,2484.300048828125
2009-11-10,2465.35009765625
2009-11-11,2477.97998046875
2009-11-12,2480.929931640625
2009-11-13,2506.469970703125
2009-11-16,2535.320068359375
2009-11-17,2527.050048828125
2009-11-18,2525.43994140625
2009-11-19,2485.610107421875
2009-11-20,2483.4599609375
2009-11-23,2521.919921875
2009-11-24,2502.93994140625
2009-11-25,2503.530029296875
2009-11-26,2426.39990234375
2009-11-27,2456.820068359375
2009-11-30,2421.2900390625
2009-12-01,2490.06005859375
2009-12-02,2516.6201171875
2009-12-03,2525.139892578125
2009-12-04,2538.840087890625
2009-12-07,2533.860107421875
2009-12-08,2509.47998046875
2009-12-09,2470.550048828125
2009-12-10,2483.590087890625
2009-12-11,2487.3798828125
2009-12-14,2506.860107421875
2009-12-15,2508.760009765625
2009-12-16,2527.669921875
2009-12-17,2490.68994140625
2009-12-18,2453.06005859375
2009-12-21,2482.610107421875
2009-12-22,2489.10009765625
2009-12-23,2489.56005859375
2009-12-24,2490.469970703125
2009-12-28,2516.080078125
2009-12-29,2525.929931640625
2009-12-30,2510.659912109375
2009-12-31,2511.6201171875
2010-01-04,2563.969970703125
2010-01-05,2587.77001953125
2010-01-06,2596.429931640625
2010-01-07,2590.679931640625
2010-01-08,2591.639892578125
2010-01-11,2585.860107421875
2010-01-12,2565.050048828125
2010-01-13,2575.110107421875
2010-01-14,2571.3701171875
2010-01-15,2536.449951171875
2010-01-18,2552.7099609375
2010-01-19,2547.360107421875
2010-01-20,2516.679931640625
2010-01-21,2484.260009765625
2010-01-22,2475.81005859375
2010-01-25,2475.139892578125
2010-01-26,2496.449951171875
2010-01-27,2493.669921875
2010-01-28,2486.510009765625
2010-01-29,2505.199951171875
2010-02-01,2537.7099609375
2010-02-02,2547.110107421875
2010-02-03,2529.659912109375
2010-02-04,2454.89990234375
2010-02-05,2392.52001953125
2010-02-08,2402.14990234375
2010-02-09,2413.179931640625
2010-02-10,2440.7900390625
2010-02-11,2453.7900390625
2010-02-12,2461.469970703125
2010-02-15,2449.7900390625
2010-02-16,2475.47998046875
2010-02-17,2512.840087890625
2010-02-18,2518.409912109375
2010-02-19,2527.72998046875
2010-02-22,2521.10009765625
2010-02-23,2502.889892578125
2010-02-24,2514.93994140625
2010-02-25,2480.64990234375
2010-02-26,2514.8701171875
2010-03-01,2543.409912109375
2010-03-02,2558.77001953125
2010-03-03,2592.56005859375
2010-03-04,2582.9599609375
2010-03-05,2611.030029296875
2010-03-08,2600.830078125
2010-03-09,2606.31005859375
2010-03-10,2634.159912109375
2010-03-11,2613.52001953125
2010-03-12,2625.280029296875
2010-03-15,2608.800048828125
2010-03-16,2631.570068359375
2010-03-17,2665.6201171875
2010-03-18,2654.85009765625
2010-03-19,2639.280029296875
2010-03-22,2634.449951171875
2010-03-23,2649.340087890625
2010-03-24,2649.699951171875
2010-03-25,2672.10009765625
2010-03-26,2656.929931640625
2010-03-29,2665.39990234375
2010-03-30,2656.1201171875
2010-03-31,2648.4599609375
2010-04-01,2680.56005859375
2010-04-06,2696.659912109375
2010-04-07,2696.9599609375
2010-04-08,2668.6201171875
2010-04-09,2702.8701171875
2010-04-12,2714.81005859375
2010-04-13,2708.97998046875
2010-04-14,2716.699951171875
2010-04-15,2715.159912109375
2010-04-16,2687.360107421875
2010-04-19,2667.9599609375
2010-04-20,2681.070068359375
2010-04-21,2660.860107421875
2010-04-22,2630.93994140625
2010-04-23,2644.139892578125
2010-04-26,2656.280029296875
2010-04-27,2567.679931640625
2010-04-28,2506.18994140625
2010-04-29,2561.68994140625
2010-04-30,2560.989990234375
2010-05-03,2572.4599609375
2010-05-04,2504.25
2010-05-05,2446.219970703125
2010-05-06,2400.780029296875
2010-05-07,2296.81005859375
2010-05-10,2511.97998046875
2010-05-11,2483.530029296875
2010-05-12,2540.360107421875
2010-05-13,2534.85009765625
2010-05-14,2447.169921875
2010-05-17,2439.070068359375
2010-05-18,2485.239990234375
2010-05-19,2432.85009765625
2010-05-20,2386.489990234375
2010-05-21,2395.64990234375
2010-05-24,2402.449951171875
2010-05-25,2329.7900390625
2010-05-26,2386.449951171875
2010-05-27,2469.56005859375
2010-05-28,2460.5400390625
2010-05-31,2453.3701171875
2010-06-01,2466.0
2010-06-02,2464.25
2010-06-03,2484.27001953125
2010-06-04,2429.669921875
2010-06-07,2412.050048828125
2010-06-08,2390.889892578125
2010-06-09,2425.679931640625
2010-06-10,2463.320068359375
2010-06-11,2463.85009765625
2010-06-14,2498.239990234375
2010-06-15,2509.31005859375
2010-06-16,2513.800048828125
2010-06-17,2523.360107421875
2010-06-18,2528.929931640625
2010-06-21,2549.840087890625
2010-06-22,2536.219970703125
2010-06-23,2494.340087890625
2010-06-24,2455.800048828125
2010-06-25,2441.64990234375
2010-06-28,2461.9599609375
2010-06-29,2382.47998046875
2010-06-30,2386.530029296875
2010-07-01,2336.1201171875
2010-07-02,2337.2900390625
2010-07-05,2329.60009765625
2010-07-06,2389.280029296875
2010-07-07,2415.81005859375
2010-07-08,2455.989990234375
2010-07-09,2462.75
2010-07-12,2470.27001953125
2010-07-13,2516.260009765625
2010-07-14,2522.1201171875
2010-07-15,2495.050048828125
2010-07-16,2442.75
2010-07-19,2431.56005859375
2010-07-20,2417.340087890625
2010-07-21,2451.929931640625
2010-07-22,2501.409912109375
2010-07-23,2506.070068359375
2010-07-26,2531.75
2010-07-27,2557.429931640625
2010-07-28,2545.080078125
2010-07-29,2537.89990234375
2010-07-30,2517.300048828125
2010-08-02,2579.35009765625
2010-08-03,2588.919921875
2010-08-04,2587.820068359375
2010-08-05,2586.090087890625
2010-08-06,2549.820068359375
2010-08-09,2571.02001953125
2010-08-10,2561.7099609375
2010-08-11,2495.929931640625
2010-08-12,2505.89990234375
2010-08-13,2485.699951171875
2010-08-16,2469.4599609375
2010-08-17,2518.340087890625
2010-08-18,2512.610107421875
2010-08-19,2474.080078125
2010-08-20,2452.320068359375
2010-08-23,2469.080078125
2010-08-24,2435.9599609375
2010-08-25,2424.0
2010-08-26,2446.6298828125
2010-08-27,2467.550048828125
2010-08-30,2460.929931640625
2010-08-31,2457.4599609375
2010-09-01,2531.760009765625
2010-09-02,2537.760009765625
2010-09-03,2549.9599609375
2010-09-06,2560.239990234375
2010-09-07,2538.909912109375
2010-09-08,2556.0
2010-09-09,2577.4599609375
2010-09-10,2569.719970703125
2010-09-13,2610.81005859375
2010-09-14,2608.85009765625
2010-09-15,2603.510009765625
2010-09-16,2585.2900390625
2010-09-17,2569.219970703125
2010-09-20,2601.85009765625
2010-09-21,2604.330078125
2010-09-22,2575.159912109375
2010-09-23,2570.389892578125
2010-09-24,2601.610107421875
2010-09-27,2597.72998046875
2010-09-28,2603.5
2010-09-29,2602.68994140625
2010-09-30,2589.72998046875
2010-10-01,2579.389892578125
2010-10-04,2558.820068359375
2010-10-05,2595.929931640625
2010-10-06,2613.43994140625
2010-10-07,2604.030029296875
2010-10-08,2622.780029296875
2010-10-11,2635.10009765625
2010-10-12,2620.820068359375
2010-10-13,2670.3798828125
2010-10-14,2662.909912109375
2010-10-15,2658.780029296875
2010-10-18,2672.3798828125
2010-10-19,2666.14990234375
2010-10-20,2669.27001953125
2010-10-21,2691.780029296875
2010-10-22,2691.530029296875
2010-10-25,2698.639892578125
2010-10-26,2692.739990234375
2010-10-27,2672.7099609375
2010-10-28,2677.39990234375
2010-10-29,2679.070068359375
2010-11-01,2688.389892578125
2010-11-02,2696.68994140625
2010-11-03,2663.840087890625
2010-11-04,2710.409912109375
2010-11-05,2686.090087890625
2010-11-08,2683.419921875
2010-11-09,2702.840087890625
2010-11-10,2672.25
2010-11-11,2631.639892578125
2010-11-12,2624.969970703125
2010-11-15,2654.429931640625
2010-11-16,2608.06005859375
2010-11-17,2624.860107421875
2010-11-18,2670.510009765625
2010-11-19,2665.010009765625
2010-11-22,2643.35009765625
2010-11-23,2584.25
2010-11-24,2591.510009765625
2010-11-25,2601.419921875
2010-11-26,2579.81005859375
2010-11-29,2521.330078125
2010-11-30,2506.1298828125
2010-12-01,2565.840087890625
2010-12-02,2617.199951171875
2010-12-03,2614.989990234375
2010-12-06,2611.409912109375
2010-12-07,2624.669921875
2010-12-08,2617.43994140625
2010-12-09,2624.39990234375
2010-12-10,2628.0
2010-12-13,2636.8701171875
2010-12-14,2635.68994140625
2010-12-15,2623.030029296875
2010-12-16,2615.169921875
2010-12-17,2596.590087890625
2010-12-20,2614.85009765625
2010-12-21,2631.010009765625
2010-12-22,2631.429931640625
2010-12-23,2635.889892578125
2010-12-24,2625.840087890625
2010-12-27,2597.18994140625
2010-12-28,2592.31005859375
2010-12-29,2611.449951171875
2010-12-30,2590.669921875
2011-01-03,2631.840087890625
2011-01-04,2647.860107421875
2011-01-05,2631.570068359375
2011-01-06,2625.43994140625
2011-01-07,2605.14990234375
2011-01-10,2555.18994140625
2011-01-11,2579.699951171875
2011-01-12,2626.39990234375
2011-01-13,2632.679931640625
2011-01-14,2621.31005859375
2011-01-17,2621.419921875
2011-01-18,2657.85009765625
2011-01-19,2640.780029296875
2011-01-20,2626.239990234375
2011-01-21,2653.97998046875
2011-01-24,2662.3701171875
2011-01-25,2660.8798828125
2011-01-26,2669.5400390625
2011-01-27,2678.22998046875
2011-01-28,2647.090087890625
2011-01-31,2638.699951171875
2011-02-01,2683.72998046875
2011-02-02,2688.780029296875
2011-02-03,2684.89990234375
2011-02-04,2692.360107421875
2011-02-07,2724.469970703125
2011-02-08,2726.949951171875
2011-02-09,2719.93994140625
2011-02-10,2702.4599609375
2011-02-11,2713.659912109375
2011-02-14,2725.510009765625
2011-02-15,2730.780029296875
2011-02-16,2755.610107421875
2011-02-17,2770.81005859375
2011-02-18,2755.030029296875
2011-02-21,2715.659912109375
2011-02-22,2703.3701171875
2011-02-23,2679.260009765625
2011-02-24,2665.969970703125
2011-02-25,2692.409912109375
2011-02-28,2707.090087890625
2011-03-01,2712.669921875
2011-03-02,2689.3701171875
2011-03-03,2692.02001953125
2011-03-04,2701.5
2011-03-07,2680.169921875
2011-03-08,2683.22998046875
2011-03-09,2675.64990234375
2011-03-10,2666.239990234375
2011-03-11,2652.110107421875
2011-03-14,2646.320068359375
2011-03-15,2565.47998046875
2011-03-16,2522.9599609375
2011-03-17,2557.7099609375
2011-03-18,2567.179931640625
2011-03-21,2627.419921875
2011-03-22,2610.199951171875
2011-03-23,2630.60009765625
2011-03-24,2655.77001953125
2011-03-25,2656.77001953125
2011-03-28,2658.669921875
2011-03-29,2669.31005859375
2011-03-30,2684.35009765625
2011-03-31,2662.169921875
2011-04-01,2689.840087890625
2011-04-04,2707.419921875
2011-04-05,2698.2099609375
2011-04-06,2711.68994140625
2011-04-07,2712.260009765625
2011-04-08,2722.22998046875
2011-04-11,2721.22998046875
2011-04-12,2694.840087890625
2011-04-13,2719.179931640625
2011-04-14,2695.0
2011-04-15,2711.4599609375
2011-04-18,2675.300048828125
2011-04-19,2692.449951171875
2011-04-20,2725.31005859375
2011-04-21,2727.669921875
2011-04-26,2748.219970703125
2011-04-27,2750.77001953125
2011-04-28,2766.56005859375
2011-04-29,2768.340087890625
2011-05-02,2768.25
2011-05-03,2749.77001953125
2011-05-04,2701.27001953125
2011-05-05,2693.739990234375
2011-05-06,2702.27001953125
2011-05-09,2694.679931640625
2011-05-10,2732.669921875
2011-05-11,2719.31005859375
2011-05-12,2722.0400390625
2011-05-13,2727.7099609375
2011-05-16,2727.77001953125
2011-05-17,2696.760009765625
2011-05-18,2700.820068359375
2011-05-19,2717.02001953125
2011-05-20,2718.010009765625
2011-05-23,2666.75
2011-05-24,2675.52001953125
2011-05-25,2670.570068359375
2011-05-26,2655.429931640625
2011-05-27,2655.639892578125
2011-05-30,2650.239990234375
2011-05-31,2687.7099609375
2011-06-01,2662.9599609375
2011-06-02,2618.830078125
2011-06-03,2628.7099609375
2011-06-06,2617.139892578125
2011-06-07,2622.320068359375
2011-06-08,2598.800048828125
2011-06-09,2615.739990234375
2011-06-10,2574.080078125
2011-06-13,2570.68994140625
2011-06-14,2590.14990234375
2011-06-15,2562.6298828125
2011-06-16,2546.669921875
2011-06-17,2565.699951171875
2011-06-20,2544.93994140625
2011-06-21,2580.8701171875
2011-06-22,2558.1201171875
2011-06-23,2513.469970703125
2011-06-24,2514.300048828125
2011-06-27,2505.489990234375
2011-06-28,2493.4599609375
2011-06-29,2547.929931640625
2011-06-30,2572.580078125
2011-07-01,2583.360107421875
2011-07-04,2599.8701171875
2011-07-05,2571.919921875
2011-07-06,2549.110107421875
2011-07-07,2572.949951171875
2011-07-08,2532.31005859375
2011-07-11,2466.25
2011-07-12,2436.47998046875
2011-07-13,2463.68994140625
2011-07-14,2439.5
2011-07-15,2437.0400390625
2011-07-18,2384.1201171875
2011-07-19,2402.7099609375
2011-07-20,2455.2900390625
2011-07-21,2504.77001953125
2011-07-22,2522.050048828125
2011-07-25,2505.3701171875
2011-07-26,2496.659912109375
2011-07-27,2460.8798828125
2011-07-28,2455.9599609375
2011-07-29,2427.090087890625
2011-08-01,2376.56005859375
2011-08-02,2330.3798828125
2011-08-03,2291.110107421875
2011-08-04,2223.669921875
2011-08-05,2177.909912109375
2011-08-08,2096.0400390625
2011-08-09,2154.719970703125
2011-08-10,2091.739990234375
2011-08-11,2144.97998046875
2011-08-12,2262.949951171875
2011-08-15,2276.409912109375
2011-08-16,2246.919921875
2011-08-17,2254.7099609375
2011-08-18,2151.9599609375
2011-08-19,2118.7099609375
2011-08-22,2140.050048828125
2011-08-23,2138.510009765625
2011-08-24,2200.360107421875
2011-08-25,2181.300048828125
2011-08-26,2170.949951171875
2011-08-29,2202.590087890625
2011-08-30,2212.610107421875
2011-08-31,2267.8798828125
2011-09-01,2266.820068359375
2011-09-02,2219.7099609375
2011-09-05,2117.4599609375
2011-09-06,2109.889892578125
2011-09-07,2168.89990234375
2011-09-08,2188.7900390625
2011-09-09,2117.820068359375
2011-09-12,2053.010009765625
2011-09-13,2070.070068359375
2011-09-14,2096.75
2011-09-15,2139.159912109375
2011-09-16,2156.389892578125
2011-09-19,2100.8798828125
2011-09-20,2132.72998046875
2011-09-21,2115.8701171875
2011-09-22,2002.7900390625
2011-09-23,2021.3699951171875
2011-09-26,2061.909912109375
2011-09-27,2153.510009765625
2011-09-28,2139.60009765625
2011-09-29,2163.1298828125
2011-09-30,2131.280029296875
2011-10-03,2096.739990234375
2011-10-04,2038.8399658203125
2011-10-05,2109.89990234375
2011-10-06,2155.3798828125
2011-10-07,2146.419921875
2011-10-10,2179.739990234375
2011-10-11,2164.81005859375
2011-10-12,2192.330078125
2011-10-13,2180.22998046875
2011-10-14,2203.0400390625
2011-10-17,2169.780029296875
2011-10-18,2137.050048828125
2011-10-19,2134.219970703125
2011-10-20,2096.68994140625
2011-10-21,2138.820068359375
2011-10-24,2161.639892578125
2011-10-25,2133.68994140625
2011-10-26,2132.68994140625
2011-10-27,2220.5
2011-10-28,2199.35009765625
2011-10-31,2139.179931640625
2011-11-01,2059.300048828125
2011-11-02,2070.699951171875
2011-11-03,2121.889892578125
2011-11-04,2082.010009765625
2011-11-07,2080.860107421875
2011-11-08,2102.39990234375
2011-11-09,2077.14990234375
2011-11-10,2063.909912109375
2011-11-11,2122.3798828125
2011-11-14,2089.0400390625
2011-11-15,2067.8798828125
2011-11-16,2062.47998046875
2011-11-17,2040.010009765625
2011-11-18,2016.760009765625
2011-11-21,1953.97998046875
2011-11-22,1946.260009765625
2011-11-23,1923.3199462890625
2011-11-24,1916.260009765625
2011-11-25,1920.9100341796875
2011-11-28,2008.9000244140625
2011-11-29,2007.22998046875
2011-11-30,2073.949951171875
2011-12-01,2052.580078125
2011-12-02,2077.14990234375
2011-12-05,2117.389892578125
2011-12-06,2086.050048828125
2011-12-07,2084.679931640625
2011-12-08,2044.199951171875
2011-12-09,2078.4599609375
2011-12-12,2030.469970703125
2011-12-13,2032.199951171875
2011-12-14,1986.8800048828125
2011-12-15,2001.530029296875
2011-12-16,2003.5699462890625
2011-12-19,2000.0
2011-12-20,2050.1201171875
2011-12-21,2026.3199462890625
2011-12-22,2040.2900390625
2011-12-23,2054.449951171875
2011-12-27,2054.22998046875
2011-12-28,2043.5899658203125
2011-12-29,2067.090087890625
2011-12-30,2083.419921875
2012-01-02,2114.320068359375
2012-01-03,2146.449951171875
2012-01-04,2121.110107421875
2012-01-05,2096.89990234375
2012-01-06,2093.27001953125
2012-01-09,2082.25
2012-01-10,2127.52001953125
2012-01-11,2140.320068359375
2012-01-12,2137.419921875
2012-01-13,2125.340087890625
2012-01-16,2129.300048828125
2012-01-17,2157.93994140625
2012-01-18,2155.699951171875
2012-01-19,2196.6298828125
2012-01-20,2199.080078125
2012-01-23,2205.760009765625
2012-01-24,2192.8701171875
2012-01-25,2194.530029296875
2012-01-26,2252.030029296875
2012-01-27,2237.590087890625
2012-01-30,2197.080078125
2012-01-31,2206.800048828125
2012-02-01,2264.72998046875
2012-02-02,2272.1201171875
2012-02-03,2304.580078125
2012-02-06,2288.35009765625
2012-02-07,2286.260009765625
2012-02-08,2280.219970703125
2012-02-09,2270.6298828125
2012-02-10,2230.780029296875
2012-02-13,2258.10009765625
2012-02-14,2234.3798828125
2012-02-15,2232.610107421875
2012-02-16,2258.239990234375
2012-02-17,2280.800048828125
2012-02-20,2304.330078125
2012-02-21,2287.080078125
2012-02-22,2258.969970703125
2012-02-23,2253.14990234375
2012-02-24,2262.239990234375
2012-02-27,2253.8798828125
2012-02-28,2266.18994140625
2012-02-29,2275.860107421875
2012-03-01,2288.64990234375
2012-03-02,2295.909912109375
2012-03-05,2282.25
2012-03-06,2209.889892578125
2012-03-07,2239.9599609375
2012-03-08,2270.469970703125
2012-03-09,2281.89990234375
2012-03-12,2281.080078125
2012-03-13,2320.1298828125
2012-03-14,2328.56005859375
2012-03-15,2343.97998046875
2012-03-16,2366.110107421875
2012-03-19,2374.2900390625
2012-03-20,2351.949951171875
2012-03-21,2345.610107421875
2012-03-22,2323.27001953125
2012-03-23,2338.31005859375
2012-03-26,2362.610107421875
2012-03-27,2349.669921875
2012-03-28,2322.919921875
2012-03-30,2324.050048828125
2012-04-02,2354.530029296875
2012-04-03,2334.760009765625
2012-04-04,2262.449951171875
2012-04-05,2253.72998046875
2012-04-10,2213.93994140625
2012-04-11,2234.39990234375
2012-04-12,2264.360107421875
2012-04-13,2229.679931640625
2012-04-16,2239.35009765625
2012-04-17,2291.239990234375
2012-04-18,2258.3701171875
2012-04-19,2237.52001953125
2012-04-20,2246.31005859375
2012-04-23,2191.39990234375
2012-04-24,2204.219970703125
2012-04-25,2243.199951171875
2012-04-26,2209.89990234375
2012-04-27,2220.89990234375
2012-04-30,2208.43994140625
2012-05-02,2210.47998046875
2012-05-03,2194.97998046875
2012-05-04,2166.75
2012-05-07,2180.419921875
2012-05-08,2170.610107421875
2012-05-09,2159.989990234375
2012-05-10,2187.25
2012-05-11,2184.429931640625
2012-05-14,2134.550048828125
2012-05-15,2103.18994140625
2012-05-16,2103.81005859375
2012-05-17,2081.199951171875
2012-05-18,2073.8798828125
2012-05-21,2093.800048828125
2012-05-22,2142.409912109375
2012-05-23,2089.489990234375
2012-05-24,2113.60009765625
2012-05-25,2119.43994140625
2012-05-28,2117.659912109375
2012-05-29,2130.18994140625
2012-05-30,2105.800048828125
2012-05-31,2093.56005859375
2012-06-01,2054.02001953125
2012-06-04,2049.25
2012-06-05,2054.4599609375
2012-06-06,2104.449951171875
2012-06-07,2104.570068359375
2012-06-08,2099.840087890625
2012-06-11,2097.909912109375
2012-06-12,2104.530029296875
2012-06-13,2093.320068359375
2012-06-14,2103.409912109375
2012-06-15,2118.949951171875
2012-06-18,2110.590087890625
2012-06-19,2149.969970703125
2012-06-20,2152.35009765625
2012-06-21,2143.090087890625
2012-06-22,2126.3701171875
2012-06-25,2107.43994140625
2012-06-26,2106.239990234375
2012-06-27,2139.610107421875
2012-06-28,2146.050048828125
2012-06-29,2227.6298828125
2012-07-02,2254.1298828125
2012-07-03,2267.239990234375
2012-07-04,2263.72998046875
2012-07-05,2242.8798828125
2012-07-06,2211.5
2012-07-09,2194.31005859375
2012-07-10,2216.800048828125
2012-07-11,2216.320068359375
2012-07-12,2197.89990234375
2012-07-13,2220.340087890625
2012-07-16,2226.300048828125
2012-07-17,2229.85009765625
2012-07-18,2262.989990234375
2012-07-19,2293.070068359375
2012-07-20,2249.840087890625
2012-07-23,2186.760009765625
2012-07-24,2176.530029296875
2012-07-25,2179.330078125
2012-07-26,2244.639892578125
2012-07-27,2287.3701171875
2012-07-30,2315.909912109375
2012-07-31,2274.840087890625
2012-08-01,2289.260009765625
2012-08-02,2241.60009765625
2012-08-03,2304.22998046875
2012-08-06,2336.219970703125
2012-08-07,2349.9599609375
2012-08-08,2340.43994140625
2012-08-09,2351.97998046875
2012-08-10,2343.989990234375
2012-08-13,2337.2099609375
2012-08-14,2350.43994140625
2012-08-15,2351.679931640625
2012-08-16,2370.219970703125
2012-08-17,2389.7099609375
2012-08-20,2380.429931640625
2012-08-21,2388.8798828125
2012-08-22,2369.35009765625
2012-08-23,2348.719970703125
2012-08-24,2350.639892578125
2012-08-27,2371.929931640625
2012-08-28,2352.070068359375
2012-08-29,2351.739990234375
2012-08-30,2327.510009765625
2012-08-31,2345.68994140625
2012-09-03,2366.469970703125
2012-09-04,2347.89990234375
2012-09-05,2346.179931640625
2012-09-06,2397.7900390625
2012-09-07,2416.72998046875
2012-09-10,2411.840087890625
2012-09-11,2417.830078125
2012-09-12,2439.489990234375
2012-09-13,2426.570068359375
2012-09-14,2471.60009765625
2012-09-17,2474.449951171875
2012-09-18,2449.39990234375
2012-09-19,2452.080078125
2012-09-20,2459.4599609375
2012-09-21,2473.010009765625
2012-09-24,2460.199951171875
2012-09-25,2450.25
2012-09-26,2405.510009765625
2012-09-27,2408.0
2012-09-28,2373.330078125
2012-10-01,2402.409912109375
2012-10-02,2407.070068359375
2012-10-03,2408.169921875
2012-10-04,2407.949951171875
2012-10-05,2436.47998046875
2012-10-08,2407.239990234375
2012-10-09,2386.97998046875
2012-10-10,2363.22998046875
2012-10-11,2377.02001953125
2012-10-12,2366.800048828125
2012-10-15,2376.47998046875
2012-10-16,2400.0
2012-10-17,2418.760009765625
2012-10-18,2408.429931640625
2012-10-19,2386.39990234375
2012-10-22,2377.25
2012-10-23,2348.75
2012-10-24,2361.570068359375
2012-10-25,2355.030029296875
2012-10-26,2371.909912109375
2012-10-29,2356.699951171875
2012-10-30,2383.330078125
2012-10-31,2369.2099609375
2012-11-01,2387.889892578125
2012-11-02,2400.31005859375
2012-11-05,2376.989990234375
2012-11-06,2398.989990234375
2012-11-07,2364.219970703125
2012-11-08,2359.679931640625
2012-11-09,2356.6298828125
2012-11-12,2355.239990234375
2012-11-13,2359.60009765625
2012-11-14,2339.22998046875
2012-11-15,2324.239990234375
2012-11-16,2300.679931640625
2012-11-19,2354.5400390625
2012-11-20,2366.739990234375
2012-11-21,2374.830078125
2012-11-22,2393.02001953125
2012-11-23,2408.530029296875
2012-11-26,2400.679931640625
2012-11-27,2404.93994140625
2012-11-28,2404.419921875
2012-11-29,2451.5
2012-11-30,2436.949951171875
2012-12-03,2440.3701171875
2012-12-04,2442.81005859375
2012-12-05,2439.669921875
2012-12-06,2417.070068359375
2012-12-07,2424.090087890625
2012-12-10,2423.159912109375
2012-12-11,2431.409912109375
2012-12-12,2438.389892578125
2012-12-13,2442.56005859375
2012-12-14,2457.800048828125
2012-12-17,2463.8798828125
2012-12-18,2480.360107421875
2012-12-19,2500.659912109375
2012-12-20,2492.199951171875
2012-12-21,2485.06005859375
2012-12-24,2477.219970703125
2012-12-27,2486.75
2012-12-28,2466.27001953125
2013-01-02,2515.27001953125
2013-01-03,2516.85009765625
2013-01-04,2516.320068359375
2013-01-07,2503.1201171875
2013-01-08,2497.6201171875
2013-01-09,2506.389892578125
2013-01-10,2505.27001953125
2013-01-11,2496.800048828125
2013-01-14,2491.3798828125
2013-01-15,2499.39990234375
2013-01-16,2504.449951171875
2013-01-17,2532.429931640625
2013-01-18,2539.510009765625
2013-01-21,2547.389892578125
2013-01-22,2549.7099609375
2013-01-23,2535.47998046875
2013-01-24,2554.0
2013-01-25,2570.580078125
2013-01-28,2574.760009765625
2013-01-29,2571.97998046875
2013-01-30,2559.6298828125
2013-01-31,2520.35009765625
2013-02-01,2560.010009765625
2013-02-04,2506.22998046875
2013-02-05,2518.659912109375
2013-02-06,2503.25
2013-02-07,2493.260009765625
2013-02-08,2505.909912109375
2013-02-11,2498.18994140625
2013-02-12,2518.429931640625
2013-02-13,2534.25
2013-02-14,2547.3798828125
2013-02-15,2535.8798828125
2013-02-18,2520.81005859375
2013-02-19,2556.669921875
2013-02-20,2558.2099609375
2013-02-21,2509.43994140625
2013-02-22,2550.919921875
2013-02-25,2559.010009765625
2013-02-26,2510.6201171875
2013-02-27,2544.22998046875
2013-02-28,2569.169921875
2013-03-01,2546.830078125
2013-03-04,2541.89990234375
2013-03-05,2590.679931640625
2013-03-06,2589.110107421875
2013-03-07,2602.429931640625
2013-03-08,2632.52001953125
2013-03-11,2633.1298828125
2013-03-12,2627.469970703125
2013-03-13,2632.0400390625
2013-03-14,2647.68994140625
2013-03-15,2628.6298828125
2013-03-18,2618.9599609375
2013-03-19,2597.39990234375
2013-03-20,2617.389892578125
2013-03-21,2613.360107421875
2013-03-22,2619.550048828125
2013-03-25,2595.179931640625
2013-03-26,2593.699951171875
2013-03-27,2578.239990234375
2013-03-28,2592.18994140625
2013-04-02,2626.719970703125
2013-04-03,2587.27001953125
2013-04-04,2579.02001953125
2013-04-05,2543.89990234375
2013-04-08,2544.68994140625
2013-04-09,2558.800048828125
2013-04-10,2624.18994140625
2013-04-11,2637.429931640625
2013-04-12,2615.60009765625
2013-04-15,2593.68994140625
2013-04-16,2574.81005859375
2013-04-17,2528.39990234375
2013-04-18,2528.030029296875
2013-04-19,2553.909912109375
2013-04-22,2587.6201171875
2013-04-23,2641.010009765625
2013-04-24,2657.60009765625
2013-04-25,2650.969970703125
2013-04-26,2610.1201171875
2013-04-29,2645.64990234375
2013-04-30,2643.419921875
2013-05-02,2660.89990234375
2013-05-03,2696.360107421875
2013-05-06,2696.570068359375
2013-05-07,2716.510009765625
2013-05-08,2736.64990234375
2013-05-09,2730.9599609375
2013-05-10,2729.77001953125
2013-05-13,2719.550048828125
2013-05-14,2724.6298828125
2013-05-15,2728.510009765625
2013-05-16,2727.510009765625
2013-05-17,2732.2900390625
2013-05-20,2740.659912109375
2013-05-21,2734.820068359375
2013-05-22,2746.639892578125
2013-05-23,2705.2900390625
2013-05-24,2700.909912109375
2013-05-27,2713.97998046875
2013-05-28,2728.25
2013-05-29,2685.6201171875
2013-05-30,2684.550048828125
2013-05-31,2649.360107421875
2013-06-03,2635.27001953125
2013-06-04,2645.409912109375
2013-06-05,2609.56005859375
2013-06-06,2594.64990234375
2013-06-07,2623.070068359375
2013-06-10,2611.800048828125
2013-06-11,2582.050048828125
2013-06-12,2570.389892578125
2013-06-13,2578.0
2013-06-14,2599.330078125
2013-06-17,2623.1298828125
2013-06-18,2619.320068359375
2013-06-19,2618.39990234375
2013-06-20,2538.929931640625
2013-06-21,2511.5400390625
2013-06-24,2453.110107421875
2013-06-25,2477.699951171875
2013-06-26,2532.719970703125
2013-06-27,2545.8798828125
2013-06-28,2526.110107421875
2013-07-01,2532.110107421875
2013-07-02,2519.969970703125
2013-07-03,2512.85009765625
2013-07-04,2568.10009765625
2013-07-05,2539.39990234375
2013-07-08,2582.159912109375
2013-07-09,2603.080078125
2013-07-10,2611.639892578125
2013-07-11,2637.43994140625
2013-07-12,2630.10009765625
2013-07-15,2644.969970703125
2013-07-16,2622.81005859375
2013-07-17,2635.1298828125
2013-07-18,2651.0
2013-07-19,2650.159912109375
2013-07-22,2635.340087890625
2013-07-23,2628.1201171875
2013-07-24,2665.72998046875
2013-07-25,2643.72998046875
2013-07-26,2638.989990234375
2013-07-29,2624.050048828125
2013-07-30,2635.9599609375
2013-07-31,2662.679931640625
2013-08-01,2717.409912109375
2013-08-02,2760.199951171875
2013-08-05,2766.5400390625
2013-08-06,2745.8798828125
2013-08-07,2748.919921875
2013-08-08,2804.919921875
2013-08-09,2807.669921875
2013-08-12,2818.3798828125
2013-08-13,2832.320068359375
2013-08-14,2829.780029296875
2013-08-15,2810.93994140625
2013-08-16,2823.7900390625
2013-08-19,2799.949951171875
2013-08-20,2766.469970703125
2013-08-21,2750.72998046875
2013-08-22,2778.219970703125
2013-08-23,2788.449951171875
2013-08-26,2769.800048828125
2013-08-27,2698.330078125
2013-08-28,2698.7900390625
2013-08-29,2715.1201171875
2013-08-30,2673.419921875
2013-09-02,2709.4599609375
2013-09-03,2707.199951171875
2013-09-04,2698.6298828125
2013-09-05,2716.280029296875
2013-09-06,2731.090087890625
2013-09-09,2732.43994140625
2013-09-10,2770.1298828125
2013-09-11,2789.85009765625
2013-09-12,2788.090087890625
2013-09-13,2795.590087890625
2013-09-16,2822.52001953125
2013-09-17,2811.3701171875
2013-09-18,2831.159912109375
2013-09-19,2841.300048828125
2013-09-20,2836.6298828125
2013-09-23,2822.02001953125
2013-09-24,2824.070068359375
2013-09-25,2822.449951171875
2013-09-26,2827.0400390625
2013-09-27,2818.169921875
2013-09-30,2802.27001953125
2013-10-01,2829.3798828125
2013-10-02,2819.669921875
2013-10-03,2796.3701171875
2013-10-04,2812.580078125
2013-10-07,2807.800048828125
2013-10-08,2789.610107421875
2013-10-09,2788.989990234375
2013-10-10,2843.239990234375
2013-10-11,2830.659912109375
2013-10-14,2832.570068359375
2013-10-15,2873.800048828125
2013-10-16,2893.070068359375
2013-10-17,2880.31005859375
2013-10-18,2895.1201171875
2013-10-21,2903.3701171875
2013-10-22,2908.919921875
2013-10-23,2896.47998046875
2013-10-24,2905.8798828125
2013-10-25,2885.77001953125
2013-10-28,2879.18994140625
2013-10-29,2903.830078125
2013-10-30,2882.35009765625
2013-10-31,2904.35009765625
2013-11-01,2888.679931640625
2013-11-04,2903.18994140625
2013-11-05,2895.739990234375
2013-11-06,2932.4599609375
2013-11-07,2912.239990234375
2013-11-08,2895.570068359375
2013-11-11,2914.68994140625
2013-11-12,2897.52001953125
2013-11-13,2878.93994140625
2013-11-14,2896.68994140625
2013-11-15,2877.669921875
2013-11-18,2875.219970703125
2013-11-19,2859.56005859375
2013-11-20,2852.949951171875
2013-11-21,2846.679931640625
2013-11-22,2840.659912109375
2013-11-25,2859.590087890625
2013-11-26,2855.64990234375
2013-11-27,2869.830078125
2013-11-28,2866.610107421875
2013-11-29,2870.889892578125
2013-12-02,2858.110107421875
2013-12-03,2804.97998046875
2013-12-04,2788.820068359375
2013-12-05,2766.18994140625
2013-12-06,2790.239990234375
2013-12-09,2799.72998046875
2013-12-10,2790.610107421875
2013-12-11,2778.159912109375
2013-12-12,2764.300048828125
2013-12-13,2751.81005859375
2013-12-16,2784.169921875
2013-12-17,2761.909912109375
2013-12-18,2794.68994140625
2013-12-19,2839.360107421875
2013-12-20,2869.669921875
2013-12-23,2887.580078125
2013-12-24,2899.419921875
2013-12-27,2921.050048828125
2013-12-30,2915.330078125
2013-12-31,2923.820068359375
2014-01-02,2880.449951171875
2014-01-03,2903.989990234375
2014-01-06,2892.9599609375
2014-01-07,2911.570068359375
2014-01-08,2932.72998046875
2014-01-09,2928.719970703125
2014-01-10,2934.889892578125
2014-01-13,2944.47998046875
2014-01-14,2940.7900390625
2014-01-15,2957.97998046875
2014-01-16,2964.800048828125
2014-01-17,2969.14990234375
2014-01-20,2964.320068359375
2014-01-21,2958.830078125
2014-01-22,2952.360107421875
2014-01-23,2951.949951171875
2014-01-24,2889.929931640625
2014-01-27,2878.639892578125
2014-01-28,2902.570068359375
2014-01-29,2880.929931640625
2014-01-30,2897.969970703125
2014-01-31,2891.25
2014-02-03,2844.2099609375
2014-02-04,2847.75
2014-02-05,2847.320068359375
2014-02-06,2894.72998046875
2014-02-07,2909.429931640625
2014-02-10,2913.5400390625
2014-02-11,2943.330078125
2014-02-12,2959.47998046875
2014-02-13,2961.449951171875
2014-02-14,2977.080078125
2014-02-17,2989.47998046875
2014-02-18,2986.280029296875
2014-02-19,3004.64990234375
2014-02-20,3005.969970703125
2014-02-21,3019.43994140625
2014-02-24,3044.760009765625
2014-02-25,3041.7099609375
2014-02-26,3055.800048828125
2014-02-27,3073.610107421875
2014-02-28,3096.909912109375
2014-03-03,3031.219970703125
2014-03-04,3100.840087890625
2014-03-05,3108.090087890625
2014-03-06,3123.10009765625
2014-03-07,3086.6298828125
2014-03-10,3090.800048828125
2014-03-11,3100.85009765625
2014-03-12,3081.820068359375
2014-03-13,3032.169921875
2014-03-14,3000.89990234375
2014-03-17,3038.889892578125
2014-03-18,3080.419921875
2014-03-19,3082.97998046875
2014-03-20,3076.6298828125
2014-03-21,3084.360107421875
2014-03-24,3052.280029296875
2014-03-25,3080.969970703125
2014-03-26,3094.760009765625
2014-03-27,3099.929931640625
2014-03-28,3121.6298828125
2014-03-31,3129.93994140625
2014-04-01,3151.60009765625
2014-04-02,3150.27001953125
2014-04-03,3147.1298828125
2014-04-04,3149.35009765625
2014-04-07,3127.52001953125
2014-04-08,3098.070068359375
2014-04-09,3105.159912109375
2014-04-10,3088.89990234375
2014-04-11,3059.550048828125
2014-04-14,3064.3701171875
2014-04-15,3047.110107421875
2014-04-16,3098.7099609375
2014-04-17,3112.429931640625
2014-04-22,3145.5400390625
2014-04-23,3125.989990234375
2014-04-24,3129.31005859375
2014-04-25,3105.89990234375
2014-04-28,3107.919921875
2014-04-29,3116.27001953125
2014-04-30,3089.800048828125
2014-05-02,3095.659912109375
2014-05-05,3089.06005859375
2014-05-06,3089.510009765625
2014-05-07,3108.02001953125
2014-05-08,3144.7900390625
2014-05-09,3143.8798828125
2014-05-12,3163.550048828125
2014-05-13,3156.3798828125
2014-05-14,3157.510009765625
2014-05-15,3112.0
2014-05-16,3098.14990234375
2014-05-19,3105.3701171875
2014-05-20,3105.360107421875
2014-05-21,3118.4599609375
2014-05-22,3128.260009765625
2014-05-23,3129.860107421875
2014-05-26,3145.610107421875
2014-05-27,3153.969970703125
2014-05-28,3161.85009765625
2014-05-29,3162.090087890625
2014-05-30,3159.10009765625
2014-06-02,3160.56005859375
2014-06-03,3142.580078125
2014-06-04,3142.929931640625
2014-06-05,3152.340087890625
2014-06-06,3171.510009765625
2014-06-09,3176.590087890625
2014-06-10,3186.070068359375
2014-06-11,3178.169921875
2014-06-12,3167.929931640625
2014-06-13,3151.840087890625
2014-06-16,3141.830078125
2014-06-17,3158.909912109375
2014-06-18,3150.75
2014-06-19,3172.780029296875
2014-06-20,3166.14990234375
2014-06-23,3149.10009765625
2014-06-24,3145.43994140625
2014-06-25,3115.429931640625
2014-06-26,3128.8798828125
2014-06-27,3129.8798828125
2014-06-30,3127.2099609375
2014-07-01,3151.820068359375
2014-07-02,3166.2900390625
2014-07-03,3197.429931640625
2014-07-04,3180.1201171875
2014-07-07,3159.719970703125
2014-07-08,3125.06005859375
2014-07-09,3127.659912109375
2014-07-10,3097.18994140625
2014-07-11,3089.070068359375
2014-07-14,3118.949951171875
2014-07-15,3115.3798828125
2014-07-16,3158.639892578125
2014-07-17,3125.300048828125
2014-07-18,3129.239990234375
2014-07-21,3123.840087890625
2014-07-22,3163.81005859375
2014-07-23,3177.0
2014-07-24,3195.530029296875
2014-07-25,3167.27001953125
2014-07-28,3162.56005859375
2014-07-29,3155.159912109375
2014-07-30,3124.830078125
2014-07-31,3098.739990234375
2014-08-01,3060.489990234375
2014-08-04,3062.449951171875
2014-08-05,3067.6298828125
2014-08-06,3057.3701171875
2014-08-07,3055.9599609375
2014-08-08,3035.9599609375
2014-08-11,3074.35009765625
2014-08-12,3071.14990234375
2014-08-13,3102.9599609375
2014-08-14,3109.830078125
2014-08-15,3106.449951171875
2014-08-18,3146.669921875
2014-08-19,3163.919921875
2014-08-20,3146.330078125
2014-08-21,3171.320068359375
2014-08-22,3163.22998046875
2014-08-25,3186.610107421875
2014-08-26,3203.760009765625
2014-08-27,3210.070068359375
2014-08-28,3196.56005859375
2014-08-29,3192.719970703125
2014-09-01,3180.68994140625
2014-09-02,3177.8798828125
2014-09-03,3186.760009765625
2014-09-04,3222.830078125
2014-09-05,3220.179931640625
2014-09-08,3208.659912109375
2014-09-09,3190.239990234375
2014-09-10,3184.179931640625
2014-09-11,3175.419921875
2014-09-12,3172.760009765625
2014-09-15,3182.139892578125
2014-09-16,3167.4599609375
2014-09-17,3183.39990234375
2014-09-18,3208.219970703125
2014-09-19,3220.39990234375
2014-09-22,3220.43994140625
2014-09-23,3189.409912109375
2014-09-24,3207.75
2014-09-25,3196.89990234375
2014-09-26,3206.489990234375
2014-09-29,3198.25
2014-09-30,3221.39990234375
2014-10-01,3198.610107421875
2014-10-02,3131.840087890625
2014-10-03,3169.719970703125
2014-10-06,3170.64990234375
2014-10-07,3122.080078125
2014-10-08,3100.0400390625
2014-10-09,3092.7099609375
2014-10-10,3041.989990234375
2014-10-13,3019.530029296875
2014-10-14,3015.3701171875
2014-10-15,2915.580078125
2014-10-16,2887.72998046875
2014-10-17,2987.929931640625
2014-10-20,2969.9599609375
2014-10-21,3031.449951171875
2014-10-22,3061.75
2014-10-23,3071.409912109375
2014-10-24,3077.81005859375
2014-10-27,3062.6298828125
2014-10-28,3110.320068359375
2014-10-29,3117.580078125
2014-10-30,3120.7099609375
2014-10-31,3157.14990234375
2014-11-03,3123.89990234375
2014-11-04,3111.9599609375
2014-11-05,3159.830078125
2014-11-06,3163.889892578125
2014-11-07,3144.590087890625
2014-11-10,3166.1298828125
2014-11-11,3176.0400390625
2014-11-12,3139.639892578125
2014-11-13,3161.429931640625
2014-11-14,3162.449951171875
2014-11-17,3169.8798828125
2014-11-18,3200.010009765625
2014-11-19,3211.010009765625
2014-11-20,3193.239990234375
2014-11-21,3235.22998046875
2014-11-24,3243.85009765625
2014-11-25,3263.97998046875
2014-11-26,3263.81005859375
2014-11-27,3284.27001953125
2014-11-28,3287.909912109375
2014-12-01,3277.2099609375
2014-12-02,3283.919921875
2014-12-03,3296.679931640625
2014-12-04,3268.360107421875
2014-12-05,3335.68994140625
2014-12-08,3324.669921875
2014-12-09,3254.510009765625
2014-12-10,3254.780029296875
2014-12-11,3261.9599609375
2014-12-12,3177.219970703125
2014-12-15,3121.81005859375
2014-12-16,3178.31005859375
2014-12-17,3169.830078125
2014-12-18,3248.6201171875
2014-12-19,3278.68994140625
2014-12-22,3283.47998046875
2014-12-23,3319.7099609375
2014-12-24,3306.81005859375
2014-12-29,3315.1298828125
2014-12-30,3276.409912109375
2014-12-31,3285.260009765625
2015-01-02,3281.610107421875
2015-01-05,3208.14990234375
2015-01-06,3190.239990234375
2015-01-07,3193.830078125
2015-01-08,3283.219970703125
2015-01-09,3248.18994140625
2015-01-12,3257.97998046875
2015-01-13,3309.639892578125
2015-01-14,3274.030029296875
2015-01-15,3318.75
2015-01-16,3368.3798828125
2015-01-19,3395.919921875
2015-01-20,3403.0400390625
2015-01-21,3421.969970703125
2015-01-22,3456.949951171875
2015-01-23,3504.610107421875
2015-01-26,3549.9599609375
2015-01-27,3530.800048828125
2015-01-28,3541.2099609375
2015-01-29,3548.389892578125
2015-01-30,3530.31005859375
2015-02-02,3538.52001953125
2015-02-03,3557.030029296875
2015-02-04,3565.7900390625
2015-02-05,3557.18994140625
2015-02-06,3549.9599609375
2015-02-09,3511.570068359375
2015-02-10,3543.840087890625
2015-02-11,3537.860107421875
2015-02-12,3566.909912109375
2015-02-13,3575.5400390625
2015-02-16,3562.389892578125
2015-02-17,3573.590087890625
2015-02-18,3595.820068359375
2015-02-19,3624.969970703125
2015-02-20,3624.699951171875
2015-02-23,3658.1201171875
2015-02-24,3666.800048828125
2015-02-25,3672.080078125
2015-02-26,3713.840087890625
2015-02-27,3714.43994140625
2015-03-02,3713.389892578125
2015-03-03,3667.25
2015-03-04,3702.159912109375
2015-03-05,3731.3798828125
2015-03-06,3732.580078125
2015-03-09,3713.64990234375
2015-03-10,3669.4599609375
2015-03-11,3719.780029296875
2015-03-12,3716.179931640625
2015-03-13,3728.330078125
2015-03-16,3770.47998046875
2015-03-17,3735.8798828125
2015-03-18,3727.919921875
2015-03-19,3734.35009765625
2015-03-20,3765.800048828125
2015-03-23,3751.580078125
2015-03-24,3765.409912109375
2015-03-25,3745.1298828125
2015-03-26,3703.1298828125
2015-03-27,3712.81005859375
2015-03-30,3762.89990234375
2015-03-31,3725.820068359375
2015-04-01,3742.6201171875
2015-04-02,3773.31005859375
2015-04-07,3839.110107421875
2015-04-08,3831.090087890625
2015-04-09,3871.659912109375
2015-04-10,3905.7099609375
2015-04-13,3902.739990234375
2015-04-14,3888.860107421875
2015-04-15,3895.02001953125
2015-04-16,3859.429931640625
2015-04-17,3785.489990234375
2015-04-20,3826.280029296875
2015-04-21,3828.360107421875
2015-04-22,3794.2900390625
2015-04-23,3786.280029296875
2015-04-24,3800.1298828125
2015-04-27,3844.260009765625
2015-04-28,3802.25
2015-04-29,3703.429931640625
2015-04-30,3674.179931640625
2015-05-04,3672.52001953125
2015-05-05,3600.199951171875
2015-05-06,3589.0
2015-05-07,3585.260009765625
2015-05-08,3652.8701171875
2015-05-11,3687.18994140625
2015-05-12,3670.56005859375
2015-05-13,3657.909912109375
2015-05-14,3679.89990234375
2015-05-15,3674.050048828125
2015-05-18,3685.780029296875
2015-05-19,3741.679931640625
2015-05-20,3752.090087890625
2015-05-21,3762.080078125
2015-05-22,3765.89990234375
2015-05-25,3746.300048828125
2015-05-26,3714.719970703125
2015-05-27,3761.090087890625
2015-05-28,3753.6201171875
2015-05-29,3708.659912109375
2015-06-01,3700.429931640625
2015-06-02,3689.590087890625
2015-06-03,3721.760009765625
2015-06-04,3692.070068359375
2015-06-05,3646.68994140625
2015-06-08,3621.889892578125
2015-06-09,3609.8798828125
2015-06-10,3663.760009765625
2015-06-11,3672.070068359375
2015-06-12,3631.760009765625
2015-06-15,3573.18994140625
2015-06-16,3591.25
2015-06-17,3567.510009765625
2015-06-18,3584.110107421875
2015-06-19,3589.070068359375
2015-06-22,3679.43994140625
2015-06-23,3744.679931640625
2015-06-24,3719.8798828125
2015-06-25,3711.31005859375
2015-06-26,3719.43994140625
2015-06-29,3621.090087890625
2015-06-30,3574.699951171875
2015-07-01,3641.090087890625
2015-07-02,3624.27001953125
2015-07-03,3591.969970703125
2015-07-06,3536.8701171875
2015-07-07,3480.860107421875
2015-07-08,3503.10009765625
2015-07-09,3589.219970703125
2015-07-10,3674.60009765625
2015-07-13,3748.8701171875
2015-07-14,3756.25
2015-07-15,3787.60009765625
2015-07-16,3836.469970703125
2015-07-17,3834.35009765625
2015-07-20,3849.1201171875
2015-07-21,3822.6201171875
2015-07-22,3806.090087890625
2015-07-23,3802.3798828125
2015-07-24,3772.6201171875
2015-07-27,3701.3798828125
2015-07-28,3719.39990234375
2015-07-29,3719.3798828125
2015-07-30,3726.85009765625
2015-07-31,3762.639892578125
2015-08-03,3799.340087890625
2015-08-04,3801.2099609375
2015-08-05,3831.25
2015-08-06,3841.47998046875
2015-08-07,3797.0400390625
2015-08-10,3808.969970703125
2015-08-11,3750.840087890625
2015-08-12,3637.1298828125
2015-08-13,3672.35009765625
2015-08-14,3648.080078125
2015-08-17,3647.06005859375
2015-08-18,3656.1298828125
2015-08-19,3597.429931640625
2015-08-20,3544.02001953125
2015-08-21,3437.22998046875
2015-08-24,3265.590087890625
2015-08-25,3392.1201171875
2015-08-26,3346.18994140625
2015-08-27,3443.669921875
2015-08-28,3461.330078125
2015-08-31,3463.1201171875
2015-09-01,3387.68994140625
2015-09-02,3410.39990234375
2015-09-03,3454.97998046875
2015-09-04,3398.659912109375
2015-09-07,3411.580078125
2015-09-08,3451.22998046875
2015-09-09,3495.010009765625
2015-09-10,3465.580078125
2015-09-11,3434.169921875
2015-09-14,3413.06005859375
2015-09-15,3423.340087890625
2015-09-16,3479.949951171875
2015-09-17,3466.9599609375
2015-09-18,3418.3701171875
2015-09-21,3446.419921875
2015-09-22,3346.050048828125
2015-09-23,3354.85009765625
2015-09-24,3298.02001953125
2015-09-25,3378.52001953125
2015-09-28,3317.889892578125
2015-09-29,3296.760009765625
2015-09-30,3344.5
2015-10-01,3327.18994140625
2015-10-02,3342.929931640625
2015-10-05,3438.169921875
2015-10-06,3447.090087890625
2015-10-07,3440.02001953125
2015-10-08,3436.179931640625
2015-10-09,3442.77001953125
2015-10-12,3420.949951171875
2015-10-13,3396.550048828125
2015-10-14,3377.02001953125
2015-10-15,3399.6201171875
2015-10-16,3425.610107421875
2015-10-19,3439.419921875
2015-10-20,3434.0
2015-10-21,3427.14990234375
2015-10-22,3462.300048828125
2015-10-23,3521.52001953125
2015-10-26,3526.030029296875
2015-10-27,3513.68994140625
2015-10-28,3579.360107421875
2015-10-29,3587.02001953125
2015-10-30,3600.199951171875
2015-11-02,3624.179931640625
2015-11-03,3609.800048828125
2015-11-04,3609.7099609375
2015-11-05,3600.239990234375
2015-11-06,3649.18994140625
2015-11-09,3623.840087890625
2015-11-10,3612.969970703125
2015-11-11,3655.68994140625
2015-11-12,3609.239990234375
2015-11-13,3603.179931640625
2015-11-16,3632.43994140625
2015-11-17,3695.0400390625
2015-11-18,3683.3798828125
2015-11-19,3701.840087890625
2015-11-20,3702.6201171875
2015-11-23,3692.639892578125
2015-11-24,3672.449951171875
2015-11-25,3708.68994140625
2015-11-26,3752.7099609375
2015-11-27,3752.7900390625
2015-11-30,3760.889892578125
2015-12-01,3744.10009765625
2015-12-02,3732.93994140625
2015-12-03,3647.7099609375
2015-12-04,3641.280029296875
2015-12-07,3667.1201171875
2015-12-08,3616.97998046875
2015-12-09,3585.389892578125
2015-12-10,3577.97998046875
2015-12-11,3538.5400390625
2015-12-14,3492.89990234375
2015-12-15,3582.179931640625
2015-12-16,3615.449951171875
2015-12-17,3676.090087890625
2015-12-18,3648.77001953125
2015-12-21,3614.22998046875
2015-12-22,3614.719970703125
2015-12-23,3689.510009765625
2015-12-24,3691.7099609375
2015-12-28,3688.39990234375
2015-12-29,3753.050048828125
2015-12-30,3734.02001953125
2016-01-04,3642.7900390625
2016-01-05,3653.179931640625
2016-01-06,3613.68994140625
2016-01-07,3550.7099609375
2016-01-08,3493.97998046875
2016-01-11,3494.139892578125
2016-01-12,3518.43994140625
2016-01-13,3528.10009765625
2016-01-14,3455.010009765625
2016-01-15,3384.199951171875
2016-01-18,3339.75
2016-01-19,3382.47998046875
2016-01-20,3285.14990234375
2016-01-21,3355.889892578125
2016-01-22,3450.989990234375
2016-01-25,3436.14990234375
2016-01-26,3475.050048828125
2016-01-27,3461.090087890625
2016-01-28,3409.3701171875
2016-01-29,3486.219970703125
2016-02-01,3488.530029296875
2016-02-02,3434.800048828125
2016-02-03,3375.429931640625
2016-02-04,3348.419921875
2016-02-05,3305.68994140625
2016-02-08,3191.550048828125
2016-02-09,3168.2900390625
2016-02-10,3220.139892578125
2016-02-11,3130.760009765625
2016-02-12,3203.659912109375
2016-02-15,3298.590087890625
2016-02-16,3296.22998046875
2016-02-17,3376.320068359375
2016-02-18,3344.56005859375
2016-02-19,3330.159912109375
2016-02-22,3376.429931640625
2016-02-23,3344.590087890625
2016-02-24,3279.72998046875
2016-02-25,3338.070068359375
2016-02-26,3370.60009765625
2016-02-29,3371.820068359375
2016-03-01,3428.35009765625
2016-03-02,3427.429931640625
2016-03-03,3416.570068359375
2016-03-04,3418.580078125
2016-03-07,3398.219970703125
2016-03-08,3371.18994140625
2016-03-09,3384.610107421875
2016-03-10,3355.0400390625
2016-03-11,3425.800048828125
2016-03-14,3446.8701171875
2016-03-15,3419.610107421875
2016-03-16,3437.8798828125
2016-03-17,3405.300048828125
2016-03-18,3420.050048828125
2016-03-21,3419.139892578125
2016-03-22,3424.919921875
2016-03-23,3428.530029296875
2016-03-24,3368.89990234375
2016-03-29,3382.320068359375
2016-03-30,3419.3798828125
2016-03-31,3373.0400390625
2016-04-01,3357.080078125
2016-04-04,3375.7900390625
2016-04-05,3321.610107421875
2016-04-06,3345.3701171875
2016-04-07,3319.989990234375
2016-04-08,3354.06005859375
2016-04-11,3369.0
2016-04-12,3370.68994140625
2016-04-13,3437.85009765625
2016-04-14,3457.89990234375
2016-04-15,3458.5
2016-04-18,3466.820068359375
2016-04-19,3497.6298828125
2016-04-20,3500.090087890625
2016-04-21,3490.3798828125
2016-04-22,3498.679931640625
2016-04-25,3467.89990234375
2016-04-26,3471.14990234375
2016-04-27,3479.580078125
2016-04-28,3476.780029296875
2016-04-29,3409.3701171875
2016-05-02,3421.409912109375
2016-05-03,3380.419921875
2016-05-04,3333.989990234375
2016-05-05,3328.010009765625
2016-05-06,3325.860107421875
2016-05-09,3335.89990234375
2016-05-10,3363.18994140625
2016-05-11,3342.8798828125
2016-05-12,3349.239990234375
2016-05-13,3376.830078125
2016-05-16,3366.419921875
2016-05-17,3350.719970703125
2016-05-18,3353.169921875
2016-05-19,3342.949951171875
2016-05-20,3390.340087890625
2016-05-23,3387.699951171875
2016-05-24,3443.919921875
2016-05-25,3491.989990234375
2016-05-26,3516.080078125
2016-05-27,3523.469970703125
2016-05-30,3535.139892578125
2016-05-31,3514.06005859375
2016-06-01,3504.27001953125
2016-06-02,3512.47998046875
2016-06-03,3490.550048828125
2016-06-06,3503.159912109375
2016-06-07,3546.81005859375
2016-06-08,3543.5
2016-06-09,3518.7900390625
2016-06-10,3441.60009765625
2016-06-13,3366.6298828125
2016-06-14,3306.590087890625
2016-06-15,3321.7099609375
2016-06-16,3291.800048828125
2016-06-17,3339.68994140625
2016-06-20,3432.179931640625
2016-06-21,3452.780029296875
2016-06-22,3452.830078125
2016-06-23,3498.0400390625
2016-06-24,3274.18994140625
2016-06-27,3141.1298828125
2016-06-28,3209.489990234375
2016-06-29,3297.760009765625
2016-06-30,3345.6298828125
2016-07-01,3363.97998046875
2016-07-04,3337.72998046875
2016-07-05,3283.97998046875
2016-07-06,3236.010009765625
2016-07-07,3257.77001953125
2016-07-08,3319.639892578125
2016-07-11,3361.169921875
2016-07-12,3393.52001953125
2016-07-13,3390.320068359375
2016-07-14,3418.43994140625
2016-07-15,3410.909912109375
2016-07-18,3412.469970703125
2016-07-19,3410.239990234375
2016-07-20,3431.320068359375
2016-07-21,3428.89990234375
2016-07-22,3450.27001953125
2016-07-25,3451.080078125
2016-07-26,3456.9599609375
2016-07-27,3453.659912109375
2016-07-28,3418.18994140625
2016-07-29,3464.840087890625
2016-08-01,3426.3798828125
2016-08-02,3365.3798828125
2016-08-03,3401.2099609375
2016-08-04,3427.340087890625
2016-08-05,3464.820068359375
2016-08-08,3464.389892578125
2016-08-09,3493.77001953125
2016-08-10,3490.52001953125
2016-08-11,3535.389892578125
2016-08-12,3544.820068359375
2016-08-15,3563.25
2016-08-16,3524.39990234375
2016-08-17,3495.52001953125
2016-08-18,3518.090087890625
2016-08-19,3502.530029296875
2016-08-22,3510.610107421875
2016-08-23,3545.219970703125
2016-08-24,3554.72998046875
2016-08-25,3534.840087890625
2016-08-26,3550.110107421875
2016-08-29,3541.590087890625
2016-08-30,3556.780029296875
2016-08-31,3553.3701171875
2016-09-01,3559.580078125
2016-09-02,3632.39990234375
2016-09-05,3637.260009765625
2016-09-06,3629.669921875
2016-09-07,3635.510009765625
2016-09-08,3620.85009765625
2016-09-09,3582.280029296875
2016-09-12,3546.860107421875
2016-09-13,3506.77001953125
2016-09-14,3502.929931640625
2016-09-15,3522.739990234375
2016-09-16,3509.179931640625
2016-09-19,3536.280029296875
2016-09-20,3540.9599609375
2016-09-21,3566.469970703125
2016-09-22,3616.080078125
2016-09-23,3604.27001953125
2016-09-26,3551.449951171875
2016-09-27,3547.889892578125
2016-09-28,3571.02001953125
2016-09-29,3549.530029296875
2016-09-30,3555.919921875
2016-10-03,3543.02001953125
2016-10-04,3565.22998046875
2016-10-05,3562.25
2016-10-06,3559.590087890625
2016-10-07,3526.2099609375
2016-10-10,3551.639892578125
2016-10-11,3544.030029296875
2016-10-12,3525.3701171875
2016-10-13,3505.89990234375
2016-10-14,3555.489990234375
2016-10-17,3548.739990234375
2016-10-18,3592.969970703125
2016-10-19,3599.39990234375
2016-10-20,3610.39990234375
2016-10-21,3588.300048828125
2016-10-24,3594.889892578125
2016-10-25,3588.02001953125
2016-10-26,3570.6298828125
2016-10-27,3587.639892578125
2016-10-28,3559.2099609375
2016-10-31,3540.56005859375
2016-11-01,3500.110107421875
2016-11-02,3457.02001953125
2016-11-03,3454.530029296875
2016-11-04,3439.550048828125
2016-11-07,3477.889892578125
2016-11-08,3489.280029296875
2016-11-09,3538.929931640625
2016-11-10,3491.050048828125
2016-11-11,3491.409912109375
2016-11-14,3495.010009765625
2016-11-15,3486.330078125
2016-11-16,3466.27001953125
2016-11-17,3469.320068359375
2016-11-18,3426.2099609375
2016-11-21,3447.610107421875
2016-11-22,3473.830078125
2016-11-23,3467.93994140625
2016-11-24,3473.25
2016-11-25,3492.77001953125
2016-11-28,3463.139892578125
2016-11-29,3469.340087890625
2016-11-30,3478.6298828125
2016-12-01,3450.43994140625
2016-12-02,3427.610107421875
2016-12-05,3462.739990234375
2016-12-06,3525.760009765625
2016-12-07,3531.830078125
2016-12-08,3565.449951171875
2016-12-09,3557.530029296875
2016-12-12,3547.830078125
2016-12-13,3581.27001953125
2016-12-14,3545.93994140625
2016-12-15,3569.64990234375
2016-12-16,3582.550048828125
2016-12-19,3576.18994140625
2016-12-20,3605.27001953125
2016-12-21,3599.360107421875
2016-12-22,3596.919921875
2016-12-23,3599.7900390625
2016-12-27,3606.659912109375
2016-12-28,3608.889892578125
2016-12-29,3601.090087890625
2016-12-30,3606.360107421875
2017-01-02,3630.219970703125
2017-01-03,3657.050048828125
2017-01-04,3665.68994140625
2017-01-05,3658.68994140625
2017-01-06,3665.5
2017-01-09,3638.860107421875
2017-01-10,3632.02001953125
2017-01-11,3619.489990234375
2017-01-12,3588.85009765625
2017-01-13,3634.43994140625
2017-01-16,3594.580078125
2017-01-17,3588.31005859375
2017-01-18,3584.2900390625
2017-01-19,3593.969970703125
2017-01-20,3588.530029296875
2017-01-23,3562.429931640625
2017-01-24,3559.449951171875
2017-01-25,3605.050048828125
2017-01-26,3610.2099609375
2017-01-27,3605.300048828125
2017-01-30,3564.949951171875
2017-01-31,3542.27001953125
2017-02-01,3575.199951171875
2017-02-02,3586.830078125
2017-02-03,3606.159912109375
2017-02-06,3578.10009765625
2017-02-07,3589.7099609375
2017-02-08,3584.030029296875
2017-02-09,3611.669921875
2017-02-10,3590.949951171875
2017-02-13,3617.60009765625
2017-02-14,3624.18994140625
2017-02-15,3618.56005859375
2017-02-16,3619.27001953125
2017-02-17,3610.43994140625
2017-02-20,3619.139892578125
2017-02-21,3628.409912109375
2017-02-22,3623.639892578125
2017-02-23,3607.3701171875
2017-02-24,3575.75
2017-02-27,3575.4599609375
2017-02-28,3584.1298828125
2017-03-01,3660.510009765625
2017-03-02,3668.3701171875
2017-03-03,3702.860107421875
2017-03-06,3687.06005859375
2017-03-07,3684.1298828125
2017-03-08,3699.469970703125
2017-03-09,3744.5400390625
2017-03-10,3764.64990234375
2017-03-13,3771.0400390625
2017-03-14,3750.830078125
2017-03-15,3759.81005859375
2017-03-16,3778.1298828125
2017-03-17,3799.860107421875
2017-03-20,3791.1201171875
2017-03-21,3759.43994140625
2017-03-22,3730.010009765625
2017-03-23,3763.10009765625
2017-03-24,3747.429931640625
2017-03-27,3739.5400390625
2017-03-28,3768.85009765625
2017-03-29,3787.5400390625
2017-03-30,3795.27001953125
2017-03-31,3817.02001953125
2017-04-03,3800.43994140625
2017-04-04,3805.1201171875
2017-04-05,3808.75
2017-04-06,3820.800048828125
2017-04-07,3819.43994140625
2017-04-10,3822.080078125
2017-04-11,3807.60009765625
2017-04-12,3807.719970703125
2017-04-13,3790.760009765625
2017-04-18,3745.949951171875
2017-04-19,3770.429931640625
2017-04-20,3770.280029296875
2017-04-21,3770.449951171875
2017-04-24,3887.8701171875
2017-04-25,3889.68994140625
2017-04-26,3890.830078125
2017-04-27,3882.68994140625
2017-04-28,3875.530029296875
2017-05-02,3909.8798828125
2017-05-03,3932.860107421875
2017-05-04,4003.659912109375
2017-05-05,4037.93994140625
2017-05-08,4037.22998046875
2017-05-09,4036.800048828125
2017-05-10,4041.030029296875
2017-05-11,4004.169921875
2017-05-12,4008.340087890625
2017-05-15,4023.64990234375
2017-05-16,4010.580078125
2017-05-17,3954.110107421875
2017-05-18,3906.0400390625
2017-05-19,3949.43994140625
2017-05-22,3895.830078125
2017-05-23,3914.820068359375
2017-05-24,3902.7099609375
2017-05-25,3894.3701171875
2017-05-26,3900.929931640625
2017-05-29,3893.47998046875
2017-05-30,3890.840087890625
2017-05-31,3888.320068359375
2017-06-01,3897.2900390625
2017-06-02,3915.0400390625
2017-06-05,3900.35009765625
2017-06-06,3878.260009765625
2017-06-07,3906.81005859375
2017-06-08,3918.22998046875
2017-06-09,3946.419921875
2017-06-12,3899.489990234375
2017-06-13,3910.860107421875
2017-06-14,3902.47998046875
2017-06-15,3888.8701171875
2017-06-16,3908.429931640625
2017-06-19,3935.27001953125
2017-06-20,3910.199951171875
2017-06-21,3869.93994140625
2017-06-22,3853.35009765625
2017-06-23,3843.760009765625
2017-06-26,3861.739990234375
2017-06-27,3839.85009765625
2017-06-28,3839.510009765625
2017-06-29,3796.570068359375
2017-06-30,3793.6201171875
2017-07-03,3839.909912109375
2017-07-04,3834.969970703125
2017-07-05,3838.969970703125
2017-07-06,3822.93994140625
2017-07-07,3835.830078125
2017-07-10,3845.080078125
2017-07-11,3824.739990234375
2017-07-12,3867.47998046875
2017-07-13,3894.580078125
2017-07-14,3902.780029296875
2017-07-17,3909.22998046875
2017-07-18,3872.43994140625
2017-07-19,3901.389892578125
2017-07-20,3900.590087890625
2017-07-21,3883.469970703125
2017-07-24,3872.659912109375
2017-07-25,3901.760009765625
2017-07-26,3952.699951171875
2017-07-27,3985.60009765625
2017-07-28,3944.56005859375
2017-07-31,3942.4599609375
2017-08-01,3960.360107421875
2017-08-02,3938.159912109375
2017-08-03,3949.0
2017-08-04,3969.989990234375
2017-08-07,3960.030029296875
2017-08-08,3965.6298828125
2017-08-09,3926.580078125
2017-08-10,3904.929931640625
2017-08-11,3866.469970703125
2017-08-14,3909.47998046875
2017-08-15,3932.2099609375
2017-08-16,3954.080078125
2017-08-17,3943.739990234375
2017-08-18,3924.780029296875
2017-08-21,3902.169921875
2017-08-22,3930.75
2017-08-23,3909.699951171875
2017-08-24,3917.989990234375
2017-08-25,3905.7099609375
2017-08-28,3884.550048828125
2017-08-29,3846.60009765625
2017-08-30,3873.580078125
2017-08-31,3887.550048828125
2017-09-01,3901.419921875
2017-09-04,3884.469970703125
2017-09-05,3883.68994140625
2017-09-06,3890.550048828125
2017-09-07,3921.93994140625
2017-09-08,3938.239990234375
2017-09-11,3977.5400390625
2017-09-12,3995.199951171875
2017-09-13,3989.1298828125
2017-09-14,3989.409912109375
2017-09-15,3967.52001953125
2017-09-18,3968.31005859375
2017-09-19,3973.030029296875
2017-09-20,3965.489990234375
2017-09-21,3968.669921875
2017-09-22,3957.9599609375
2017-09-25,3963.199951171875
2017-09-26,3968.47998046875
2017-09-27,3986.81005859375
2017-09-28,4001.31005859375
2017-09-29,4017.75
2017-10-02,4031.639892578125
2017-10-03,4045.320068359375
2017-10-04,4044.389892578125
2017-10-05,4064.179931640625
2017-10-06,4047.3701171875
2017-10-09,4054.39990234375
2017-10-10,4055.239990234375
2017-10-11,4059.0400390625
2017-10-12,4070.679931640625
2017-10-13,4069.909912109375
2017-10-16,4060.7900390625
2017-10-17,4068.77001953125
2017-10-18,4075.25
2017-10-19,4066.02001953125
2017-10-20,4082.97998046875
2017-10-23,4089.840087890625
2017-10-24,4080.0400390625
2017-10-25,4048.5
2017-10-26,4089.699951171875
2017-10-27,4092.159912109375
2017-10-30,4078.679931640625
2017-10-31,4096.3798828125
2017-11-01,4116.5
2017-11-02,4102.259765625
2017-11-03,4112.5498046875
2017-11-06,4118.509765625
2017-11-07,4097.64013671875
2017-11-08,4085.489990234375
2017-11-09,4043.489990234375
2017-11-10,4026.260009765625
2017-11-13,4007.570068359375
2017-11-14,3984.6298828125
2017-11-15,3963.830078125
2017-11-16,3991.860107421875
2017-11-17,3954.0400390625
2017-11-20,3962.239990234375
2017-11-21,3970.6201171875
2017-11-22,3969.18994140625
2017-11-23,3978.18994140625
2017-11-24,3985.4599609375
2017-11-27,3971.239990234375
2017-11-28,3985.659912109375
2017-11-29,3999.409912109375
2017-11-30,3984.10009765625
2017-12-01,3964.280029296875
2017-12-04,4001.110107421875
2017-12-05,3999.669921875
2017-12-06,3979.75
2017-12-07,3994.72998046875
2017-12-08,4025.75
2017-12-11,4019.18994140625
2017-12-12,4033.580078125
2017-12-13,4002.2099609375
2017-12-14,3985.219970703125
2017-12-15,3992.27001953125
2017-12-18,4024.64990234375
2017-12-19,4020.8701171875
2017-12-20,3994.679931640625
2017-12-21,3996.0
2017-12-22,3995.050048828125
2017-12-27,4003.070068359375
2017-12-28,3991.360107421875
2017-12-29,3977.8798828125
2018-01-02,3979.530029296875
2018-01-03,4005.610107421875
2018-01-04,4057.919921875
2018-01-05,4097.0400390625
2018-01-08,4114.52978515625
2018-01-09,4141.64013671875
2018-01-10,4157.5498046875
2018-01-11,4155.31005859375
2018-01-12,4164.1201171875
2018-01-15,4164.4501953125
2018-01-16,4163.9599609375
2018-01-17,4148.60009765625
2018-01-18,4142.06005859375
2018-01-19,4159.08984375
2018-01-22,4176.8798828125
2018-01-23,4161.990234375
2018-01-24,4146.75
2018-01-25,4144.22998046875
2018-01-26,4162.009765625
2018-01-29,4155.18994140625
2018-01-30,4126.56982421875
2018-01-31,4111.64990234375
2018-02-01,4103.6298828125
2018-02-02,4053.590087890625
2018-02-05,3997.590087890625
2018-02-06,3896.590087890625
2018-02-07,3991.89990234375
2018-02-08,3911.9599609375
2018-02-09,3876.330078125
2018-02-12,3918.179931640625
2018-02-13,3884.7099609375
2018-02-14,3892.159912109375
2018-02-15,3910.110107421875
2018-02-16,3941.18994140625
2018-02-19,3922.4599609375
2018-02-20,3938.6201171875
2018-02-21,3950.27001953125
2018-02-22,3978.85009765625
2018-02-23,3972.530029296875
2018-02-26,3992.5
2018-02-27,4010.169921875
2018-02-28,3994.449951171875
2018-03-01,3943.85009765625
2018-03-02,3869.179931640625
2018-03-05,3907.0400390625
2018-03-06,3916.409912109375
2018-03-07,3929.199951171875
2018-03-08,3974.52001953125
2018-03-09,3987.0400390625
2018-03-12,4002.469970703125
2018-03-13,3970.469970703125
2018-03-14,3929.31005859375
2018-03-15,3950.780029296875
2018-03-16,3961.550048828125
2018-03-19,3920.639892578125
2018-03-20,3935.780029296875
2018-03-21,3925.780029296875
2018-03-22,3858.5
2018-03-23,3816.9599609375
2018-03-26,3797.02001953125
2018-03-27,3824.419921875
2018-03-28,3852.3701171875
2018-03-29,3857.10009765625
2018-04-03,3831.429931640625
2018-04-04,3808.280029296875
2018-04-05,3889.02001953125
2018-04-06,3870.070068359375
2018-04-09,3870.64990234375
2018-04-10,3887.909912109375
2018-04-11,3856.60009765625
2018-04-12,3883.820068359375
2018-04-13,3888.320068359375
2018-04-16,3868.179931640625
2018-04-17,3899.719970703125
2018-04-18,3910.4599609375
2018-04-19,3911.780029296875
2018-04-20,3921.199951171875
2018-04-23,3933.639892578125
2018-04-24,3931.590087890625
2018-04-25,3893.070068359375
2018-04-26,3908.14990234375
2018-04-27,3912.919921875
2018-04-30,3910.300048828125
2018-05-02,3920.89990234375
2018-05-03,3871.93994140625
2018-05-04,3894.60009765625
2018-05-07,3889.260009765625
2018-05-08,3910.6298828125
2018-05-09,3893.0
2018-05-10,3884.5400390625
2018-05-11,3884.39990234375
2018-05-14,3885.739990234375
2018-05-15,3876.570068359375
2018-05-16,3857.68994140625
2018-05-17,3898.570068359375
2018-05-18,3891.110107421875
2018-05-21,3904.97998046875
2018-05-22,3916.780029296875
2018-05-23,3887.179931640625
2018-05-24,3860.06005859375
2018-05-25,3857.06005859375
2018-05-28,3832.860107421875
2018-05-29,3760.510009765625
2018-05-30,3784.64990234375
2018-05-31,3764.219970703125
2018-06-01,3809.219970703125
2018-06-04,3834.89990234375
2018-06-05,3799.14990234375
2018-06-06,3791.1298828125
2018-06-07,3791.969970703125
2018-06-08,3770.969970703125
2018-06-11,3814.280029296875
2018-06-12,3816.7900390625
2018-06-13,3813.93994140625
2018-06-14,3830.530029296875
2018-06-15,3803.260009765625
2018-06-18,3762.9599609375
2018-06-19,3745.800048828125
2018-06-20,3750.14990234375
2018-06-21,3727.5400390625
2018-06-22,3763.570068359375
2018-06-25,3710.489990234375
2018-06-26,3709.840087890625
2018-06-27,3729.110107421875
2018-06-28,3702.239990234375
2018-06-29,3719.860107421875
2018-07-02,3697.280029296875
2018-07-03,3715.360107421875
2018-07-04,3720.10009765625
2018-07-05,3747.22998046875
2018-07-06,3770.669921875
2018-07-09,3797.06005859375
2018-07-10,3803.5400390625
2018-07-11,3779.780029296875
2018-07-12,3801.340087890625
2018-07-13,3804.080078125
2018-07-16,3806.669921875
2018-07-17,3817.639892578125
2018-07-18,3820.409912109375
2018-07-19,3809.429931640625
2018-07-20,3815.159912109375
2018-07-23,3832.280029296875
2018-07-24,3862.469970703125
2018-07-25,3863.860107421875
2018-07-26,3874.949951171875
2018-07-27,3925.6298828125
2018-07-30,3915.530029296875
2018-07-31,3899.0400390625
2018-08-01,3894.6201171875
2018-08-02,3862.260009765625
2018-08-03,3874.110107421875
2018-08-06,3866.550048828125
2018-08-07,3884.330078125
2018-08-08,3863.679931640625
2018-08-09,3888.81005859375
2018-08-10,3818.93994140625
2018-08-13,3801.929931640625
2018-08-14,3810.39990234375
2018-08-15,3759.820068359375
2018-08-16,3775.639892578125
2018-08-17,3768.5
2018-08-20,3787.7099609375
2018-08-21,3800.43994140625
2018-08-22,3800.10009765625
2018-08-23,3799.090087890625
2018-08-24,3805.570068359375
2018-08-27,3820.860107421875
2018-08-28,3816.010009765625
2018-08-29,3817.4599609375
2018-08-30,3781.679931640625
2018-08-31,3740.7099609375
2018-09-03,3729.60009765625
2018-09-04,3705.219970703125
2018-09-05,3671.4599609375
2018-09-06,3651.8798828125
2018-09-07,3640.780029296875
2018-09-10,3668.360107421875
2018-09-11,3668.85009765625
2018-09-12,3690.989990234375
2018-09-13,3692.360107421875
2018-09-14,3709.56005859375
2018-09-17,3714.800048828125
2018-09-18,3730.8701171875
2018-09-19,3732.050048828125
2018-09-20,3768.830078125
2018-09-21,3774.889892578125
2018-09-24,3747.219970703125
2018-09-25,3750.81005859375
2018-09-26,3743.580078125
2018-09-27,3741.179931640625
2018-09-28,3706.739990234375
2018-10-01,3715.02001953125
2018-10-02,3702.43994140625
2018-10-03,3745.43994140625
2018-10-04,3714.75
2018-10-05,3686.659912109375
2018-10-08,3639.219970703125
2018-10-09,3653.1298828125
2018-10-10,3575.340087890625
2018-10-11,3502.780029296875
2018-10-12,3505.030029296875
2018-10-15,3506.47998046875
2018-10-16,3563.93994140625
2018-10-17,3559.969970703125
2018-10-18,3538.080078125
2018-10-19,3521.27001953125
2018-10-22,3510.3798828125
2018-10-23,3437.389892578125
2018-10-24,3427.719970703125
2018-10-25,3400.02001953125
2018-10-26,3373.510009765625
2018-10-29,3406.02001953125
2018-10-30,3396.489990234375
2018-10-31,3447.070068359375
2018-11-01,3503.260009765625
2018-11-02,3521.929931640625
2018-11-05,3508.340087890625
2018-11-06,3498.06005859375
2018-11-07,3561.8701171875
2018-11-08,3552.22998046875
2018-11-09,3556.31005859375
2018-11-12,3523.7099609375
2018-11-13,3548.610107421875
2018-11-14,3538.830078125
2018-11-15,3526.179931640625
2018-11-16,3529.820068359375
2018-11-19,3503.39990234375
2018-11-20,3430.469970703125
2018-11-21,3471.360107421875
2018-11-22,3426.889892578125
2018-11-23,3441.429931640625
2018-11-26,3475.27001953125
2018-11-27,3484.429931640625
2018-11-28,3474.0
2018-11-29,3491.989990234375
2018-11-30,3487.89990234375
2018-12-03,3526.669921875
2018-12-04,3482.909912109375
2018-12-05,3442.56005859375
2018-12-06,3324.800048828125
2018-12-07,3344.590087890625
2018-12-10,3286.919921875
2018-12-11,3334.7900390625
2018-12-12,3401.239990234375
2018-12-13,3401.219970703125
2018-12-14,3384.2900390625
2018-12-17,3331.260009765625
2018-12-18,3316.679931640625
2018-12-19,3326.840087890625
2018-12-20,3247.469970703125
2018-12-21,3240.97998046875
2018-12-24,3210.080078125
2018-12-27,3164.97998046875
2018-12-28,3209.0
2018-12-31,3243.6298828125
2019-01-02,3223.139892578125
2019-01-03,3221.5
2019-01-04,3317.050048828125
2019-01-07,3340.780029296875
2019-01-08,3382.969970703125
2019-01-09,3404.260009765625
2019-01-10,3413.159912109375
2019-01-11,3411.72998046875
2019-01-14,3394.550048828125
2019-01-15,3422.0
2019-01-16,3446.969970703125
2019-01-17,3429.719970703125
2019-01-18,3483.47998046875
2019-01-21,3465.2900390625
2019-01-22,3449.199951171875
2019-01-23,3457.389892578125
2019-01-24,3458.280029296875
2019-01-25,3496.9599609375
2019-01-28,3466.659912109375
2019-01-29,3477.60009765625
2019-01-30,3488.39990234375
2019-01-31,3491.6201171875
2019-02-01,3507.840087890625
2019-02-04,3506.820068359375
2019-02-05,3559.27001953125
2019-02-06,3577.77001953125
2019-02-07,3514.10009765625
2019-02-08,3473.72998046875
2019-02-11,3496.3798828125
2019-02-12,3526.93994140625
2019-02-13,3535.14990234375
2019-02-14,3520.89990234375
2019-02-15,3567.97998046875
2019-02-18,3593.39990234375
2019-02-19,3585.47998046875
2019-02-20,3615.860107421875
2019-02-21,3586.14990234375
2019-02-22,3572.820068359375
2019-02-25,3587.52001953125
2019-02-26,3604.800048828125
2019-02-27,3595.610107421875
2019-02-28,3604.47998046875
2019-03-01,3644.139892578125
2019-03-04,3642.1298828125
2019-03-05,3641.139892578125
2019-03-06,3605.800048828125
2019-03-07,3573.22998046875
2019-03-08,3536.610107421875
2019-03-11,3568.8701171875
2019-03-12,3579.580078125
2019-03-13,3597.409912109375
2019-03-14,3609.639892578125
2019-03-15,3640.260009765625
2019-03-18,3660.800048828125
2019-03-19,3688.489990234375
2019-03-20,3655.639892578125
2019-03-21,3654.659912109375
2019-03-22,3588.72998046875
2019-03-25,3560.679931640625
2019-03-26,3591.570068359375
2019-03-27,3614.570068359375
2019-03-28,3601.070068359375
2019-03-29,3658.719970703125
2019-04-01,3713.60009765625
2019-04-02,3736.780029296875
2019-04-03,3772.699951171875
2019-04-04,3782.219970703125
2019-04-05,3805.389892578125
2019-04-08,3793.080078125
2019-04-09,3790.2099609375
2019-04-10,3778.300048828125
2019-04-11,3807.739990234375
2019-04-12,3845.050048828125
2019-04-15,3846.780029296875
2019-04-16,3860.169921875
2019-04-17,3846.820068359375
2019-04-18,3852.300048828125
2019-04-23,3806.97998046875
2019-04-24,3752.199951171875
2019-04-25,3713.719970703125
2019-04-26,3727.6201171875
2019-04-29,3737.820068359375
2019-04-30,3743.669921875
2019-05-02,3718.030029296875
2019-05-03,3715.3701171875
2019-05-06,3681.800048828125
2019-05-07,3595.9599609375
2019-05-08,3574.860107421875
2019-05-09,3492.389892578125
2019-05-10,3504.030029296875
2019-05-13,3452.169921875
2019-05-14,3495.14990234375
2019-05-15,3493.820068359375
2019-05-16,3544.179931640625
2019-05-17,3511.4599609375
2019-05-20,3476.489990234375
2019-05-21,3494.93994140625
2019-05-22,3488.75
2019-05-23,3445.090087890625
2019-05-24,3472.340087890625
2019-05-27,3474.830078125
2019-05-28,3488.320068359375
2019-05-29,3432.610107421875
2019-05-30,3455.5
2019-05-31,3427.179931640625
2019-06-03,3420.050048828125
2019-06-04,3458.389892578125
2019-06-05,3454.5
2019-06-06,3440.3701171875
2019-06-07,3457.469970703125
2019-06-10,3483.9599609375
2019-06-11,3516.280029296875
2019-06-12,3500.780029296875
2019-06-13,3492.14990234375
2019-06-14,3463.7099609375
2019-06-17,3450.81005859375
2019-06-18,3513.070068359375
2019-06-19,3525.56005859375
2019-06-20,3518.52001953125
2019-06-21,3505.47998046875
2019-06-24,3498.320068359375
2019-06-25,3498.22998046875
2019-06-26,3497.320068359375
2019-06-27,3513.469970703125
2019-06-28,3547.4599609375
2019-07-01,3578.139892578125
2019-07-02,3596.7900390625
2019-07-03,3641.22998046875
2019-07-04,3657.64990234375
2019-07-05,3643.72998046875
2019-07-08,3608.590087890625
2019-07-09,3587.909912109375
2019-07-10,3589.72998046875
2019-07-11,3571.1298828125
2019-07-12,3578.3701171875
2019-07-15,3622.639892578125
2019-07-16,3649.639892578125
2019-07-17,3626.1298828125
2019-07-18,3620.7099609375
2019-07-19,3652.419921875
2019-07-22,3680.489990234375
2019-07-23,3723.580078125
2019-07-24,3726.469970703125
2019-07-25,3735.159912109375
2019-07-26,3735.949951171875
2019-07-29,3735.360107421875
2019-07-30,3673.090087890625
2019-07-31,3701.429931640625
2019-08-01,3729.969970703125
2019-08-02,3613.0
2019-08-05,3525.889892578125
2019-08-06,3505.489990234375
2019-08-07,3526.050048828125
2019-08-08,3574.419921875
2019-08-09,3534.570068359375
2019-08-12,3507.31005859375
2019-08-13,3519.199951171875
2019-08-14,3454.199951171875
2019-08-15,3443.340087890625
2019-08-16,3498.389892578125
2019-08-19,3522.419921875
2019-08-20,3488.169921875
2019-08-21,3525.25
2019-08-22,3510.110107421875
2019-08-23,3479.199951171875
2019-08-26,3487.0400390625
2019-08-27,3502.18994140625
2019-08-28,3490.820068359375
2019-08-29,3526.1201171875
2019-08-30,3570.81005859375
2019-09-02,3573.300048828125
2019-09-03,3562.429931640625
2019-09-04,3588.530029296875
2019-09-05,3619.5400390625
2019-09-06,3617.110107421875
2019-09-09,3647.75
2019-09-10,3663.659912109375
2019-09-11,3677.360107421875
2019-09-12,3697.659912109375
2019-09-13,3730.239990234375
2019-09-16,3700.18994140625
2019-09-17,3690.840087890625
2019-09-18,3680.090087890625
2019-09-19,3705.6201171875
2019-09-20,3738.719970703125
2019-09-23,3693.469970703125
2019-09-24,3678.159912109375
2019-09-25,3678.8798828125
2019-09-26,3697.72998046875
2019-09-27,3712.080078125
2019-09-30,3714.419921875
2019-10-01,3666.139892578125
2019-10-02,3566.3701171875
2019-10-03,3574.760009765625
2019-10-04,3610.639892578125
2019-10-07,3628.919921875
2019-10-08,3592.1201171875
2019-10-09,3607.550048828125
2019-10-10,3657.77001953125
2019-10-11,3727.919921875
2019-10-14,3713.56005859375
2019-10-15,3757.239990234375
2019-10-16,3761.02001953125
2019-10-17,3776.409912109375
2019-10-18,3757.780029296875
2019-10-21,3784.0400390625
2019-10-22,3768.47998046875
2019-10-23,3760.280029296875
2019-10-24,3791.659912109375
2019-10-25,3752.35009765625
2019-10-28,3770.840087890625
2019-10-29,3763.929931640625
2019-10-30,3767.320068359375
2019-10-31,3763.25
2019-11-01,3794.800048828125
2019-11-04,3829.199951171875
2019-11-05,3851.8701171875
2019-11-06,3859.7099609375
2019-11-07,3878.139892578125
2019-11-08,3876.93994140625
2019-11-11,3868.27001953125
2019-11-12,3898.47998046875
2019-11-13,3878.3701171875
2019-11-14,3870.27001953125
2019-11-15,3894.25
2019-11-18,3905.52001953125
2019-11-19,3897.43994140625
2019-11-20,3896.18994140625
2019-11-21,3873.929931640625
2019-11-22,3878.929931640625
2019-11-25,3902.929931640625
2019-11-26,3904.31005859375
2019-11-27,3912.3798828125
2019-11-28,3914.860107421875
2019-11-29,3906.679931640625
2019-12-02,3864.110107421875
2019-12-03,3841.330078125
2019-12-04,3889.409912109375
2019-12-05,3887.139892578125
2019-12-06,3929.050048828125
2019-12-09,3942.510009765625
2019-12-10,3927.6298828125
2019-12-11,3920.85009765625
2019-12-12,3931.64990234375
2019-12-13,3936.10009765625
2019-12-16,3977.889892578125
2019-12-17,3963.81005859375
2019-12-18,3967.679931640625
2019-12-19,3985.2900390625
2019-12-20,3992.929931640625
2019-12-23,3989.610107421875
2019-12-24,3992.1298828125
2019-12-27,3996.35009765625
2019-12-30,3967.179931640625
2019-12-31,3955.830078125
2020-01-02,4015.929931640625
2020-01-03,3994.610107421875
2020-01-06,3971.780029296875
2020-01-07,3984.72998046875
2020-01-08,3980.68994140625
2020-01-09,4013.97998046875
2020-01-10,4009.8798828125
2020-01-13,3984.580078125
2020-01-14,3990.6298828125
2020-01-15,3970.719970703125
2020-01-16,3987.780029296875
2020-01-17,4007.199951171875
2020-01-20,4012.669921875
2020-01-21,4018.85009765625
2020-01-22,4015.7099609375
2020-01-23,3978.300048828125
2020-01-24,4002.840087890625
2020-01-27,3903.5
2020-01-28,3956.110107421875
2020-01-29,3965.010009765625
2020-01-30,3927.860107421875
2020-01-31,3907.610107421875
2020-02-03,3929.27001953125
2020-02-04,4039.919921875
2020-02-05,4103.0400390625
2020-02-06,4140.22998046875
2020-02-07,4095.199951171875
2020-02-10,4101.7998046875
2020-02-11,4152.2998046875
2020-02-12,4184.27001953125
2020-02-13,4182.77978515625
2020-02-14,4185.43994140625
2020-02-17,4198.31005859375
2020-02-18,4164.5
2020-02-19,4139.259765625
2020-02-20,4119.0400390625
2020-02-21,4078.43994140625
2020-02-24,3917.639892578125
2020-02-25,3828.39990234375
2020-02-26,3830.340087890625
2020-02-27,3639.510009765625
2020-02-28,3488.60009765625
2020-03-02,3523.239990234375
2020-03-03,3575.1298828125
2020-03-04,3597.97998046875
2020-03-05,3544.830078125
2020-03-06,3435.090087890625
2020-03-09,3174.81005859375
2020-03-10,3155.60009765625
2020-03-11,3148.409912109375
2020-03-12,2701.0
2020-03-13,2728.929931640625
2020-03-16,2535.580078125
2020-03-17,2528.77001953125
2020-03-18,2576.2099609375
2020-03-19,2636.02001953125
2020-03-20,2771.489990234375
2020-03-23,2664.10009765625
2020-03-24,2867.590087890625
2020-03-25,2919.64990234375
2020-03-26,3004.429931640625
2020-03-27,2862.7900390625
2020-03-30,2826.93994140625
2020-03-31,2901.580078125
2020-04-01,2839.419921875
2020-04-02,2895.39990234375
2020-04-03,2857.050048828125
2020-04-06,2969.800048828125
2020-04-07,3033.570068359375
2020-04-08,3055.320068359375
2020-04-09,3092.389892578125
2020-04-14,3057.659912109375
2020-04-15,2920.820068359375
2020-04-16,2925.159912109375
2020-04-17,3015.409912109375
2020-04-20,3021.85009765625
2020-04-21,2908.090087890625
2020-04-22,2950.3701171875
2020-04-23,3017.760009765625
2020-04-24,2942.97998046875
2020-04-27,3036.43994140625
2020-04-28,3121.320068359375
2020-04-29,3196.1201171875
2020-04-30,3099.1201171875
2020-05-04,2952.219970703125
2020-05-05,3006.2900390625
2020-05-06,2998.4599609375
2020-05-07,3052.550048828125
2020-05-08,3058.659912109375
2020-05-11,3060.0
2020-05-12,3067.800048828125
2020-05-13,2973.77001953125
2020-05-14,2899.510009765625
2020-05-15,2932.2099609375
2020-05-18,3026.68994140625
2020-05-19,2960.889892578125
2020-05-20,2994.699951171875
2020-05-21,2940.6201171875
2020-05-22,2962.72998046875
2020-05-25,3003.8798828125
2020-05-26,3165.4599609375
2020-05-27,3234.070068359375
2020-05-28,3281.89990234375
2020-05-29,3202.949951171875
2020-06-01,3268.030029296875
2020-06-02,3320.419921875
2020-06-03,3427.239990234375
2020-06-04,3449.889892578125
2020-06-05,3540.0
2020-06-08,3535.110107421875
2020-06-09,3487.330078125
2020-06-10,3442.659912109375
2020-06-11,3271.679931640625
2020-06-12,3296.6298828125
2020-06-15,3339.35009765625
2020-06-16,3447.64990234375
2020-06-17,3440.909912109375
2020-06-18,3413.9599609375
2020-06-19,3376.570068359375
2020-06-22,3383.27001953125
2020-06-23,3433.8798828125
2020-06-24,3301.530029296875
2020-06-25,3357.0
2020-06-26,3304.5400390625
2020-06-29,3326.330078125
2020-06-30,3328.010009765625
2020-07-01,3331.989990234375
2020-07-02,3402.4599609375
2020-07-03,3393.25
2020-07-06,3473.179931640625
2020-07-07,3462.830078125
2020-07-08,3418.909912109375
2020-07-09,3393.610107421875
2020-07-10,3442.06005859375
2020-07-13,3478.27001953125
2020-07-14,3457.77001953125
2020-07-15,3500.8701171875
2020-07-16,3499.300048828125
2020-07-17,3491.159912109375
2020-07-20,3526.909912109375
2020-07-21,3553.27001953125
2020-07-22,3501.64990234375
2020-07-23,3492.06005859375
2020-07-24,3435.429931640625
2020-07-27,3407.4599609375
2020-07-28,3436.699951171875
2020-07-29,3405.6201171875
2020-07-30,3340.47998046875
2020-07-31,3273.3701171875
2020-08-03,3322.989990234375
2020-08-04,3320.7099609375
2020-08-05,3330.489990234375
2020-08-06,3308.6298828125
2020-08-07,3340.10009765625
2020-08-10,3355.27001953125
2020-08-11,3433.60009765625
2020-08-12,3466.8701171875
2020-08-13,3447.139892578125
2020-08-14,3422.0
2020-08-17,3426.169921875
2020-08-18,3393.239990234375
2020-08-19,3375.60009765625
2020-08-20,3337.6201171875
2020-08-21,3302.919921875
2020-08-24,3368.989990234375
2020-08-25,3369.52001953125
2020-08-26,3400.3798828125
2020-08-27,3370.25
2020-08-28,3378.60009765625
2020-08-31,3332.530029296875
2020-09-01,3314.22998046875
2020-09-02,3358.679931640625
2020-09-03,3327.18994140625
2020-09-04,3310.68994140625
2020-09-07,3359.3798828125
2020-09-08,3303.22998046875
2020-09-09,3362.39990234375
2020-09-10,3355.85009765625
2020-09-11,3351.239990234375
2020-09-14,3353.6201171875
2020-09-15,3363.14990234375
2020-09-16,3392.89990234375
2020-09-17,3390.179931640625
2020-09-18,3375.860107421875
2020-09-21,3234.31005859375
2020-09-22,3220.8798828125
2020-09-23,3215.6298828125
2020-09-24,3172.60009765625
2020-09-25,3163.669921875
2020-09-28,3260.419921875
2020-09-29,3234.89990234375
2020-09-30,3235.43994140625
2020-10-01,3236.7900390625
2020-10-02,3248.22998046875
2020-10-05,3293.889892578125
2020-10-06,3341.320068359375
2020-10-07,3325.719970703125
2020-10-08,3369.840087890625
2020-10-09,3387.35009765625
2020-10-12,3385.360107421875
2020-10-13,3320.469970703125
2020-10-14,3316.159912109375
2020-10-15,3242.06005859375
2020-10-16,3264.60009765625
2020-10-19,3262.300048828125
2020-10-20,3260.090087890625
2020-10-21,3201.239990234375
2020-10-22,3202.18994140625
2020-10-23,3246.449951171875
2020-10-26,3210.159912109375
2020-10-27,3153.02001953125
2020-10-28,3047.7900390625
2020-10-29,3036.590087890625
2020-10-30,3043.360107421875
2020-11-02,3077.580078125
2020-11-03,3154.1298828125
2020-11-04,3205.1201171875
2020-11-05,3209.010009765625
2020-11-06,3191.330078125
2020-11-09,3394.659912109375
2020-11-10,3525.860107421875
2020-11-11,3517.2099609375
2020-11-12,3505.52001953125
2020-11-13,3524.199951171875
2020-11-16,3582.2900390625
2020-11-17,3592.5
2020-11-18,3614.9599609375
2020-11-19,3572.68994140625
2020-11-20,3585.659912109375
2020-11-23,3614.139892578125
2020-11-24,3724.219970703125
2020-11-25,3702.840087890625
2020-11-26,3691.47998046875
2020-11-27,3719.360107421875
2020-11-30,3667.159912109375
2020-12-01,3717.679931640625
2020-12-02,3709.68994140625
2020-12-03,3714.7900390625
2020-12-04,3726.860107421875
2020-12-07,3697.56005859375
2020-12-08,3692.340087890625
2020-12-09,3694.919921875
2020-12-10,3680.110107421875
2020-12-11,3649.739990234375
2020-12-14,3673.300048828125
2020-12-15,3701.7099609375
2020-12-16,3663.949951171875
2020-12-17,3677.090087890625
2020-12-18,3657.330078125
2020-12-21,3570.159912109375
2020-12-22,3607.719970703125
2020-12-23,3655.8701171875
2020-12-24,3659.159912109375
2020-12-28,3663.06005859375
2020-12-29,3671.110107421875
2020-12-30,3663.06005859375
2020-12-31,3621.280029296875
2021-01-04,3664.239990234375
2021-01-05,3647.2099609375
2021-01-06,3719.010009765625
2021-01-07,3744.280029296875
2021-01-08,3761.8798828125
2021-01-11,3710.280029296875
2021-01-12,3729.830078125
2021-01-13,3725.659912109375
2021-01-14,3740.260009765625
2021-01-15,3715.68994140625
2021-01-18,3745.330078125
2021-01-19,3713.330078125
2021-01-20,3746.969970703125
2021-01-21,3771.090087890625
2021-01-22,3743.25
2021-01-25,3686.570068359375
2021-01-26,3724.280029296875
2021-01-27,3645.300048828125
2021-01-28,3666.06005859375
2021-01-29,3623.60009765625
2021-02-01,3682.22998046875
2021-02-02,3755.050048828125
2021-02-03,3787.989990234375
2021-02-04,3812.949951171875
2021-02-05,3834.139892578125
2021-02-08,3832.5
2021-02-09,3835.330078125
2021-02-10,3820.6298828125
2021-02-11,3798.169921875
2021-02-12,3819.929931640625
2021-02-15,3863.409912109375
2021-02-16,3855.510009765625
2021-02-17,3837.699951171875
2021-02-18,3777.429931640625
2021-02-19,3837.489990234375
2021-02-22,3826.419921875
2021-02-23,3826.949951171875
2021-02-24,3856.7900390625
2021-02-25,3850.320068359375
2021-02-26,3761.989990234375
2021-03-01,3829.510009765625
2021-03-02,3821.10009765625
2021-03-03,3831.929931640625
2021-03-04,3807.8701171875
2021-03-05,3769.139892578125
2021-03-08,3859.639892578125
2021-03-09,3868.199951171875
2021-03-10,3872.610107421875
2021-03-11,3842.429931640625
2021-03-12,3864.840087890625
2021-03-15,3861.9599609375
2021-03-16,3859.989990234375
2021-03-17,3883.739990234375
2021-03-18,3921.949951171875
2021-03-19,3872.81005859375
2021-03-22,3898.159912109375
2021-03-23,3880.72998046875
2021-03-24,3872.0
2021-03-25,3846.1298828125
2021-03-26,3884.77001953125
2021-03-29,3885.909912109375
2021-03-30,3927.14990234375
2021-03-31,3899.47998046875
2021-04-01,3938.6298828125
2021-04-06,3942.780029296875
2021-04-07,3926.570068359375
2021-04-08,3941.530029296875
2021-04-09,3941.68994140625
2021-04-12,3928.590087890625
2021-04-13,3918.889892578125
2021-04-14,3935.0400390625
2021-04-15,3941.47998046875
2021-04-16,3978.429931640625
2021-04-19,3996.89990234375
2021-04-20,3946.3701171875
2021-04-21,3983.169921875
2021-04-22,4032.010009765625
2021-04-23,4008.929931640625
2021-04-26,4053.699951171875
2021-04-27,4033.409912109375
2021-04-28,4044.070068359375
2021-04-29,4038.659912109375
2021-04-30,4014.300048828125
2021-05-03,4017.06005859375
2021-05-04,3955.010009765625
2021-05-05,4014.35009765625
2021-05-06,4017.580078125
2021-05-07,4044.070068359375
2021-05-10,4044.5400390625
2021-05-11,3998.610107421875
2021-05-12,4019.169921875
2021-05-13,4032.25
2021-05-14,4066.489990234375
2021-05-17,4072.14990234375
2021-05-18,4074.199951171875
2021-05-19,4021.27001953125
2021-05-20,4046.889892578125
2021-05-21,4061.18994140625
2021-05-24,4071.9599609375
2021-05-25,4067.27001953125
2021-05-26,4061.89990234375
2021-05-27,4058.02001953125
2021-05-28,4087.090087890625
2021-05-31,4060.360107421875
2021-06-01,4098.6201171875
2021-06-02,4091.820068359375
2021-06-03,4075.27001953125
2021-06-04,4087.280029296875
2021-06-07,4109.4599609375
2021-06-08,4107.56005859375
2021-06-09,4149.93017578125
2021-06-10,4168.35986328125
2021-06-11,4190.06982421875
2021-06-14,4220.83984375
2021-06-15,4221.18994140625
2021-06-16,4226.2900390625
2021-06-17,4204.39013671875
2021-06-18,4137.77978515625
2021-06-21,4154.77001953125
2021-06-22,4155.81982421875
2021-06-23,4112.4599609375
2021-06-24,4149.60986328125
2021-06-25,4179.93017578125
2021-06-28,4154.3798828125
2021-06-29,4158.4501953125
2021-06-30,4125.9501953125
2021-07-01,4166.39990234375
2021-07-02,4170.89013671875
2021-07-05,4173.919921875
2021-07-06,4159.25
2021-07-07,4177.419921875
2021-07-08,4118.52001953125
2021-07-09,4183.509765625
2021-07-12,4210.14013671875
2021-07-13,4211.77001953125
2021-07-14,4189.77001953125
2021-07-15,4149.52978515625
2021-07-16,4155.080078125
2021-07-19,4085.340087890625
2021-07-20,4119.1201171875
2021-07-21,4200.0498046875
2021-07-22,4218.7001953125
2021-07-23,4230.56005859375
2021-07-26,4237.31005859375
2021-07-27,4210.56005859375
2021-07-28,4234.06005859375
2021-07-29,4219.240234375
2021-07-30,4200.47021484375
2021-08-02,4227.27978515625
2021-08-03,4235.64013671875
2021-08-04,4266.9599609375
2021-08-05,4293.22021484375
2021-08-06,4302.81982421875
2021-08-09,4316.41015625
2021-08-10,4329.1298828125
2021-08-11,4339.9501953125
2021-08-12,4349.06982421875
2021-08-13,4361.97021484375
2021-08-16,4338.35009765625
2021-08-17,4323.31982421875
2021-08-18,4342.240234375
2021-08-19,4273.259765625
2021-08-20,4277.33984375
2021-08-23,4316.3701171875
2021-08-24,4328.31005859375
2021-08-25,4323.9599609375
2021-08-26,4311.35009765625
2021-08-27,4318.43994140625
2021-08-30,4315.89990234375
2021-08-31,4308.919921875
2021-09-01,4322.240234375
2021-09-02,4336.60986328125
2021-09-03,4303.89990234375
2021-09-06,4314.66015625
2021-09-07,4294.47021484375
2021-09-08,4229.81005859375
2021-09-09,4215.8798828125
2021-09-10,4178.0
2021-09-13,4189.759765625
2021-09-14,4172.77001953125
2021-09-15,4125.08984375
2021-09-16,4150.919921875
2021-09-17,4133.2099609375
2021-09-20,4079.0400390625
2021-09-21,4111.56982421875
2021-09-22,4139.580078125
2021-09-23,4172.31005859375
2021-09-24,4138.919921875
2021-09-27,4177.2900390625
2021-09-28,4124.06982421875
2021-09-29,4125.85009765625
2021-09-30,4158.89013671875
2021-10-01,4137.31005859375
2021-10-04,4116.919921875
2021-10-05,4145.06005859375
2021-10-06,4100.0498046875
2021-10-07,4152.39990234375
2021-10-08,4145.06982421875
2021-10-11,4161.330078125
2021-10-12,4159.81005859375
2021-10-13,4166.5
2021-10-14,4203.02001953125
2021-10-15,4205.2998046875
2021-10-18,4178.35009765625
2021-10-19,4200.56005859375
2021-10-20,4221.06005859375
2021-10-21,4197.2001953125
2021-10-22,4217.68994140625
2021-10-25,4219.6298828125
2021-10-26,4220.93994140625
2021-10-27,4210.419921875
2021-10-28,4283.81005859375
2021-10-29,4278.47998046875
2021-11-01,4306.18994140625
2021-11-02,4332.919921875
2021-11-03,4369.22998046875
2021-11-04,4402.31982421875
2021-11-05,4385.56982421875
2021-11-08,4383.830078125
2021-11-09,4388.89990234375
2021-11-10,4380.68994140625
2021-11-11,4372.64990234375
2021-11-12,4330.9501953125
2021-11-15,4325.47021484375
2021-11-16,4301.08984375
2021-11-17,4285.60986328125
2021-11-18,4278.0
2021-11-19,4231.18994140625
2021-11-22,4203.52978515625
2021-11-23,4152.10986328125
2021-11-24,4205.06005859375
2021-11-25,4237.5400390625
2021-11-26,4126.72998046875
2021-11-29,4139.68017578125
2021-11-30,4113.39990234375
2021-12-01,4154.97021484375
2021-12-02,4158.02001953125
2021-12-03,4123.990234375
2021-12-06,4182.5498046875
2021-12-07,4227.56005859375
2021-12-08,4186.85986328125
2021-12-09,4184.18017578125
2021-12-10,4160.169921875
2021-12-13,4145.3701171875
2021-12-14,4121.77978515625
2021-12-15,4122.009765625
2021-12-16,4168.97998046875
2021-12-17,4171.16015625
2021-12-20,4162.43994140625
2021-12-21,4225.58984375
2021-12-22,4241.27001953125
2021-12-23,4266.97021484375
2021-12-24,4264.43994140625
2021-12-27,4285.22998046875
2021-12-28,4303.56005859375
2021-12-29,4298.830078125
2021-12-30,4315.14013671875
2021-12-31,4310.14990234375
2022-01-03,4335.27978515625
2022-01-04,4362.2099609375
2022-01-05,4344.6201171875
2022-01-06,4308.60009765625
2022-01-07,4306.3701171875
2022-01-10,4250.7900390625
2022-01-11,4271.22998046875
2022-01-12,4264.18017578125
2022-01-13,4257.1298828125
2022-01-14,4245.85009765625
2022-01-17,4249.6298828125
2022-01-18,4219.85986328125
2022-01-19,4210.740234375
2022-01-20,4218.47998046875
2022-01-21,4148.7900390625
2022-01-24,3993.64990234375
2022-01-25,4029.860107421875
2022-01-26,4080.14990234375
2022-01-27,4105.4501953125
2022-01-28,4047.550048828125
2022-01-31,4071.929931640625
2022-02-01,4110.47021484375
2022-02-02,4123.02001953125
2022-02-03,4066.919921875
2022-02-04,4010.429931640625
2022-02-07,4039.14990234375
2022-02-08,4060.199951171875
2022-02-09,4103.97021484375
2022-02-10,4122.7001953125
2022-02-11,4080.409912109375
2022-02-14,4004.889892578125
2022-02-15,4067.530029296875
2022-02-16,4106.14990234375
2022-02-17,4069.469970703125
2022-02-18,4045.10009765625
2022-02-21,3969.1298828125
2022-02-22,3959.14990234375
2022-02-23,3973.22998046875
2022-02-24,3898.3798828125
2022-02-25,4061.169921875
2022-02-28,4014.02001953125
2022-03-01,3937.919921875
2022-03-02,3958.10009765625
2022-03-03,3874.659912109375
2022-03-04,3760.429931640625
2022-03-07,3682.47998046875
2022-03-08,3672.449951171875
2022-03-09,3884.780029296875
2022-03-10,3847.080078125
2022-03-11,3899.239990234375
2022-03-14,3969.570068359375
2022-03-15,3961.159912109375
2022-03-16,4085.7099609375
2022-03-17,4110.77978515625
2022-03-18,4147.4501953125
2022-03-21,4129.5498046875
2022-03-22,4168.85009765625
2022-03-23,4129.18994140625
2022-03-24,4114.1201171875
2022-03-25,4119.419921875
2022-03-28,4130.93017578125
2022-03-29,4197.509765625
2022-03-30,4198.89013671875
2022-03-31,4158.77978515625
2022-04-01,4200.009765625
2022-04-04,4227.33984375
2022-04-05,4242.7998046875
2022-04-06,4161.14013671875
2022-04-07,4163.14990234375
2022-04-08,4221.39013671875
2022-04-11,4188.0
2022-04-12,4185.02978515625
2022-04-13,4192.1298828125
2022-04-14,4216.2900390625
2022-04-19,4210.14990234375
2022-04-20,4257.66015625
2022-04-21,4266.009765625
2022-04-22,4187.41015625
2022-04-25,4124.27001953125
2022-04-26,4112.080078125
2022-04-27,4107.1298828125
2022-04-28,4092.719970703125
2022-04-29,4106.3701171875
2022-05-02,4058.739990234375
2022-05-03,4077.81005859375
2022-05-04,4065.340087890625
2022-05-05,4097.2001953125
2022-05-06,4021.280029296875
2022-05-09,3883.77001953125
2022-05-10,3901.590087890625
2022-05-11,3958.300048828125
2022-05-12,3930.2099609375
2022-05-13,3944.56005859375
2022-05-16,3967.830078125
2022-05-17,4012.77001953125
2022-05-18,3967.22998046875
2022-05-19,3892.72998046875
2022-05-20,3923.169921875
2022-05-23,3938.449951171875
2022-05-24,3892.830078125
2022-05-25,3912.25
2022-05-26,3915.889892578125
2022-05-27,3945.31005859375
2022-05-30,3947.72998046875
2022-05-31,3894.330078125
2022-06-01,3854.139892578125
2022-06-02,3857.77001953125
2022-06-03,3881.510009765625
2022-06-06,3919.3701171875
2022-06-07,3905.1201171875
2022-06-08,3901.0400390625
2022-06-09,3852.7099609375
2022-06-10,3770.25
2022-06-13,3712.409912109375
2022-06-14,3677.18994140625
2022-06-15,3756.300048828125
2022-06-16,3650.77001953125
2022-06-17,3714.340087890625
2022-06-20,3722.419921875
2022-06-21,3736.320068359375
2022-06-22,3702.81005859375
2022-06-23,3647.219970703125
2022-06-24,3685.550048828125
2022-06-27,3738.5
2022-06-28,3746.070068359375
2022-06-29,3726.25
2022-06-30,3682.070068359375
2022-07-01,3708.260009765625
2022-07-04,3693.909912109375
2022-07-05,3663.02001953125
2022-07-06,3711.7099609375
2022-07-07,3768.530029296875
2022-07-08,3785.4599609375
2022-07-11,3772.6201171875
2022-07-12,3738.8798828125
2022-07-13,3719.409912109375
2022-07-14,3669.659912109375
2022-07-15,3703.760009765625
2022-07-18,3750.68994140625
2022-07-19,3790.110107421875
2022-07-20,3773.89990234375
2022-07-21,3759.969970703125
2022-07-22,3738.949951171875
2022-07-25,3744.989990234375
2022-07-26,3741.260009765625
2022-07-27,3752.0400390625
2022-07-28,3759.280029296875
2022-07-29,3796.840087890625
2022-08-01,3734.449951171875
2022-08-02,3721.18994140625
2022-08-03,3786.080078125
2022-08-04,3775.27001953125
2022-08-05,3763.050048828125
2022-08-08,3798.909912109375
2022-08-09,3811.2900390625
2022-08-10,3837.89990234375
2022-08-11,3839.9599609375
2022-08-12,3844.2099609375
2022-08-15,3866.090087890625
2022-08-16,3858.6201171875
2022-08-17,3820.64990234375
2022-08-18,3804.090087890625
2022-08-19,3769.739990234375
2022-08-22,3736.60009765625
2022-08-23,3703.3798828125
2022-08-24,3732.3701171875
2022-08-25,3732.030029296875
2022-08-26,3663.469970703125
2022-08-29,3641.909912109375
2022-08-30,3629.340087890625
2022-08-31,3585.840087890625
2022-09-01,3533.1298828125
2022-09-02,3614.820068359375
2022-09-05,3567.719970703125
2022-09-06,3572.760009765625
2022-09-07,3577.06005859375
2022-09-08,3623.2099609375
2022-09-09,3663.3798828125
2022-09-12,3722.449951171875
2022-09-13,3639.580078125
2022-09-14,3606.39990234375
2022-09-15,3604.43994140625
2022-09-16,3592.320068359375
2022-09-19,3582.719970703125
2022-09-20,3549.949951171875
2022-09-21,3558.419921875
2022-09-22,3499.14990234375
2022-09-23,3420.989990234375
2022-09-26,3389.0400390625
2022-09-27,3390.89990234375
2022-09-28,3387.6201171875
2022-09-29,3324.989990234375
2022-09-30,3370.2099609375
2022-10-03,3374.93994140625
2022-10-04,3478.719970703125
2022-10-05,3446.5
2022-10-06,3434.81005859375
2022-10-07,3366.1201171875
2022-10-10,3363.530029296875
2022-10-11,3345.31005859375
2022-10-12,3313.820068359375
2022-10-13,3346.800048828125
2022-10-14,3387.10009765625
2022-10-17,3454.10009765625
2022-10-18,3484.010009765625
2022-10-19,3441.830078125
2022-10-20,3440.929931640625
2022-10-21,3448.6298828125
2022-10-24,3495.18994140625
2022-10-25,3540.320068359375
2022-10-26,3533.56005859375
2022-10-27,3527.260009765625
2022-10-28,3553.6298828125
2022-10-31,3567.429931640625
2022-11-01,3589.64990234375
2022-11-02,3553.43994140625
2022-11-03,3532.489990234375
2022-11-04,3602.530029296875
2022-11-07,3616.179931640625
2022-11-08,3630.719970703125
2022-11-09,3607.110107421875
2022-11-10,3671.800048828125
2022-11-11,3662.93994140625
2022-11-14,3671.77001953125
2022-11-15,3667.1201171875
2022-11-16,3613.080078125
2022-11-17,3599.840087890625
2022-11-18,3651.969970703125
2022-11-21,3643.8798828125
2022-11-22,3651.219970703125
2022-11-23,3655.320068359375
2022-11-24,3701.570068359375
2022-11-25,3707.949951171875
2022-11-28,3682.06005859375
2022-11-29,3659.1298828125
2022-11-30,3684.97998046875
2022-12-01,3697.81005859375
2022-12-02,3754.219970703125
2022-12-05,3733.989990234375
2022-12-06,3731.199951171875
2022-12-07,3706.6201171875
2022-12-08,3692.60009765625
2022-12-09,3721.330078125
2022-12-12,3696.169921875
2022-12-13,3749.830078125
2022-12-14,3755.580078125
2022-12-15,3714.06005859375
2022-12-16,3658.14990234375
2022-12-19,3671.300048828125
2022-12-20,3671.3701171875
2022-12-21,3741.199951171875
2022-12-22,3723.14990234375
2022-12-23,3725.830078125
2022-12-27,3717.669921875
2022-12-28,3708.489990234375
2022-12-29,3745.679931640625
2022-12-30,3701.169921875
2023-01-02,3753.219970703125
2023-01-03,3789.06005859375
2023-01-04,3820.389892578125
2023-01-05,3809.570068359375
2023-01-06,3846.550048828125
2023-01-09,3856.909912109375
2023-01-10,3847.93994140625
2023-01-11,3899.1298828125
2023-01-12,3918.580078125
2023-01-13,3940.320068359375
2023-01-16,3951.7900390625
2023-01-17,3954.159912109375
2023-01-18,3920.300048828125
2023-01-19,3849.320068359375
2023-01-20,3861.449951171875
2023-01-23,3889.840087890625
2023-01-24,3882.64990234375
2023-01-25,3855.699951171875
2023-01-26,3860.909912109375
2023-01-27,3863.110107421875
2023-01-30,3854.260009765625
2023-01-31,3860.530029296875
2023-02-01,3855.4599609375
2023-02-02,3912.080078125
2023-02-03,3907.64990234375
2023-02-06,3888.969970703125
2023-02-07,3873.239990234375
2023-02-08,3901.68994140625
2023-02-09,3922.010009765625
2023-02-10,3887.489990234375
2023-02-13,3896.8798828125
2023-02-14,3892.93994140625
2023-02-15,3918.739990234375
2023-02-16,3915.889892578125
2023-02-17,3919.02001953125
2023-02-20,3927.080078125
2023-02-21,3901.110107421875
2023-02-22,3889.39990234375
2023-02-23,3888.52001953125
2023-02-24,3859.5
2023-02-27,3908.449951171875
2023-02-28,3902.2099609375
2023-03-01,3879.8701171875
2023-03-02,3856.389892578125
2023-03-03,3885.050048828125
2023-03-06,3881.93994140625
2023-03-07,3852.260009765625
2023-03-08,3849.320068359375
2023-03-09,3822.719970703125
2023-03-10,3746.75
2023-03-13,3660.0
2023-03-14,3728.719970703125
2023-03-15,3629.909912109375
2023-03-16,3652.550048828125
2023-03-17,3602.800048828125
2023-03-20,3630.989990234375
2023-03-21,3685.239990234375
2023-03-22,3666.070068359375
2023-03-23,3657.719970703125
2023-03-24,3626.43994140625
2023-03-27,3663.330078125
2023-03-28,3667.159912109375
2023-03-29,3744.81005859375
2023-03-30,3777.43994140625
2023-03-31,3793.18994140625
2023-04-03,3783.429931640625
2023-04-04,3763.919921875
2023-04-05,3769.75
2023-04-06,3807.06005859375
2023-04-11,3817.1298828125
2023-04-12,3801.68994140625
2023-04-13,3812.929931640625
2023-04-14,3838.1201171875
2023-04-17,3849.52001953125
2023-04-18,3831.31005859375
2023-04-19,3838.39990234375
2023-04-20,3824.18994140625
2023-04-21,3826.300048828125
2023-04-24,3832.590087890625
2023-04-25,3825.77001953125
2023-04-26,3795.60009765625
2023-04-27,3779.419921875
2023-04-28,3801.81005859375
2023-05-02,3760.409912109375
2023-05-03,3770.8798828125
2023-05-04,3737.389892578125
2023-05-05,3799.8798828125
2023-05-08,3805.9599609375
2023-05-09,3767.409912109375
2023-05-10,3737.510009765625
2023-05-11,3739.830078125
2023-05-12,3741.070068359375
2023-05-15,3750.080078125
2023-05-16,3688.889892578125
2023-05-17,3681.5
2023-05-18,3717.300048828125
2023-05-19,3736.780029296875
2023-05-22,3736.570068359375
2023-05-23,3731.409912109375
2023-05-24,3656.280029296875
2023-05-25,3627.070068359375
2023-05-26,3652.159912109375
2023-05-29,3641.3701171875
2023-05-30,3582.89990234375
2023-05-31,3536.7900390625
2023-06-01,3551.919921875
2023-06-02,3632.830078125
2023-06-05,3634.52001953125
2023-06-06,3656.89990234375
2023-06-07,3650.22998046875
2023-06-08,3641.389892578125
2023-06-09,3639.39990234375
2023-06-12,3642.110107421875
2023-06-13,3650.489990234375
2023-06-14,3665.8701171875
2023-06-15,3658.5400390625
2023-06-16,3658.429931640625
2023-06-19,3596.719970703125
2023-06-20,3584.669921875
2023-06-21,3559.1298828125
2023-06-22,3547.85009765625
2023-06-23,3523.3701171875
2023-06-26,3506.2900390625
2023-06-27,3479.8701171875
2023-06-28,3492.77001953125
2023-06-29,3499.4599609375
2023-06-30,3543.179931640625
2023-07-03,3542.340087890625
2023-07-04,3558.7900390625
2023-07-05,3550.340087890625
2023-07-06,3495.580078125
2023-07-07,3502.89990234375
2023-07-10,3507.1298828125
2023-07-11,3534.85009765625
2023-07-12,3574.989990234375
2023-07-13,3571.639892578125
2023-07-14,3563.35009765625
2023-07-17,3685.239990234375
2023-07-18,3694.39990234375
2023-07-19,3751.39990234375
2023-07-20,3776.219970703125
2023-07-21,3797.75
2023-07-24,3787.639892578125
2023-07-25,3815.25
2023-07-26,3791.580078125
2023-07-27,3802.64990234375
2023-07-28,3788.389892578125
2023-07-31,3776.610107421875
2023-08-01,3760.47998046875
2023-08-02,3726.530029296875
2023-08-03,3714.7900390625
2023-08-04,3731.409912109375
2023-08-07,3716.02001953125
2023-08-08,3699.10009765625
2023-08-09,3713.75
2023-08-10,3718.919921875
2023-08-11,3684.93994140625
2023-08-14,3687.050048828125
2023-08-15,3672.39990234375
2023-08-16,3644.179931640625
2023-08-17,3615.56005859375
2023-08-18,3579.030029296875
2023-08-21,3596.340087890625
2023-08-22,3624.699951171875
2023-08-23,3622.929931640625
2023-08-24,3619.409912109375
2023-08-25,3622.419921875
2023-08-28,3653.469970703125
2023-08-29,3685.56005859375
2023-08-30,3665.360107421875
2023-08-31,3665.969970703125
2023-09-01,3682.860107421875
2023-09-04,3656.699951171875
2023-09-05,3652.31005859375
2023-09-06,3673.2900390625
2023-09-07,3645.469970703125
2023-09-08,3655.699951171875
2023-09-11,3687.9599609375
2023-09-12,3664.010009765625
2023-09-13,3640.7099609375
2023-09-14,3689.75
2023-09-15,3712.3798828125
2023-09-18,3674.0400390625
2023-09-19,3677.75
2023-09-20,3711.0
2023-09-21,3648.02001953125
2023-09-22,3634.800048828125
2023-09-25,3580.7900390625
2023-09-26,3539.81005859375
2023-09-27,3520.52001953125
2023-09-28,3519.780029296875
2023-09-29,3553.010009765625
2023-10-02,3509.669921875
2023-10-03,3461.77001953125
2023-10-04,3453.93994140625
2023-10-05,3467.929931640625
2023-10-06,3490.43994140625
2023-10-09,3480.050048828125
2023-10-10,3540.93994140625
2023-10-11,3548.889892578125
2023-10-12,3540.389892578125
2023-10-13,3507.360107421875
2023-10-16,3518.39990234375
2023-10-17,3517.949951171875
2023-10-18,3462.929931640625
2023-10-19,3398.580078125
2023-10-20,3352.929931640625
2023-10-23,3325.14990234375
2023-10-24,3340.469970703125
2023-10-25,3314.340087890625
2023-10-26,3299.739990234375
2023-10-27,3290.679931640625
2023-10-30,3305.139892578125
2023-10-31,3356.760009765625
2023-11-01,3377.06005859375
2023-11-02,3455.080078125
2023-11-03,3503.52001953125
2023-11-06,3474.010009765625
2023-11-07,3462.93994140625
2023-11-08,3456.590087890625
2023-11-09,3478.909912109375
2023-11-10,3438.860107421875
2023-11-13,3445.56005859375
2023-11-14,3507.469970703125
2023-11-15,3531.199951171875
2023-11-16,3506.409912109375
2023-11-17,3534.469970703125
2023-11-20,3534.77001953125
2023-11-21,3515.6298828125
2023-11-22,3546.030029296875
2023-11-23,3570.10009765625
2023-11-24,3577.64990234375
2023-11-27,3560.239990234375
2023-11-28,3505.18994140625
2023-11-29,3511.219970703125
2023-11-30,3529.02001953125
2023-12-01,3578.909912109375
2023-12-04,3593.5400390625
2023-12-05,3626.8798828125
2023-12-06,3657.699951171875
2023-12-07,3656.89990234375
2023-12-08,3694.4599609375
2023-12-11,3704.2099609375
2023-12-12,3721.35009765625
2023-12-13,3704.010009765625
2023-12-14,3746.719970703125
2023-12-15,3732.719970703125
2023-12-18,3720.14990234375
2023-12-19,3742.590087890625
2023-12-20,3652.820068359375
2023-12-21,3619.659912109375
2023-12-22,3679.68994140625
2023-12-27,3711.1201171875
2023-12-28,3703.949951171875
2023-12-29,3707.77001953125
2024-01-02,3718.219970703125
2024-01-03,3685.14990234375
2024-01-04,3721.889892578125
2024-01-05,3717.81005859375
2024-01-08,3736.419921875
2024-01-09,3721.8701171875
2024-01-10,3705.219970703125
2024-01-11,3659.43994140625
2024-01-12,3684.030029296875
2024-01-15,3667.320068359375
2024-01-16,3630.300048828125
2024-01-17,3568.52001953125
2024-01-18,3552.840087890625
2024-01-19,3556.7099609375
2024-01-22,3592.8701171875
2024-01-23,3598.5400390625
2024-01-24,3631.050048828125
2024-01-25,3632.330078125
2024-01-26,3672.030029296875
2024-01-29,3655.72998046875
2024-01-30,3643.929931640625
2024-01-31,3662.9599609375
2024-02-01,3623.300048828125
2024-02-02,3615.280029296875
2024-02-05,3625.6201171875
2024-02-06,3620.510009765625
2024-02-07,3625.949951171875
2024-02-08,3665.64990234375
2024-02-09,3676.590087890625
2024-02-12,3715.85009765625
2024-02-13,3675.52001953125
2024-02-14,3665.300048828125
2024-02-15,3694.3798828125
2024-02-16,3690.070068359375
2024-02-19,3685.02001953125
2024-02-20,3668.8798828125
2024-02-21,3677.35009765625
2024-02-22,3696.14990234375
2024-02-23,3707.47998046875
2024-02-26,3685.18994140625
2024-02-27,3696.64990234375
2024-02-28,3700.02001953125
2024-02-29,3661.419921875
2024-03-01,3698.820068359375
2024-03-04,3672.25
2024-03-05,3663.60009765625
2024-03-06,3695.030029296875
2024-03-07,3718.280029296875
2024-03-08,3733.989990234375
2024-03-11,3741.7099609375
2024-03-12,3749.93994140625
2024-03-13,3728.489990234375
2024-03-14,3691.85009765625
2024-03-15,3684.199951171875
2024-03-18,3673.18994140625
2024-03-19,3681.139892578125
2024-03-20,3685.409912109375
2024-03-21,3787.969970703125
2024-03-22,3803.72998046875
2024-03-25,3811.5
2024-03-26,3807.469970703125
2024-03-27,3832.989990234375
2024-03-28,3845.6298828125
2024-04-02,3829.97998046875
2024-04-03,3856.10009765625
2024-04-04,3872.449951171875
2024-04-05,3834.330078125
2024-04-08,3849.8701171875
2024-04-09,3845.419921875
2024-04-10,3831.77001953125
2024-04-11,3836.85009765625
2024-04-12,3850.0400390625
2024-04-15,3853.739990234375
2024-04-16,3796.919921875
2024-04-17,3794.570068359375
2024-04-18,3826.580078125
2024-04-19,3827.75
2024-04-22,3863.260009765625
2024-04-23,3890.7099609375
2024-04-24,3883.830078125
2024-04-25,3857.93994140625
2024-04-26,3874.8701171875
2024-04-29,3886.760009765625
2024-04-30,3883.260009765625
2024-05-02,3893.199951171875
2024-05-03,3913.3701171875
2024-05-06,3929.0
2024-05-07,3996.52001953125
2024-05-08,4015.669921875
2024-05-09,3985.39990234375
2024-05-10,4013.330078125
2024-05-13,3980.580078125
2024-05-14,3968.81005859375
2024-05-15,4029.25
2024-05-16,3995.10009765625
2024-05-17,4004.800048828125
2024-05-20,4006.93994140625
2024-05-21,3991.0
2024-05-22,3996.699951171875
2024-05-23,3975.739990234375
2024-05-24,3969.919921875
2024-05-27,3984.8701171875
2024-05-28,3948.080078125
2024-05-29,3922.530029296875
2024-05-30,3908.7099609375
2024-05-31,3918.090087890625
2024-06-03,3932.760009765625
2024-06-04,3919.4599609375
2024-06-05,3906.85009765625
2024-06-06,3916.969970703125
2024-06-07,3900.389892578125
2024-06-10,3890.7900390625
2024-06-11,3857.97998046875
2024-06-12,3906.7900390625
2024-06-13,3868.77001953125
2024-06-14,3833.3701171875
2024-06-17,3832.8798828125
2024-06-18,3865.429931640625
2024-06-19,3861.3798828125
2024-06-20,3889.35009765625
2024-06-21,3894.050048828125
2024-06-24,3970.3701171875
2024-06-25,3959.10009765625
2024-06-26,3915.330078125
2024-06-27,3919.2099609375
2024-06-28,3887.239990234375
2024-07-01,3897.9599609375
2024-07-02,3923.429931640625
2024-07-03,3939.090087890625
2024-07-04,3957.7900390625
2024-07-05,3959.840087890625
2024-07-08,3945.0400390625
2024-07-09,3950.570068359375
2024-07-10,3994.31005859375
2024-07-11,4028.919921875
2024-07-12,4040.06005859375
2024-07-15,4006.97998046875
2024-07-16,4006.469970703125
2024-07-17,4017.590087890625
2024-07-18,4003.52001953125
2024-07-19,3983.85009765625
2024-07-22,4033.010009765625
2024-07-23,4038.14990234375
2024-07-24,4047.179931640625
2024-07-25,4070.2099609375
2024-07-26,4088.199951171875
2024-07-29,4116.85986328125
2024-07-30,4142.39990234375
2024-07-31,4130.2001953125
2024-08-01,4104.83984375
2024-08-02,4015.080078125
2024-08-05,3888.56005859375
2024-08-06,3887.989990234375
2024-08-07,3994.300048828125
2024-08-08,4002.340087890625
2024-08-09,4059.75
2024-08-12,4040.469970703125
2024-08-13,4049.5
2024-08-14,4034.22998046875
2024-08-15,4081.659912109375
2024-08-16,4075.780029296875
2024-08-19,4084.739990234375
2024-08-20,4068.219970703125
2024-08-21,4095.429931640625
2024-08-22,4109.0400390625
2024-08-23,4112.91015625
2024-08-26,4131.64990234375
2024-08-27,4117.06982421875
2024-08-28,4132.830078125
2024-08-29,4174.66015625
2024-08-30,4184.39990234375
2024-09-02,4180.330078125
2024-09-03,4147.669921875
2024-09-04,4168.72021484375
2024-09-05,4181.81005859375
2024-09-06,4170.83984375
2024-09-09,4240.56982421875
2024-09-10,4197.33984375
2024-09-11,4195.75
2024-09-12,4216.75
2024-09-13,4245.2099609375
2024-09-16,4244.6201171875
2024-09-17,4239.66015625
2024-09-18,4224.97021484375
2024-09-19,4253.10009765625
2024-09-20,4215.58984375
2024-09-23,4232.60986328125
2024-09-24,4247.080078125
2024-09-25,4258.41015625
2024-09-26,4281.22021484375
2024-09-27,4318.18017578125
2024-09-30,4299.7099609375
2024-10-01,4327.56005859375
2024-10-02,4311.08984375
2024-10-03,4285.31982421875
2024-10-04,4290.89990234375
2024-10-07,4264.18017578125
2024-10-08,4225.169921875
2024-10-09,4247.5400390625
2024-10-10,4246.830078125
2024-10-11,4283.22998046875
2024-10-14,4310.52978515625
2024-10-15,4315.68994140625
2024-10-16,4306.6298828125
2024-10-17,4333.64990234375
2024-10-18,4323.990234375
2024-10-21,4295.81982421875
2024-10-22,4279.77001953125
2024-10-23,4281.8701171875
2024-10-24,4274.02001953125
2024-10-25,4293.14990234375
2024-10-28,4301.5
2024-10-29,4284.43994140625
2024-10-30,4229.830078125
2024-10-31,4214.0498046875
2024-11-01,4267.97021484375
2024-11-04,4236.93994140625
2024-11-05,4267.16015625
2024-11-06,4240.759765625
2024-11-07,4271.669921875
2024-11-08,4265.64013671875
2024-11-11,4293.43994140625
2024-11-12,4205.5
2024-11-13,4213.02001953125
2024-11-14,4237.330078125
2024-11-15,4160.14990234375
2024-11-18,4153.5
2024-11-19,4116.39990234375
2024-11-20,4137.18017578125
2024-11-21,4158.89990234375
2024-11-22,4228.2900390625
2024-11-25,4248.43994140625
2024-11-26,4187.1298828125
2024-11-27,4213.77001953125
2024-11-28,4216.919921875
2024-11-29,4227.31005859375
2024-12-02,4243.9501953125
2024-12-03,4248.83984375
2024-12-04,4245.169921875
2024-12-05,4238.10009765625
2024-12-06,4242.64013671875
2024-12-09,4230.52001953125
2024-12-10,4246.240234375
2024-12-11,4239.009765625
2024-12-12,4260.02978515625
2024-12-13,4256.4501953125
2024-12-16,4267.8798828125
2024-12-17,4240.43994140625
2024-12-18,4251.3798828125
2024-12-19,4204.56982421875
2024-12-20,4214.22021484375
2024-12-23,4223.10009765625
2024-12-24,4246.0498046875
2024-12-27,4264.22021484375
2024-12-30,4225.990234375
2024-12-31,4264.52978515625
2025-01-02,4289.52001953125
2025-01-03,4259.1298828125
2025-01-06,4284.41015625
2025-01-07,4300.56005859375
2025-01-08,4299.27978515625
2025-01-09,4301.83984375
2025-01-10,4233.93017578125
2025-01-13,4199.02978515625
2025-01-14,4200.64990234375
2025-01-15,4234.75
2025-01-16,4244.47998046875
2025-01-17,4260.18994140625
2025-01-20,4271.75
2025-01-21,4268.10009765625
2025-01-22,4242.33984375
2025-01-23,4242.740234375
2025-01-24,4258.02001953125
2025-01-27,4278.669921875
2025-01-28,4300.9599609375
2025-01-29,4299.85986328125
2025-01-30,4328.81005859375
2025-01-31,4326.0498046875
2025-02-03,4273.75
2025-02-04,4277.18017578125
2025-02-05,4286.85986328125
2025-02-06,4337.47021484375
2025-02-07,4337.66015625
2025-02-10,4348.97021484375
2025-02-11,4338.2099609375
2025-02-12,4380.6298828125
2025-02-13,4432.8798828125
2025-02-14,4396.580078125
2025-02-17,4402.31005859375
2025-02-18,4414.0400390625
2025-02-19,4370.16015625
2025-02-20,4369.35009765625
2025-02-21,4405.39013671875
2025-02-24,4406.9599609375
2025-02-25,4398.7998046875
2025-02-26,4476.06005859375
2025-02-27,4447.31005859375
2025-02-28,4420.509765625
2025-03-03,4469.64990234375
2025-03-04,4424.009765625
2025-03-05,4460.43994140625
2025-03-06,4463.3701171875
2025-03-07,4469.33984375
2025-03-10,4360.9599609375
2025-03-11,4296.6298828125
2025-03-12,4386.419921875
2025-03-13,4364.41015625
2025-03-14,4410.1201171875
2025-03-17,4477.9501953125
2025-03-18,4500.10009765625
2025-03-19,4499.43017578125
2025-03-20,4487.83984375
2025-03-21,4479.8798828125
2025-03-24,4474.3701171875
2025-03-25,4482.2001953125
2025-03-26,4434.14990234375
2025-03-27,4434.6201171875
2025-03-28,4406.6201171875
2025-03-31,4335.419921875
2025-04-01,4365.93017578125
2025-04-02,4344.169921875
2025-04-03,4294.72998046875
2025-04-04,4093.590087890625
2025-04-07,3930.25
2025-04-08,4052.27001953125
2025-04-09,3862.219970703125
2025-04-10,3985.610107421875
2025-04-11,4028.969970703125
2025-04-14,4134.52001953125
2025-04-15,4195.2998046875
2025-04-16,4200.97998046875
2025-04-17,4197.64990234375
2025-04-22,4238.330078125
2025-04-23,4286.27978515625
2025-04-24,4290.14013671875
2025-04-25,4306.0498046875
2025-04-28,4332.93017578125
2025-04-29,4376.509765625
2025-04-30,4429.509765625
2025-05-02,4493.31005859375
2025-05-05,4517.2001953125
2025-05-06,4465.64990234375
2025-05-07,4414.39990234375
2025-05-08,4359.02001953125
2025-05-09,4374.22021484375
2025-05-12,4410.0498046875
2025-05-13,4398.490234375
2025-05-14,4387.6201171875
2025-05-15,4402.27978515625
2025-05-16,4447.35009765625
2025-05-19,4462.4599609375
2025-05-20,4504.7900390625
2025-05-21,4523.3798828125
2025-05-22,4487.25
2025-05-23,4439.1298828125
2025-05-26,4492.4501953125
2025-05-27,4510.490234375
2025-05-28,4487.72021484375
2025-05-29,4497.47021484375
2025-05-30,4502.080078125
2025-06-02,4506.830078125
2025-06-03,4502.66015625
2025-06-04,4507.490234375
2025-06-05,4518.35009765625
2025-06-06,4531.080078125
2025-06-09,4540.60986328125
2025-06-10,4555.89990234375
2025-06-11,4538.64990234375
2025-06-12,4518.740234375
2025-06-13,4476.2099609375
2025-06-16,4481.60986328125
2025-06-17,4438.56982421875
2025-06-18,4425.990234375
2025-06-19,4411.7099609375
2025-06-20,4439.52978515625
2025-06-23,4441.97998046875
2025-06-24,4491.419921875
2025-06-25,4457.1201171875
2025-06-26,4470.89990234375
2025-06-27,4509.02978515625
2025-06-30,4476.02001953125
2025-07-01,4496.77978515625
2025-07-02,4492.7998046875
2025-07-03,4486.1298828125
2025-07-04,4485.0400390625
2025-07-07,4487.490234375
2025-07-08,4475.18017578125
2025-07-09,4505.7998046875
2025-07-10,4547.0
2025-07-11,4518.990234375
2025-07-14,4527.7099609375
2025-07-15,4498.02978515625
2025-07-16,4479.5498046875
2025-07-17,4530.0
2025-07-18,4544.39013671875
2025-07-21,4554.080078125
2025-07-22,4547.41015625
2025-07-23,4596.22021484375
2025-07-24,4617.31982421875
2025-07-25,4609.47021484375
2025-07-28,4594.1201171875
2025-07-29,4620.9599609375
2025-07-30,4615.16015625
2025-07-31,4636.1201171875
2025-08-01,4565.3701171875
2025-08-04,4608.8701171875
2025-08-05,4665.35009765625
2025-08-06,4657.22998046875
2025-08-07,4711.33984375
2025-08-08,4733.91015625
2025-08-11,4726.75
2025-08-12,4724.6298828125
2025-08-13,4746.14990234375
2025-08-14,4779.1298828125
2025-08-15,4774.31005859375
2025-08-18,4808.3701171875
2025-08-19,4795.7099609375
2025-08-20,4818.89013671875
2025-08-21,4835.47998046875
2025-08-22,4848.1201171875
2025-08-25,4861.2001953125
2025-08-26,4836.18017578125
2025-08-27,4836.81982421875
2025-08-28,4823.97021484375
2025-08-29,4798.5498046875
2025-09-01,4799.7998046875
2025-09-02,4725.240234375
2025-09-03,4738.0
2025-09-04,4745.31982421875
2025-09-05,4768.81982421875
2025-09-08,4793.68994140625
2025-09-09,4806.35986328125
2025-09-10,4785.75
2025-09-11,4798.08984375
2025-09-12,4775.68017578125
2025-09-15,4764.5
2025-09-16,4707.31005859375
2025-09-17,4710.60009765625
2025-09-18,4698.39013671875
2025-09-19,4709.10986328125
2025-09-22,4707.56005859375
2025-09-23,4699.64013671875
2025-09-24,4681.60009765625
2025-09-25,4642.330078125
2025-09-26,4670.47021484375
2025-09-29,4773.1201171875
2025-09-30,4820.56982421875
2025-10-01,4907.77001953125
2025-10-02,4918.72998046875
2025-10-03,4930.43017578125
2025-10-06,4912.27978515625
2025-10-07,4912.330078125
2025-10-08,4940.27978515625
2025-10-09,4959.52978515625
2025-10-10,4921.2900390625
2025-10-13,4971.58984375
2025-10-14,4955.81005859375
2025-10-15,4978.7998046875
2025-10-16,5010.85009765625
2025-10-17,4963.33984375
2025-10-20,5030.56982421875
2025-10-21,5045.83984375
2025-10-22,5005.60009765625
2025-10-23,5002.97998046875
2025-10-24,4994.2900390625
2025-10-27,4994.60009765625
2025-10-28,4948.490234375
2025-10-29,4972.18994140625
2025-10-30,4941.72998046875
2025-10-31,4902.3701171875
2025-11-03,4907.0498046875
2025-11-04,4920.8701171875
2025-11-05,4899.2099609375
2025-11-06,4926.5
2025-11-07,4914.4599609375
2025-11-10,4972.77978515625
2025-11-11,5041.35009765625
2025-11-12,5086.72021484375
2025-11-13,5046.2998046875
2025-11-14,5034.52001953125
2025-11-17,5020.8701171875
2025-11-18,4943.77978515625
2025-11-19,4964.56005859375
2025-11-20,4971.47998046875
2025-11-21,4995.93994140625
2025-11-24,4998.08984375
2025-11-25,5008.06005859375
2025-11-26,5030.72021484375
2025-11-27,5039.39990234375
2025-11-28,5036.85986328125
2025-12-01,5018.0498046875
2025-12-02,5010.35986328125
2025-12-03,4995.35009765625
2025-12-04,5013.35009765625
2025-12-05,5029.740234375
2025-12-08,5028.1201171875
2025-12-09,5001.60986328125
2025-12-10,4989.10009765625
2025-12-11,5000.5
2025-12-12,4986.02001953125
2025-12-15,5006.47998046875
2025-12-16,5010.919921875
2025-12-17,5045.9501953125
2025-12-18,5054.9599609375
2025-12-19,5074.52001953125
2025-12-22,5056.0400390625
2025-12-23,5057.490234375
2025-12-24,5040.3701171875
2025-12-29,5054.47998046875
2025-12-30,5077.7099609375
2025-12-31,5078.43017578125
2026-01-02,5112.5
2026-01-05,5099.490234375
2026-01-06,5182.8701171875
2026-01-07,5220.9501953125
2026-01-08,5228.77001953125
2026-01-09,5240.43994140625
2026-01-12,5213.93994140625
2026-01-13,5250.08984375
2026-01-14,5302.3701171875
2026-01-15,5350.06005859375
2026-01-16,5357.14013671875
2026-01-19,5290.10009765625
2026-01-20,5248.9599609375
2026-01-21,5255.83984375
2026-01-22,5330.509765625
2026-01-23,5316.43017578125
2026-01-26,5332.66015625
2026-01-27,5396.81005859375
2026-01-28,5380.41015625
2026-01-29,5373.5498046875
2026-01-30,5385.3798828125
2026-02-02,5459.31982421875
2026-02-03,5499.509765625
2026-02-04,5545.43017578125
2026-02-05,5525.0498046875
2026-02-06,5517.52001953125
2026-02-09,5576.6201171875
2026-02-10,5582.64013671875
2026-02-11,5594.8798828125
2026-02-12,5626.0400390625
2026-02-13,5614.1298828125
2026-02-16,5599.0
2026-02-17,5644.02978515625
2026-02-18,5677.830078125
2026-02-19,5664.43017578125
2026-02-20,5654.68017578125
2026-02-23,5605.18994140625
2026-02-24,5629.14990234375
2026-02-25,5616.47998046875
2026-02-26,5439.0498046875
2026-02-27,5443.759765625
2026-03-02,5366.22021484375
2026-03-03,5252.0
2026-03-04,5313.77978515625
2026-03-05,5260.18017578125
2026-03-06,5194.9501953125
2026-03-09,5153.0400390625
2026-03-10,5247.509765625
2026-03-11,5176.83984375
2026-03-12,5149.06005859375
2026-03-13,5109.47998046875
2026-03-16,5128.990234375
2026-03-17,5167.0
2026-03-18,5129.080078125
2026-03-19,5004.77001953125
2026-03-20,4916.7900390625
2026-03-23,4940.02001953125
2026-03-24,4944.990234375
2026-03-25,5052.97021484375
2026-03-26,5006.1201171875
2026-03-27,4985.22021484375
2026-03-30,5029.93994140625
2026-03-31,5073.1201171875
2026-04-01,5220.81982421875
2026-04-02,5216.43994140625
2026-04-07,5207.16015625
2026-04-08,5392.7099609375
2026-04-09,5417.259765625
2026-04-10,5455.58984375
2026-04-13,5426.85009765625
2026-04-14,5485.91015625
2026-04-15,5475.16015625
2026-04-16,5483.5400390625
2026-04-17,5572.10009765625
2026-04-20,5511.169921875
2026-04-21,5431.3798828125
2026-04-22,5386.7900390625
2026-04-23,5392.02978515625
2026-04-24,5342.7099609375
2026-04-27,5355.490234375
2026-04-28,5334.759765625
2026-04-29,5279.68994140625
2026-04-30,5352.669921875
2026-05-04,5352.18017578125
2026-05-05,5440.14013671875
2026-05-06,5555.14990234375
2026-05-07,5469.75
2026-05-08,5463.31982421875
2026-05-11,5497.93994140625
2026-05-12,5469.72998046875
2026-05-13,5508.77978515625
2026-05-14,5532.41015625
2026-05-15,5467.27001953125
2026-05-18,5423.22998046875
2026-05-19,5427.81982421875
2026-05-20,5502.0400390625
2026-05-21,5550.81982421875
2026-05-22,5589.97021484375
2026-05-25,5649.02978515625
2026-05-26,5603.7900390625
2026-05-27,5613.580078125
2026-05-28,5603.02978515625
2026-05-29,5583.39013671875
2026-06-01,5577.64990234375
2026-06-02,5549.56005859375
2026-06-03,5500.2998046875
2026-06-04,5538.330078125
2026-06-05,5579.60009765625
2026-06-08,5549.22998046875
2026-06-09,5565.1201171875
2026-06-10,5598.58984375
2026-06-11,5646.8701171875
2026-06-12,5737.18994140625
2026-06-15,5683.72998046875
2026-06-16,5664.52978515625
2026-06-17,5703.72021484375
2026-06-18,5648.8798828125
2026-06-19,5647.64990234375
2026-06-22,5705.830078125
2026-06-23,5713.0498046875
2026-06-24,5671.66015625
2026-06-25,5732.0498046875
2026-06-26,5739.77978515625
2026-06-29,5719.27978515625
2026-06-30,5751.35986328125
2026-07-01,5702.990234375
2026-07-02,5788.97021484375
2026-07-03,5813.64990234375
2026-07-06,5732.4501953125
2026-07-07,5724.43017578125
2026-07-08,5630.2998046875
2026-07-09,5647.9599609375
2026-07-10,5594.080078125
2026-07-13,5604.4501953125
2026-07-14,5618.27001953125
2026-07-15,5613.509765625
2026-07-16,5617.83984375
2026-07-17,5630.2099609375
2026-07-20,5618.77001953125
2026-07-21,5652.330078125
2026-07-22,5697.0
2026-07-23,5692.64013671875
2026-07-24,5734.77978515625
2026-07-27,5707.41015625
2026-07-28,5745.9599609375
2026-07-29,5727.91015625
2026-07-30,5655.0
2026-07-31,5685.81982421875
2026-08-03,5667.27978515625
2026-08-04,5707.14013671875
2026-08-05,5775.9501953125
2026-08-06,5760.2001953125
2026-08-07,5777.7099609375
2026-08-10,5767.77978515625
2026-08-11,5719.41015625
2026-08-12,5723.27001953125
2026-08-13,5708.72021484375
2026-08-14,5664.47998046875
2026-08-17,5762.490234375
2026-08-18,5758.97998046875
2026-08-19,5747.89013671875
2026-08-20,5743.6201171875
2026-08-21,5807.169921875
2026-08-24,5813.5
2026-08-25,5834.52978515625
2026-08-26,5860.9501953125
2026-08-27,5838.669921875
2026-08-28,5869.080078125
2026-08-31,5834.27978515625
2026-09-01,5830.2900390625
2026-09-02,5825.7099609375
2026-09-03,5879.0498046875
2026-09-04,5852.5400390625
2026-09-07,5800.919921875
2026-09-08,5796.02001953125
2026-09-09,5737.91015625
2026-09-10,5688.830078125
2026-09-11,5713.35986328125
2026-09-14,5729.669921875
2026-09-15,5724.35009765625
2026-09-16,5733.490234375
2026-09-17,5777.27001953125
2026-09-18,5713.16015625
2026-09-21,5763.47998046875
2026-09-22,5758.56005859375
2026-09-23,5687.1298828125
2026-09-24,5671.16015625
2026-09-25,5704.2998046875
2026-09-28,5685.3701171875
2026-09-29,5698.5498046875
