date,close
2009-06-01,25105.630859375
2009-06-02,25183.830078125
2009-06-03,24651.3203125
2009-06-04,24748.029296875
2009-06-05,24913.009765625
2009-06-08,24932.880859375
2009-06-09,25107.4296875
2009-06-10,25183.720703125
2009-06-11,25372.849609375
2009-06-12,25460.01953125
2009-06-15,24899.689453125
2009-06-16,24224.830078125
2009-06-17,24150.939453125
2009-06-18,24340.650390625
2009-06-19,24274.720703125
2009-06-22,23314.6796875
2009-06-23,23496.390625
2009-06-24,23711.240234375
2009-06-25,24245.7109375
2009-06-26,24458.23046875
2009-06-29,24473.529296875
2009-06-30,24368.380859375
2009-07-01,24524.009765625
2009-07-02,24051.4609375
2009-07-03,24045.390625
2009-07-06,23742.490234375
2009-07-07,23359.939453125
2009-07-08,23468.98046875
2009-07-09,23634.26953125
2009-07-10,23656.259765625
2009-07-13,23951.9609375
2009-07-14,24340.650390625
2009-07-15,25336.330078125
2009-07-16,25735.560546875
2009-07-17,25741.9609375
2009-07-20,26284.060546875
2009-07-21,26004.01953125
2009-07-22,26288.2109375
2009-07-23,26805.419921875
2009-07-24,26646.369140625
2009-07-27,26815.30078125
2009-07-28,26850.75
2009-07-29,26516.5
2009-07-30,26810.26953125
2009-07-31,27043.5
2009-08-03,27692.48046875
2009-08-04,27869.919921875
2009-08-05,28082.630859375
2009-08-06,27802.41015625
2009-08-07,28179.55078125
2009-08-10,28305.3203125
2009-08-11,27800.80078125
2009-08-12,28096.01953125
2009-08-13,28155.490234375
2009-08-14,27855.4296875
2009-08-17,27299.580078125
2009-08-18,27544.3203125
2009-08-19,27598.369140625
2009-08-20,27944.240234375
2009-08-21,28308.9609375
2009-08-24,28004.26953125
2009-08-25,28005.4609375
2009-08-26,28212.849609375
2009-08-27,28437.259765625
2009-08-28,28599.919921875
2009-08-31,28129.94921875
2009-09-01,27749.16015625
2009-09-02,27953.33984375
2009-09-03,28150.08984375
2009-09-04,28309.55078125
2009-09-07,28585.25
2009-09-08,29190.8203125
2009-09-09,29100.05078125
2009-09-10,29318.419921875
2009-09-11,29448.7890625
2009-09-14,29383.189453125
2009-09-15,29625.01953125
2009-09-17,30017.720703125
2009-09-18,29942.0
2009-09-21,29607.16015625
2009-09-22,29513.6796875
2009-09-23,28959.669921875
2009-09-24,28465.109375
2009-09-25,28759.98046875
2009-09-28,29401.990234375
2009-09-29,29432.009765625
2009-09-30,29232.240234375
2009-10-01,28588.259765625
2009-10-02,28678.66015625
2009-10-05,29214.400390625
2009-10-06,29690.48046875
2009-10-07,29763.369140625
2009-10-08,29898.849609375
2009-10-09,30039.7109375
2009-10-12,30475.4296875
2009-10-13,30611.099609375
2009-10-14,30881.099609375
2009-10-15,31017.73046875
2009-10-16,30726.30078125
2009-10-19,30927.109375
2009-10-20,31000.939453125
2009-10-21,30889.05078125
2009-10-22,30761.759765625
2009-10-23,30617.6796875
2009-10-26,30280.080078125
2009-10-27,29312.83984375
2009-10-28,28670.900390625
2009-10-29,29247.830078125
2009-10-30,28646.029296875
2009-11-03,28886.529296875
2009-11-04,29430.509765625
2009-11-05,29735.33984375
2009-11-06,29868.619140625
2009-11-09,30646.240234375
2009-11-10,30788.19921875
2009-11-11,31097.640625
2009-11-12,30759.849609375
2009-11-13,31002.08984375
2009-11-17,31400.19921875
2009-11-18,31056.619140625
2009-11-19,30817.669921875
2009-11-20,30666.509765625
2009-11-23,31126.169921875
2009-11-24,30961.990234375
2009-11-25,31364.0390625
2009-11-26,30447.830078125
2009-11-27,30775.44921875
2009-11-30,30957.109375
2009-12-01,31750.580078125
2009-12-02,32111.7890625
2009-12-03,31967.4296875
2009-12-04,32105.390625
2009-12-07,32085.169921875
2009-12-08,31710.390625
2009-12-09,31670.2109375
2009-12-10,31916.599609375
2009-12-11,31901.689453125
2009-12-14,32009.880859375
2009-12-15,31902.599609375
2009-12-16,31956.25
2009-12-17,31948.41015625
2009-12-18,31834.0703125
2009-12-21,31799.23046875
2009-12-22,32240.3203125
2009-12-23,32450.23046875
2009-12-24,32548.529296875
2009-12-28,32610.509765625
2009-12-29,32626.2890625
2009-12-30,32448.740234375
2009-12-31,32120.470703125
2010-01-04,32758.529296875
2010-01-05,32732.759765625
2010-01-06,32830.16015625
2010-01-07,33064.5703125
2010-01-08,32892.0390625
2010-01-11,32935.37890625
2010-01-12,32792.66015625
2010-01-13,32836.078125
2010-01-14,32729.580078125
2010-01-15,32262.30078125
2010-01-18,32482.73046875
2010-01-19,32473.05078125
2010-01-20,32025.33984375
2010-01-21,31205.30078125
2010-01-22,30830.91015625
2010-01-25,30465.060546875
2010-01-26,30651.560546875
2010-01-27,30610.830078125
2010-01-28,30811.349609375
2010-01-29,30391.609375
2010-02-02,30876.650390625
2010-02-03,31287.0390625
2010-02-04,30603.7109375
2010-02-05,30630.73046875
2010-02-08,30649.439453125
2010-02-09,30818.48046875
2010-02-10,30746.05078125
2010-02-11,30845.630859375
2010-02-12,31005.740234375
2010-02-15,31038.3203125
2010-02-16,31644.76953125
2010-02-17,31892.119140625
2010-02-18,32170.7890625
2010-02-19,32172.109375
2010-02-22,32034.33984375
2010-02-23,31850.240234375
2010-02-24,31788.5390625
2010-02-25,31649.099609375
2010-02-26,31634.5390625
2010-03-01,31765.140625
2010-03-02,32055.0390625
2010-03-03,32353.5390625
2010-03-04,32202.0
2010-03-05,32436.529296875
2010-03-08,32520.26953125
2010-03-09,32514.169921875
2010-03-10,32505.759765625
2010-03-11,32602.939453125
2010-03-12,32578.05078125
2010-03-16,32723.900390625
2010-03-17,32798.30078125
2010-03-18,32969.828125
2010-03-19,33022.83984375
2010-03-22,33142.01953125
2010-03-23,33361.26953125
2010-03-24,33160.96875
2010-03-25,33164.328125
2010-03-26,33147.80859375
2010-03-29,33416.1015625
2010-03-30,33399.4609375
2010-03-31,33266.4296875
2010-04-05,33648.890625
2010-04-06,33801.2109375
2010-04-07,33632.3515625
2010-04-08,33567.3515625
2010-04-09,33840.8515625
2010-04-12,33852.390625
2010-04-13,33819.0390625
2010-04-14,34113.9296875
2010-04-15,34134.23046875
2010-04-16,33621.390625
2010-04-19,33439.76953125
2010-04-20,33813.16015625
2010-04-21,33517.1796875
2010-04-22,33658.37109375
2010-04-23,33853.69140625
2010-04-26,33771.55078125
2010-04-27,32679.359375
2010-04-28,32952.859375
2010-04-29,32861.0
2010-04-30,32687.3203125
2010-05-04,32120.650390625
2010-05-05,31995.279296875
2010-05-06,31398.970703125
2010-05-07,31488.8203125
2010-05-10,32276.919921875
2010-05-11,32119.109375
2010-05-12,32379.630859375
2010-05-13,32342.4296875
2010-05-14,31812.73046875
2010-05-17,31580.630859375
2010-05-18,31136.349609375
2010-05-19,30992.759765625
2010-05-20,30368.080078125
2010-05-21,30629.150390625
2010-05-24,30759.48046875
2010-05-25,30634.169921875
2010-05-26,31328.490234375
2010-05-27,32056.16015625
2010-05-28,31547.55078125
2010-05-31,32038.529296875
2010-06-01,31245.830078125
2010-06-02,31411.91015625
2010-06-03,31331.859375
2010-06-04,30992.650390625
2010-06-07,30739.009765625
2010-06-08,31059.830078125
2010-06-09,31209.330078125
2010-06-10,31910.220703125
2010-06-11,32124.279296875
2010-06-14,32238.41015625
2010-06-15,32685.400390625
2010-06-16,32805.62890625
2010-06-17,32775.33984375
2010-06-18,32814.62109375
2010-06-21,32882.0
2010-06-22,32470.69921875
2010-06-23,32663.2890625
2010-06-24,32312.759765625
2010-06-25,32607.130859375
2010-06-28,32568.189453125
2010-06-29,31473.19921875
2010-06-30,31156.970703125
2010-07-01,31197.0390625
2010-07-02,31379.669921875
2010-07-05,31391.44921875
2010-07-06,31533.580078125
2010-07-07,32035.189453125
2010-07-08,31960.640625
2010-07-09,32004.310546875
2010-07-12,31870.55078125
2010-07-13,32185.19921875
2010-07-14,32305.7109375
2010-07-15,32381.060546875
2010-07-16,31783.390625
2010-07-19,31845.880859375
2010-07-20,32024.26953125
2010-07-21,32108.990234375
2010-07-22,32720.759765625
2010-07-23,32806.03125
2010-07-26,32958.890625
2010-07-27,32695.310546875
2010-07-28,32665.560546875
2010-07-29,32463.720703125
2010-07-30,32308.740234375
2010-08-02,32816.51953125
2010-08-03,32768.078125
2010-08-04,32900.48046875
2010-08-05,32907.19140625
2010-08-06,32917.921875
2010-08-09,32837.5703125
2010-08-10,32685.51953125
2010-08-11,32058.5703125
2010-08-12,32041.130859375
2010-08-13,32099.75
2010-08-16,32119.880859375
2010-08-17,32286.080078125
2010-08-18,32408.30078125
2010-08-19,32153.630859375
2010-08-20,32291.669921875
2010-08-23,32142.669921875
2010-08-24,31364.890625
2010-08-25,31453.720703125
2010-08-26,31217.990234375
2010-08-27,31755.349609375
2010-08-30,31382.669921875
2010-08-31,31679.849609375
2010-09-01,32339.23046875
2010-09-02,32417.330078125
2010-09-03,32592.869140625
2010-09-06,32746.669921875
2010-09-07,32448.400390625
2010-09-08,32409.599609375
2010-09-09,32518.98046875
2010-09-10,32626.869140625
2010-09-13,32921.62890625
2010-09-14,33058.0
2010-09-15,33046.69140625
2010-09-20,33273.53125
2010-09-21,33296.69140625
2010-09-22,33207.2109375
2010-09-23,33091.12890625
2010-09-24,33280.75
2010-09-27,33122.44140625
2010-09-28,33258.53125
2010-09-29,33186.76171875
2010-09-30,33330.33984375
2010-10-01,33807.48046875
2010-10-04,34040.171875
2010-10-05,34257.3984375
2010-10-06,34370.640625
2010-10-07,34257.80859375
2010-10-08,34464.8203125
2010-10-11,34465.41015625
2010-10-12,34437.390625
2010-10-13,34798.6484375
2010-10-14,34836.5
2010-10-15,34741.5390625
2010-10-18,34919.30859375
2010-10-19,34452.2109375
2010-10-20,34880.46875
2010-10-21,34965.25
2010-10-22,35120.87890625
2010-10-25,35262.890625
2010-10-26,35373.390625
2010-10-27,35262.8984375
2010-10-28,35376.71875
2010-10-29,35568.21875
2010-11-01,35722.7109375
2010-11-03,35843.80859375
2010-11-04,36198.6015625
2010-11-05,36317.51171875
2010-11-08,36543.390625
2010-11-09,36198.03125
2010-11-10,36417.46875
2010-11-11,36304.5390625
2010-11-12,36057.390625
2010-11-16,35648.2109375
2010-11-17,35842.48046875
2010-11-18,36322.12109375
2010-11-19,36601.3984375
2010-11-22,36710.4609375
2010-11-23,36271.828125
2010-11-24,37079.28125
2010-11-25,36969.19921875
2010-11-26,36904.53125
2010-11-29,36890.609375
2010-11-30,36817.3203125
2010-12-01,37277.55859375
2010-12-02,37399.46875
2010-12-03,37385.91015625
2010-12-06,37737.12890625
2010-12-07,37880.12890625
2010-12-08,37617.76953125
2010-12-09,37567.390625
2010-12-10,37677.78125
2010-12-13,37894.33984375
2010-12-14,37901.0390625
2010-12-15,37676.55078125
2010-12-16,37832.859375
2010-12-17,37997.33984375
2010-12-20,37975.48046875
2010-12-21,38230.859375
2010-12-22,38172.91015625
2010-12-23,38131.46875
2010-12-27,38132.8515625
2010-12-28,38147.51171875
2010-12-29,38230.19921875
2010-12-30,38243.140625
2011-01-03,38605.80078125
2011-01-04,38542.16015625
2011-01-05,38696.23828125
2011-01-06,38589.671875
2011-01-07,38600.859375
2011-01-10,38378.16015625
2011-01-11,38028.80859375
2011-01-12,37963.30859375
2011-01-13,38070.19140625
2011-01-14,37994.71875
2011-01-17,38096.91015625
2011-01-18,38151.30078125
2011-01-19,37810.16015625
2011-01-20,37584.6796875
2011-01-21,37321.109375
2011-01-24,37667.8984375
2011-01-25,37470.76171875
2011-01-26,37585.3984375
2011-01-27,37447.69921875
2011-01-28,36839.71875
2011-01-31,36982.23828125
2011-02-01,37618.1015625
2011-02-02,37948.75
2011-02-03,37739.078125
2011-02-04,37451.83984375
2011-02-08,37565.6484375
2011-02-09,36986.94140625
2011-02-10,36652.12890625
2011-02-11,37011.48828125
2011-02-14,36998.9296875
2011-02-15,36951.25
2011-02-16,37074.9296875
2011-02-17,37226.4296875
2011-02-18,37522.30078125
2011-02-21,37242.05078125
2011-02-22,36781.55078125
2011-02-23,36464.0703125
2011-02-24,36446.55859375
2011-02-25,36880.19921875
2011-02-28,37019.69921875
2011-03-01,36768.08984375
2011-03-02,36863.53125
2011-03-03,37132.98046875
2011-03-04,36900.83984375
2011-03-07,36603.30078125
2011-03-08,36688.12109375
2011-03-09,36450.19140625
2011-03-10,35891.41015625
2011-03-11,36091.21875
2011-03-14,36205.76171875
2011-03-15,36012.171875
2011-03-16,35655.30859375
2011-03-17,35621.6796875
2011-03-18,35418.5
2011-03-22,35925.3515625
2011-03-23,36546.62109375
2011-03-24,36872.37890625
2011-03-25,36784.26953125
2011-03-28,36767.859375
2011-03-29,36795.890625
2011-03-30,37210.26953125
2011-03-31,37440.51171875
2011-04-01,37775.0703125
2011-04-04,37903.578125
2011-04-05,37832.9609375
2011-04-06,37861.80859375
2011-04-07,37471.5390625
2011-04-08,37471.71875
2011-04-11,37590.671875
2011-04-12,37321.80078125
2011-04-13,37347.69140625
2011-04-14,37069.9609375
2011-04-15,36988.37890625
2011-04-18,36332.1015625
2011-04-19,36440.21875
2011-04-20,36816.30859375
2011-04-25,36860.6796875
2011-04-26,36892.23828125
2011-04-27,36826.9296875
2011-04-28,36722.640625
2011-04-29,36962.62109375
2011-05-02,36592.609375
2011-05-03,35873.2109375
2011-05-04,35531.21875
2011-05-05,35325.08984375
2011-05-06,35212.23046875
2011-05-09,35467.01171875
2011-05-10,35678.921875
2011-05-11,35380.53125
2011-05-12,35161.26171875
2011-05-13,35045.140625
2011-05-16,35130.6015625
2011-05-17,34819.5703125
2011-05-18,35364.328125
2011-05-19,35276.46875
2011-05-20,35298.671875
2011-05-23,35215.01953125
2011-05-24,35382.55859375
2011-05-25,35498.421875
2011-05-26,35742.2109375
2011-05-27,35819.19921875
2011-05-30,35639.37890625
2011-05-31,35832.7890625
2011-06-01,35410.51171875
2011-06-02,35416.25
2011-06-03,35123.890625
2011-06-06,34673.48046875
2011-06-07,34895.828125
2011-06-08,34879.0703125
2011-06-09,35233.3984375
2011-06-10,34963.78125
2011-06-13,34997.96875
2011-06-14,35445.6484375
2011-06-15,35318.390625
2011-06-16,35220.98828125
2011-06-17,35025.73828125
2011-06-20,35109.96875
2011-06-21,35276.6015625
2011-06-22,35399.44140625
2011-06-23,35326.66015625
2011-06-24,35347.8515625
2011-06-27,35601.73046875
2011-06-28,36188.91015625
2011-06-29,36579.58984375
2011-06-30,36558.0703125
2011-07-01,36800.71875
2011-07-04,36847.1015625
2011-07-05,36640.9296875
2011-07-06,36468.01171875
2011-07-07,36583.2890625
2011-07-08,36499.8515625
2011-07-11,36359.48828125
2011-07-12,36178.58984375
2011-07-13,36254.69921875
2011-07-14,36164.609375
2011-07-15,36155.859375
2011-07-18,35781.4296875
2011-07-19,35752.01953125
2011-07-20,35341.671875
2011-07-21,35555.828125
2011-07-22,35755.48046875
2011-07-25,35479.671875
2011-07-26,35341.26953125
2011-07-27,35597.62890625
2011-07-28,35917.80078125
2011-07-29,35999.33984375
2011-08-01,35730.7109375
2011-08-02,34814.94140625
2011-08-03,34484.37109375
2011-08-04,33322.62890625
2011-08-05,33697.87109375
2011-08-08,31740.130859375
2011-08-09,32381.55078125
2011-08-10,32219.330078125
2011-08-11,33590.328125
2011-08-12,33361.5
2011-08-15,33901.078125
2011-08-16,33948.48046875
2011-08-17,34049.578125
2011-08-18,33246.62890625
2011-08-19,33136.890625
2011-08-22,33593.6484375
2011-08-23,34675.53125
2011-08-24,34644.921875
2011-08-25,33904.37890625
2011-08-26,34042.21875
2011-08-29,35016.0390625
2011-08-30,35148.91015625
2011-08-31,35721.1015625
2011-09-01,35637.859375
2011-09-02,35134.4296875
2011-09-05,33880.01953125
2011-09-06,34439.33984375
2011-09-07,35179.58984375
2011-09-08,34712.37890625
2011-09-09,33812.62109375
2011-09-12,33792.55859375
2011-09-13,33947.62109375
2011-09-14,34661.78125
2011-09-15,35181.44140625
2011-09-19,35076.9609375
2011-09-20,34337.96875
2011-09-21,34019.21875
2011-09-22,32381.060546875
2011-09-23,32588.4296875
2011-09-26,33385.94140625
2011-09-27,33783.6796875
2011-09-28,33438.16015625
2011-09-29,33686.16015625
2011-09-30,33503.28125
2011-10-03,33133.87890625
2011-10-04,32966.23046875
2011-10-05,33000.2890625
2011-10-06,33279.71875
2011-10-07,33005.08984375
2011-10-10,33547.23828125
2011-10-11,33681.80078125
2011-10-12,34470.359375
2011-10-13,34584.75
2011-10-14,34848.421875
2011-10-17,34125.69921875
2011-10-18,35011.7109375
2011-10-19,34523.26953125
2011-10-20,34395.5
2011-10-21,35020.73828125
2011-10-24,35265.55859375
2011-10-25,35290.1484375
2011-10-26,35818.578125
2011-10-27,36727.2109375
2011-10-28,36708.640625
2011-10-31,36159.98828125
2011-11-01,35742.5703125
2011-11-03,36579.0703125
2011-11-04,36689.37890625
2011-11-07,37024.609375
2011-11-08,37351.80859375
2011-11-09,36553.8515625
2011-11-10,36615.0703125
2011-11-11,37555.6484375
2011-11-14,37069.8984375
2011-11-15,37293.37890625
2011-11-16,36708.41015625
2011-11-17,36110.6796875
2011-11-18,36284.19921875
2011-11-22,35969.609375
2011-11-23,35375.609375
2011-11-24,35323.6015625
2011-11-25,34573.0390625
2011-11-28,35558.1796875
2011-11-29,35708.7109375
2011-11-30,36829.1484375
2011-12-01,36567.62890625
2011-12-02,36756.05859375
2011-12-05,37103.171875
2011-12-06,37071.171875
2011-12-07,37054.55859375
2011-12-08,36641.30859375
2011-12-09,37227.2109375
2011-12-13,36471.44140625
2011-12-14,36012.671875
2011-12-15,36006.8984375
2011-12-16,36054.62890625
2011-12-19,35587.78125
2011-12-20,36239.390625
2011-12-21,36628.05859375
2011-12-22,37066.76953125
2011-12-23,37041.421875
2011-12-27,37091.421875
2011-12-28,36644.859375
2011-12-29,37185.73046875
2011-12-30,37077.51953125
2012-01-03,37384.33984375
2012-01-04,37387.62890625
2012-01-05,37017.94921875
2012-01-09,36785.33984375
2012-01-10,37190.8984375
2012-01-11,37307.640625
2012-01-12,37320.96875
2012-01-13,36548.55859375
2012-01-16,36916.16015625
2012-01-17,36601.19921875
2012-01-18,37506.76171875
2012-01-19,37680.05859375
2012-01-20,37384.2109375
2012-01-23,37195.73046875
2012-01-24,36853.30078125
2012-01-25,37212.859375
2012-01-26,37240.78125
2012-01-27,37184.7109375
2012-01-30,37241.609375
2012-01-31,37422.6796875
2012-02-01,37709.6484375
2012-02-02,37711.16015625
2012-02-03,38092.80859375
2012-02-07,38062.421875
2012-02-08,38140.55078125
2012-02-09,38242.28125
2012-02-10,38149.21875
2012-02-13,38204.328125
2012-02-14,37831.87109375
2012-02-15,37864.55078125
2012-02-16,38212.23828125
2012-02-17,37914.69921875
2012-02-20,38296.6796875
2012-02-21,37859.48046875
2012-02-22,37912.55078125
2012-02-23,38027.83984375
2012-02-24,37945.21875
2012-02-27,37785.71875
2012-02-28,38021.421875
2012-02-29,37816.69140625
2012-03-01,38033.44921875
2012-03-02,38327.4296875
2012-03-05,38155.26953125
2012-03-06,37487.62890625
2012-03-07,37548.5390625
2012-03-08,37815.4296875
2012-03-09,37691.01171875
2012-03-12,37590.171875
2012-03-13,38019.76171875
2012-03-14,37971.44140625
2012-03-15,38134.5703125
2012-03-16,38258.44921875
2012-03-20,38055.26953125
2012-03-21,38434.51171875
2012-03-22,38323.51171875
2012-03-23,38334.8984375
2012-03-26,38863.1484375
2012-03-27,38956.3203125
2012-03-28,38910.6796875
2012-03-29,39125.3515625
2012-03-30,39521.23828125
2012-04-02,39908.5390625
2012-04-03,39924.9296875
2012-04-04,39398.87890625
2012-04-09,39432.1484375
2012-04-10,39035.171875
2012-04-11,39167.140625
2012-04-12,39357.80859375
2012-04-13,38444.01171875
2012-04-16,39054.83984375
2012-04-17,39355.171875
2012-04-18,39330.12109375
2012-04-19,39395.640625
2012-04-20,39354.859375
2012-04-23,38961.7890625
2012-04-24,38849.078125
2012-04-25,39066.01171875
2012-04-26,39212.16015625
2012-04-27,39324.140625
2012-04-30,39461.0
2012-05-02,39597.421875
2012-05-03,39580.05078125
2012-05-04,39408.609375
2012-05-07,40045.51171875
2012-05-08,39214.640625
2012-05-09,39122.8203125
2012-05-10,39170.8984375
2012-05-11,38888.7890625
2012-05-14,38352.109375
2012-05-15,37939.62890625
2012-05-16,37511.078125
2012-05-17,37261.23828125
2012-05-18,36875.328125
2012-05-21,37512.41015625
2012-05-22,37481.19140625
2012-05-23,37422.37890625
2012-05-24,37553.2109375
2012-05-25,37486.25
2012-05-28,37642.80078125
2012-05-29,38126.8515625
2012-05-30,38070.671875
2012-05-31,37872.94921875
2012-06-01,37182.37109375
2012-06-04,37059.78125
2012-06-05,37089.359375
2012-06-06,37274.7890625
2012-06-07,37247.33984375
2012-06-08,37323.91015625
2012-06-11,37035.75
2012-06-12,37271.0
2012-06-13,37142.1484375
2012-06-14,37440.48046875
2012-06-15,37738.578125
2012-06-18,38060.8203125
2012-06-19,38688.6484375
2012-06-20,38973.640625
2012-06-21,38515.94140625
2012-06-22,39071.5
2012-06-25,39157.51171875
2012-06-26,39339.1484375
2012-06-27,39490.6796875
2012-06-28,39637.66015625
2012-06-29,40199.55078125
2012-07-03,40434.7109375
2012-07-04,40353.4296875
2012-07-05,40040.69140625
2012-07-06,39831.6484375
2012-07-09,39963.26171875
2012-07-10,40049.58984375
2012-07-11,40221.80078125
2012-07-12,40268.41015625
2012-07-13,40498.46875
2012-07-16,40910.80078125
2012-07-17,41273.01953125
2012-07-18,40747.46875
2012-07-19,40752.53125
2012-07-20,40808.73046875
2012-07-23,40947.55078125
2012-07-24,40697.87109375
2012-07-25,40435.1015625
2012-07-26,40977.3203125
2012-07-27,41476.48046875
2012-07-30,41333.109375
2012-07-31,40704.28125
2012-08-01,40805.3984375
2012-08-02,40759.0
2012-08-03,40998.3984375
2012-08-06,41096.44140625
2012-08-07,41070.23828125
2012-08-08,40851.1796875
2012-08-09,40677.48046875
2012-08-10,40850.0
2012-08-13,40366.26953125
2012-08-14,40644.96875
2012-08-15,40792.58984375
2012-08-16,40714.87109375
2012-08-17,40547.48828125
2012-08-20,40350.0
2012-08-21,40096.640625
2012-08-22,40027.12890625
2012-08-23,39879.01171875
2012-08-24,40211.41015625
2012-08-27,39972.8515625
2012-08-28,39950.8984375
2012-08-29,39908.8984375
2012-08-30,39925.69140625
2012-08-31,39421.6484375
2012-09-03,39802.94140625
2012-09-04,39549.4296875
2012-09-05,39573.921875
2012-09-06,39987.05859375
2012-09-07,40043.87109375
2012-09-10,39991.19140625
2012-09-11,39998.96875
2012-09-12,40248.37890625
2012-09-14,40693.46875
2012-09-17,40621.4609375
2012-09-18,40590.9609375
2012-09-19,40941.30859375
2012-09-20,40500.3515625
2012-09-21,40338.69921875
2012-09-24,40561.21875
2012-09-25,40215.3515625
2012-09-26,40332.98046875
2012-09-27,40729.69921875
2012-09-28,40799.23828125
2012-10-01,41124.55859375
2012-10-02,41199.2890625
2012-10-03,41004.83984375
2012-10-04,41421.73828125
2012-10-05,41934.078125
2012-10-08,41756.9609375
2012-10-09,41755.16015625
2012-10-10,41470.05078125
2012-10-11,41745.390625
2012-10-12,41665.48046875
2012-10-15,42008.55078125
2012-10-16,42518.3515625
2012-10-17,42559.98046875
2012-10-18,42592.78125
2012-10-19,42386.828125
2012-10-22,42122.25
2012-10-23,42041.140625
2012-10-24,42095.16015625
2012-10-25,41877.26953125
2012-10-26,41836.921875
2012-10-29,41817.109375
2012-10-30,41599.0
2012-10-31,41619.9609375
2012-11-05,41722.140625
2012-11-06,41720.62109375
2012-11-07,41010.98046875
2012-11-08,40830.6484375
2012-11-09,40677.0703125
2012-11-12,40859.8984375
2012-11-13,41078.5
2012-11-14,40750.421875
2012-11-15,40573.66015625
2012-11-16,40830.6015625
2012-11-20,41184.0
2012-11-21,41668.05859375
2012-11-22,42032.3515625
2012-11-23,41919.55078125
2012-11-26,41878.26953125
2012-11-27,41769.37890625
2012-11-28,41912.94921875
2012-11-29,42090.69140625
2012-11-30,41833.51953125
2012-12-03,42323.83984375
2012-12-04,42337.8203125
2012-12-05,42416.2890625
2012-12-06,42589.6796875
2012-12-07,42797.671875
2012-12-10,43134.51171875
2012-12-11,43183.28125
2012-12-13,43006.30859375
2012-12-14,43050.921875
2012-12-17,43338.328125
2012-12-18,43825.96875
2012-12-19,43647.98828125
2012-12-20,43637.6796875
2012-12-21,43621.62109375
2012-12-24,43533.44921875
2012-12-26,43495.73828125
2012-12-27,43469.890625
2012-12-28,43721.9296875
2012-12-31,43705.828125
2013-01-02,44304.171875
2013-01-03,44370.640625
2013-01-04,44562.328125
2013-01-07,44625.9296875
2013-01-08,44571.19921875
2013-01-09,44862.5390625
2013-01-10,44859.80078125
2013-01-11,44888.12890625
2013-01-14,44862.921875
2013-01-15,44748.05859375
2013-01-16,44865.30078125
2013-01-17,44943.33984375
2013-01-18,45212.53125
2013-01-21,45223.8515625
2013-01-22,45320.30078125
2013-01-23,45442.98046875
2013-01-24,45428.69921875
2013-01-25,45575.859375
2013-01-28,45912.51171875
2013-01-29,45907.98046875
2013-01-30,45753.1796875
2013-01-31,45278.05859375
2013-02-01,45768.48828125
2013-02-05,45688.12109375
2013-02-06,45570.7109375
2013-02-07,45019.2109375
2013-02-08,45089.359375
2013-02-11,45063.87890625
2013-02-12,44873.44140625
2013-02-13,44096.26953125
2013-02-14,43878.28125
2013-02-15,44152.9609375
2013-02-18,44141.921875
2013-02-19,44639.76171875
2013-02-20,44299.55859375
2013-02-21,44136.6015625
2013-02-22,43875.73046875
2013-02-25,43497.19921875
2013-02-26,43489.19921875
2013-02-27,43772.890625
2013-02-28,44120.98828125
2013-03-01,43995.71875
2013-03-04,43871.30859375
2013-03-05,44017.12109375
2013-03-06,44159.6484375
2013-03-07,43968.6015625
2013-03-08,44322.51171875
2013-03-11,44013.30078125
2013-03-12,43965.41015625
2013-03-13,43278.109375
2013-03-14,43348.51953125
2013-03-15,42605.05078125
2013-03-19,42060.609375
2013-03-20,42497.96875
2013-03-21,42531.0703125
2013-03-22,42686.6796875
2013-03-25,42900.828125
2013-03-26,43664.73046875
2013-03-27,44077.08984375
2013-04-01,43932.51953125
2013-04-02,44113.5
2013-04-03,43717.5703125
2013-04-04,43566.69140625
2013-04-05,43244.25
2013-04-08,43430.98828125
2013-04-09,43973.1796875
2013-04-10,44380.828125
2013-04-11,44408.4296875
2013-04-12,44004.26953125
2013-04-15,42984.37890625
2013-04-16,43223.69140625
2013-04-17,42610.91015625
2013-04-18,42460.2109375
2013-04-19,42808.171875
2013-04-22,42914.19921875
2013-04-23,43113.609375
2013-04-24,42294.9296875
2013-04-25,42547.46875
2013-04-26,41897.0
2013-04-29,41910.53125
2013-04-30,42263.48046875
2013-05-02,42090.01171875
2013-05-03,42602.0703125
2013-05-06,42197.98828125
2013-05-07,42406.671875
2013-05-08,42102.140625
2013-05-09,41682.640625
2013-05-10,41741.5390625
2013-05-13,41766.91015625
2013-05-14,41925.140625
2013-05-15,41905.23046875
2013-05-16,41761.109375
2013-05-17,41806.73046875
2013-05-20,41080.4296875
2013-05-21,40548.44140625
2013-05-22,40119.01953125
2013-05-23,40505.26953125
2013-05-24,40521.26953125
2013-05-27,40144.6484375
2013-05-28,40764.0390625
2013-05-29,40638.96875
2013-05-30,40984.5
2013-05-31,41588.3203125
2013-06-03,41094.8203125
2013-06-04,40750.3984375
2013-06-05,40226.328125
2013-06-06,40579.078125
2013-06-07,40232.6796875
2013-06-10,40721.3515625
2013-06-11,39890.23828125
2013-06-12,39480.3515625
2013-06-13,39481.46875
2013-06-14,39269.30078125
2013-06-17,39549.4609375
2013-06-18,39459.98046875
2013-06-19,39044.94921875
2013-06-20,37517.23046875
2013-06-21,38036.4609375
2013-06-24,37517.359375
2013-06-25,37901.76953125
2013-06-26,38805.26953125
2013-06-27,39650.75
2013-06-28,40623.30078125
2013-07-01,41176.80078125
2013-07-02,40832.48046875
2013-07-03,40828.8515625
2013-07-04,41200.3984375
2013-07-05,40623.08984375
2013-07-08,40071.640625
2013-07-09,40221.0
2013-07-10,39999.01953125
2013-07-11,40479.828125
2013-07-12,40329.80859375
2013-07-15,40322.3203125
2013-07-16,39659.51171875
2013-07-17,40240.19140625
2013-07-18,40245.30859375
2013-07-19,39891.671875
2013-07-22,40117.671875
2013-07-23,40790.16015625
2013-07-24,40839.0390625
2013-07-25,40752.08984375
2013-07-26,41064.578125
2013-07-29,40341.859375
2013-07-30,40236.55078125
2013-07-31,40837.87890625
2013-08-01,41863.76171875
2013-08-02,42051.6015625
2013-08-05,41918.41015625
2013-08-06,41914.8203125
2013-08-07,42246.5
2013-08-08,42712.05078125
2013-08-09,42648.73828125
2013-08-12,42124.83984375
2013-08-13,42366.44921875
2013-08-14,42430.109375
2013-08-15,42155.33984375
2013-08-16,42049.69921875
2013-08-19,41484.25
2013-08-20,41825.3984375
2013-08-21,41458.16015625
2013-08-22,41007.4296875
2013-08-23,40925.12890625
2013-08-26,40419.9296875
2013-08-27,39656.0
2013-08-28,39248.0703125
2013-08-29,39162.48828125
2013-08-30,39492.37109375
2013-09-02,40129.0390625
2013-09-03,39541.51171875
2013-09-04,39773.53125
2013-09-05,39686.44921875
2013-09-06,39915.05859375
2013-09-09,40953.8515625
2013-09-10,41732.98046875
2013-09-11,41640.53125
2013-09-12,40785.6796875
2013-09-13,41122.46875
2013-09-17,41137.671875
2013-09-18,41902.19921875
2013-09-19,41752.26171875
2013-09-20,41225.98046875
2013-09-23,41314.6796875
2013-09-24,41209.94921875
2013-09-25,41724.03125
2013-09-26,41327.578125
2013-09-27,40903.6484375
2013-09-30,40185.23046875
2013-10-01,41335.26953125
2013-10-02,41300.66015625
2013-10-03,40841.12890625
2013-10-04,40909.5390625
2013-10-07,40451.16015625
2013-10-08,39916.83984375
2013-10-09,39866.171875
2013-10-10,40489.94921875
2013-10-11,40975.37109375
2013-10-14,40882.08984375
2013-10-15,40218.3203125
2013-10-16,40355.26953125
2013-10-17,40199.46875
2013-10-18,40412.69140625
2013-10-21,40345.78125
2013-10-22,40813.48046875
2013-10-23,40552.58984375
2013-10-24,40246.73046875
2013-10-25,40671.609375
2013-10-28,41125.01953125
2013-10-29,41284.37890625
2013-10-30,41050.08984375
2013-10-31,41038.6484375
2013-11-01,41079.609375
2013-11-04,41013.71875
2013-11-05,40304.44921875
2013-11-06,40280.08984375
2013-11-07,40009.8984375
2013-11-08,39864.16015625
2013-11-11,39686.828125
2013-11-12,39594.640625
2013-11-13,39765.921875
2013-11-14,40306.69921875
2013-11-15,41034.109375
2013-11-19,40643.25
2013-11-20,40795.55859375
2013-11-21,40998.37109375
2013-11-22,41199.01953125
2013-11-25,40948.359375
2013-11-26,41002.6796875
2013-11-27,41872.58984375
2013-11-28,42160.421875
2013-11-29,42499.12890625
2013-12-02,42138.55078125
2013-12-03,41876.859375
2013-12-04,42003.6484375
2013-12-05,41910.078125
2013-12-06,41925.5390625
2013-12-09,42289.23046875
2013-12-10,42490.1015625
2013-12-11,42304.55078125
2013-12-13,41884.828125
2013-12-16,42054.01953125
2013-12-17,41758.55078125
2013-12-18,42079.87109375
2013-12-19,42198.3203125
2013-12-20,42183.76953125
2013-12-23,42508.03125
2013-12-26,42540.3203125
2013-12-27,42753.21875
2013-12-30,42958.8203125
2014-01-02,42188.44921875
2014-01-03,42064.96875
2014-01-06,41525.94921875
2014-01-07,41778.6015625
2014-01-08,41515.48828125
2014-01-09,41585.5390625
2014-01-10,42458.51171875
2014-01-13,42158.62109375
2014-01-14,42439.7890625
2014-01-15,42511.25
2014-01-16,42172.73046875
2014-01-17,41911.30859375
2014-01-20,41976.37109375
2014-01-21,41838.62890625
2014-01-22,42062.8203125
2014-01-23,41531.80078125
2014-01-24,40979.80078125
2014-01-27,40863.41015625
2014-01-28,40660.9296875
2014-01-29,40689.8984375
2014-01-30,41008.30078125
2014-01-31,40879.75
2014-02-04,40085.51953125
2014-02-05,39880.87109375
2014-02-06,40288.78125
2014-02-07,40525.73828125
2014-02-10,40116.359375
2014-02-11,40759.62109375
2014-02-12,40690.05859375
2014-02-13,40308.9609375
2014-02-14,40710.890625
2014-02-17,40735.48046875
2014-02-18,40421.859375
2014-02-19,40006.421875
2014-02-20,39654.23046875
2014-02-21,39724.578125
2014-02-24,39792.7109375
2014-02-25,39023.6484375
2014-02-26,38605.62109375
2014-02-27,38912.9296875
2014-02-28,38782.890625
2014-03-03,38534.8203125
2014-03-04,39084.359375
2014-03-05,39021.0703125
2014-03-06,39176.30078125
2014-03-07,38913.0390625
2014-03-10,38671.01171875
2014-03-11,38689.5703125
2014-03-12,38634.828125
2014-03-13,38037.5
2014-03-14,37950.96875
2014-03-18,38814.69140625
2014-03-19,38811.94140625
2014-03-20,39616.19140625
2014-03-21,40021.73046875
2014-03-24,39821.7109375
2014-03-25,39793.01953125
2014-03-26,39761.30078125
2014-03-27,39911.01171875
2014-03-28,40048.19921875
2014-03-31,40461.6015625
2014-04-01,40470.01171875
2014-04-02,40900.53125
2014-04-03,40563.05859375
2014-04-04,40598.33984375
2014-04-07,40595.69921875
2014-04-08,40906.828125
2014-04-09,40937.76953125
2014-04-10,40447.9609375
2014-04-11,40380.7890625
2014-04-14,40530.69140625
2014-04-15,40481.80078125
2014-04-16,40890.53125
2014-04-21,40654.0703125
2014-04-22,40468.19921875
2014-04-23,40296.98046875
2014-04-24,40407.9296875
2014-04-25,40198.3984375
2014-04-28,40136.5703125
2014-04-29,40702.671875
2014-04-30,40711.55859375
2014-05-02,40967.94921875
2014-05-05,41047.87890625
2014-05-06,41470.8203125
2014-05-07,41803.12890625
2014-05-08,41659.91015625
2014-05-09,41641.109375
2014-05-12,42086.171875
2014-05-13,42236.828125
2014-05-14,42144.51171875
2014-05-15,41561.828125
2014-05-16,41898.83984375
2014-05-19,41840.05078125
2014-05-20,41805.1015625
2014-05-21,41828.98046875
2014-05-22,41943.9609375
2014-05-23,41917.921875
2014-05-26,42004.578125
2014-05-27,41958.96875
2014-05-28,41960.44921875
2014-05-29,42009.921875
2014-05-30,41362.51171875
2014-06-02,41936.7109375
2014-06-03,42126.08984375
2014-06-04,41953.30078125
2014-06-05,42173.03125
2014-06-06,42778.26171875
2014-06-09,43009.98828125
2014-06-10,43045.26953125
2014-06-11,42944.80859375
2014-06-12,42617.62109375
2014-06-13,42485.66015625
2014-06-16,42596.25
2014-06-17,42612.640625
2014-06-18,42802.6015625
2014-06-19,42957.359375
2014-06-20,42865.71875
2014-06-23,42916.73046875
2014-06-24,42884.76171875
2014-06-25,42854.19140625
2014-06-26,42613.80078125
2014-06-27,42493.859375
2014-06-30,42737.171875
2014-07-01,42872.83984375
2014-07-02,43279.48046875
2014-07-03,43660.69921875
2014-07-04,43518.05859375
2014-07-07,43452.55078125
2014-07-08,43403.4296875
2014-07-09,43686.75
2014-07-10,43474.2890625
2014-07-11,43481.828125
2014-07-14,43967.44140625
2014-07-15,43960.4296875
2014-07-16,44009.23046875
2014-07-17,43920.76171875
2014-07-18,44278.8984375
2014-07-21,44125.73046875
2014-07-22,44257.08984375
2014-07-23,44199.01171875
2014-07-24,44420.37890625
2014-07-25,44386.62109375
2014-07-28,44544.96875
2014-07-29,44481.2890625
2014-07-30,44311.05859375
2014-07-31,43817.69140625
2014-08-01,43986.109375
2014-08-04,44594.66015625
2014-08-05,44481.6796875
2014-08-06,44425.76953125
2014-08-07,44116.1484375
2014-08-08,44105.94921875
2014-08-11,44679.16015625
2014-08-12,44734.0390625
2014-08-13,44723.9609375
2014-08-14,44793.01953125
2014-08-15,44629.328125
2014-08-18,44854.80859375
2014-08-19,44962.87890625
2014-08-20,45248.05078125
2014-08-21,45410.359375
2014-08-22,45374.98828125
2014-08-25,45504.33984375
2014-08-26,45464.75
2014-08-27,45601.0
2014-08-28,45501.28125
2014-08-29,45628.08984375
2014-09-01,45438.0390625
2014-09-02,45825.05859375
2014-09-03,46049.328125
2014-09-04,46313.3984375
2014-09-05,46231.44140625
2014-09-08,46357.23828125
2014-09-09,45915.171875
2014-09-10,45894.05078125
2014-09-11,45672.6015625
2014-09-12,45799.69921875
2014-09-15,45861.83984375
2014-09-17,46043.62109375
2014-09-18,46168.640625
2014-09-19,45761.8984375
2014-09-22,45302.0
2014-09-23,45015.171875
2014-09-24,45116.94140625
2014-09-25,44781.12109375
2014-09-26,44884.328125
2014-09-29,44898.19140625
2014-09-30,44985.66015625
2014-10-01,44364.9609375
2014-10-02,44254.4296875
2014-10-03,44678.140625
2014-10-06,44820.8515625
2014-10-07,44536.62109375
2014-10-08,44487.96875
2014-10-09,44082.171875
2014-10-10,43435.73046875
2014-10-13,43088.671875
2014-10-14,43179.8515625
2014-10-15,42984.94921875
2014-10-16,42907.62109375
2014-10-17,43273.5
2014-10-20,43213.8984375
2014-10-21,43630.578125
2014-10-22,43450.75
2014-10-23,43691.05859375
2014-10-24,43665.5390625
2014-10-27,43810.51171875
2014-10-28,44039.640625
2014-10-29,44238.94140625
2014-10-30,44599.26953125
2014-10-31,45027.51953125
2014-11-03,45184.76171875
2014-11-04,44884.4296875
2014-11-05,45071.98046875
2014-11-06,44849.859375
2014-11-07,44614.66015625
2014-11-10,44523.0
2014-11-11,44300.828125
2014-11-12,43744.5703125
2014-11-13,43743.80078125
2014-11-14,43372.01171875
2014-11-18,43491.44921875
2014-11-19,44118.12890625
2014-11-20,44209.421875
2014-11-21,44633.28125
2014-11-24,44621.0703125
2014-11-25,44441.01953125
2014-11-26,44672.19921875
2014-11-27,44689.2109375
2014-11-28,44190.46875
2014-12-01,43392.0703125
2014-12-02,43008.0703125
2014-12-03,43112.2890625
2014-12-04,42816.1484375
2014-12-05,43230.33984375
2014-12-08,42941.828125
2014-12-09,42339.62890625
2014-12-10,41372.66015625
2014-12-11,41714.5703125
2014-12-15,40334.58984375
2014-12-16,40225.078125
2014-12-17,41004.44140625
2014-12-18,42475.671875
2014-12-19,42529.890625
2014-12-22,42873.01171875
2014-12-23,43122.73046875
2014-12-24,43002.87109375
2014-12-29,43187.640625
2014-12-30,43018.75
2014-12-31,43145.66015625
2015-01-02,42115.46875
2015-01-05,41099.37109375
2015-01-06,41329.41015625
2015-01-07,41813.9296875
2015-01-08,42402.30859375
2015-01-09,42382.41015625
2015-01-12,41780.78125
2015-01-13,41478.26171875
2015-01-14,40984.21875
2015-01-15,40998.76953125
2015-01-16,41402.01171875
2015-01-19,41285.578125
2015-01-20,41752.671875
2015-01-21,42488.73046875
2015-01-22,43121.28125
2015-01-23,42649.71875
2015-01-26,42737.8515625
2015-01-27,42627.8203125
2015-01-28,42158.0703125
2015-01-29,41862.328125
2015-01-30,40950.578125
2015-02-03,41572.23828125
2015-02-04,41710.8203125
2015-02-05,42453.640625
2015-02-06,42715.4296875
2015-02-09,42810.2890625
2015-02-10,42635.19140625
2015-02-11,41933.26171875
2015-02-12,43045.51171875
2015-02-13,43072.421875
2015-02-16,42959.55859375
2015-02-17,43251.7890625
2015-02-18,43053.6484375
2015-02-19,43231.421875
2015-02-20,43551.26171875
2015-02-23,43675.87109375
2015-02-24,43921.55078125
2015-02-25,43802.0703125
2015-02-26,44416.48828125
2015-02-27,44190.171875
2015-03-02,43882.7109375
2015-03-03,43600.37109375
2015-03-04,43296.55078125
2015-03-05,43517.7890625
2015-03-06,43280.80859375
2015-03-09,43251.3984375
2015-03-10,42972.1484375
2015-03-11,43227.19921875
2015-03-12,44055.890625
2015-03-13,44002.2890625
2015-03-17,43761.359375
2015-03-18,44360.87109375
2015-03-19,44118.171875
2015-03-20,43968.1484375
2015-03-23,43952.7109375
2015-03-24,44051.2109375
2015-03-25,43630.9609375
2015-03-26,43229.16015625
2015-03-27,43637.96875
2015-03-30,43922.828125
2015-03-31,43724.78125
2015-04-01,44202.94140625
2015-04-06,44850.05859375
2015-04-07,44987.87109375
2015-04-08,44980.55859375
2015-04-09,44913.26953125
2015-04-10,44882.01171875
2015-04-13,44994.55859375
2015-04-14,45004.51953125
2015-04-15,45262.94140625
2015-04-16,45480.23046875
2015-04-17,45012.37109375
2015-04-20,45077.80859375
2015-04-21,45296.91015625
2015-04-22,45232.0390625
2015-04-23,45418.828125
2015-04-24,45773.30859375
2015-04-27,45512.37890625
2015-04-28,45338.359375
2015-04-29,44942.23046875
2015-04-30,44582.390625
2015-05-04,45238.46875
2015-05-05,45091.328125
2015-05-06,44853.26171875
2015-05-07,44768.80078125
2015-05-08,45125.94921875
2015-05-11,45179.96875
2015-05-12,44950.48828125
2015-05-13,45038.140625
2015-05-14,45271.4609375
2015-05-15,45332.80078125
2015-05-18,45408.33984375
2015-05-19,45311.75
2015-05-20,45283.46875
2015-05-21,45097.390625
2015-05-22,44874.0390625
2015-05-25,44852.2890625
2015-05-26,44401.3984375
2015-05-27,44682.58984375
2015-05-28,44807.30859375
2015-05-29,44703.62109375
2015-06-01,44760.1015625
2015-06-02,44931.48046875
2015-06-03,44732.71875
2015-06-04,44561.109375
2015-06-05,44561.94140625
2015-06-08,44544.05078125
2015-06-09,44519.2109375
2015-06-10,44578.28125
2015-06-11,44624.73828125
2015-06-12,44692.5
2015-06-15,44395.76171875
2015-06-16,44722.28125
2015-06-17,44792.0390625
2015-06-18,45120.7890625
2015-06-19,44973.41015625
2015-06-22,45224.98046875
2015-06-23,45454.1484375
2015-06-24,45424.94140625
2015-06-25,45377.12109375
2015-06-26,45566.328125
2015-06-29,44710.3515625
2015-06-30,45053.69921875
2015-07-01,44928.51953125
2015-07-02,45175.578125
2015-07-03,45065.46875
2015-07-06,44794.01171875
2015-07-07,45017.75
2015-07-08,44497.73828125
2015-07-09,44564.3203125
2015-07-10,44915.98046875
2015-07-13,44990.390625
2015-07-14,45136.69140625
2015-07-15,45107.12890625
2015-07-16,45344.8984375
2015-07-17,45325.37890625
2015-07-20,45567.98828125
2015-07-21,45401.23046875
2015-07-22,44670.421875
2015-07-23,44836.328125
2015-07-24,44249.48828125
2015-07-27,43713.71875
2015-07-28,44222.96875
2015-07-29,44471.2890625
2015-07-30,44373.30859375
2015-07-31,44752.9296875
2015-08-03,44903.94921875
2015-08-04,45177.98046875
2015-08-05,44937.609375
2015-08-06,44921.21875
2015-08-07,44862.140625
2015-08-10,45320.69140625
2015-08-11,44379.7890625
2015-08-12,44032.37890625
2015-08-13,43870.53125
2015-08-14,43746.71875
2015-08-17,43953.48046875
2015-08-18,43872.12109375
2015-08-19,43473.73828125
2015-08-20,43036.58984375
2015-08-21,42163.8203125
2015-08-24,41471.46875
2015-08-25,42010.890625
2015-08-26,42323.0390625
2015-08-27,43452.359375
2015-08-28,43290.859375
2015-08-31,43721.9609375
2015-09-01,42911.51171875
2015-09-02,42969.9296875
2015-09-03,43283.46875
2015-09-04,42742.859375
2015-09-07,42756.26171875
2015-09-08,43083.94140625
2015-09-09,42754.6796875
2015-09-10,42888.51171875
2015-09-11,42780.73046875
2015-09-14,42827.3515625
2015-09-15,43269.62109375
2015-09-17,43790.9296875
2015-09-18,43565.05078125
2015-09-21,43618.140625
2015-09-22,43232.05859375
2015-09-23,43042.359375
2015-09-24,42596.55859375
2015-09-25,42435.23046875
2015-09-28,41893.51171875
2015-09-29,42121.51171875
2015-09-30,42632.5390625
2015-10-01,42695.73828125
2015-10-02,42735.1484375
2015-10-05,43566.3203125
2015-10-06,43561.421875
2015-10-07,43832.03125
2015-10-08,44076.94140625
2015-10-09,44375.62109375
2015-10-12,44314.25
2015-10-13,44318.19140625
2015-10-14,44064.4296875
2015-10-15,44087.58984375
2015-10-16,44364.16015625
2015-10-19,44523.01171875
2015-10-20,44653.859375
2015-10-21,44426.0703125
2015-10-22,44627.96875
2015-10-23,45010.23828125
2015-10-26,45036.51953125
2015-10-27,44698.01171875
2015-10-28,44741.6796875
2015-10-29,44634.80859375
2015-10-30,44542.76171875
2015-11-03,45354.58984375
2015-11-04,45373.171875
2015-11-05,45195.6484375
2015-11-06,45243.8515625
2015-11-09,44479.23046875
2015-11-10,44359.890625
2015-11-11,44347.91015625
2015-11-12,44120.51953125
2015-11-13,43617.73046875
2015-11-17,44184.6484375
2015-11-18,44505.58984375
2015-11-19,44620.6015625
2015-11-20,44895.01953125
2015-11-23,44779.140625
2015-11-24,44576.23046875
2015-11-25,44138.75
2015-11-26,44374.51953125
2015-11-27,44247.98046875
2015-11-30,43418.55078125
2015-12-01,43984.8984375
2015-12-02,43417.05078125
2015-12-03,43027.30078125
2015-12-04,42994.23046875
2015-12-07,42655.23828125
2015-12-08,42236.73828125
2015-12-09,42398.05859375
2015-12-10,42447.76953125
2015-12-11,42000.62890625
2015-12-14,41901.9609375
2015-12-15,42905.19921875
2015-12-16,43429.71875
2015-12-17,43503.51953125
2015-12-18,42936.62890625
2015-12-21,43160.609375
2015-12-22,43328.71875
2015-12-23,43579.671875
2015-12-24,43528.26953125
2015-12-28,43396.16015625
2015-12-29,43391.78125
2015-12-30,43012.37109375
2015-12-31,42977.5
2016-01-04,42113.69921875
2016-01-05,42041.6796875
2016-01-06,41691.19140625
2016-01-07,40661.5703125
2016-01-08,40265.37109375
2016-01-11,40706.890625
2016-01-12,41022.73828125
2016-01-13,41008.78125
2016-01-14,41352.75
2016-01-15,40847.69921875
2016-01-18,40604.7890625
2016-01-19,40809.25
2016-01-20,40844.41015625
2016-01-21,41166.87890625
2016-01-22,41621.30859375
2016-01-25,41476.3515625
2016-01-26,41932.390625
2016-01-27,42109.890625
2016-01-28,42393.01953125
2016-01-29,43630.76953125
2016-02-02,43092.48828125
2016-02-03,43257.5390625
2016-02-04,43751.9296875
2016-02-05,43229.671875
2016-02-08,42774.8515625
2016-02-09,42399.19140625
2016-02-10,42535.73828125
2016-02-11,42359.26171875
2016-02-12,42416.44140625
2016-02-15,43205.91015625
2016-02-16,43100.3203125
2016-02-17,43585.23046875
2016-02-18,43516.66015625
2016-02-19,43375.30859375
2016-02-22,43546.71875
2016-02-23,43216.578125
2016-02-24,42744.91015625
2016-02-25,43434.55078125
2016-02-26,43473.37109375
2016-02-29,43714.9296875
2016-03-01,44214.5
2016-03-02,44615.75
2016-03-03,44742.21875
2016-03-04,44849.01953125
2016-03-07,44967.16015625
2016-03-08,44504.2890625
2016-03-09,44492.5
2016-03-10,44337.0390625
2016-03-11,44617.73828125
2016-03-14,44691.80078125
2016-03-15,44210.44140625
2016-03-16,44751.3984375
2016-03-17,45435.08984375
2016-03-18,45482.390625
2016-03-22,45632.28125
2016-03-23,45647.5703125
2016-03-28,45623.48046875
2016-03-29,45897.6484375
2016-03-30,46191.51171875
2016-03-31,45881.078125
2016-04-01,46062.921875
2016-04-04,45678.1796875
2016-04-05,45186.01171875
2016-04-06,45281.96875
2016-04-07,45052.16015625
2016-04-08,44859.48828125
2016-04-11,44760.53125
2016-04-12,45090.671875
2016-04-13,45411.30078125
2016-04-14,45403.5390625
2016-04-15,45536.51953125
2016-04-18,45022.62890625
2016-04-19,45780.1796875
2016-04-20,45650.3515625
2016-04-21,45556.6484375
2016-04-22,45613.2109375
2016-04-25,45581.19921875
2016-04-26,45416.8984375
2016-04-27,45941.51953125
2016-04-28,45528.9296875
2016-04-29,45784.76953125
2016-05-02,45707.87109375
2016-05-03,45647.8203125
2016-05-04,45349.0
2016-05-05,45147.96875
2016-05-06,45209.8515625
2016-05-09,45250.33984375
2016-05-10,45676.41015625
2016-05-11,45506.87109375
2016-05-12,45685.8203125
2016-05-13,45402.46875
2016-05-16,45843.140625
2016-05-17,45872.1796875
2016-05-18,45551.19921875
2016-05-19,45051.26953125
2016-05-20,45155.91015625
2016-05-23,45236.16015625
2016-05-24,45497.4609375
2016-05-25,45710.94140625
2016-05-26,46039.69140625
2016-05-27,46124.1484375
2016-05-30,46017.2109375
2016-05-31,45459.44921875
2016-06-01,45557.609375
2016-06-02,45508.30859375
2016-06-03,45928.23046875
2016-06-06,45857.73046875
2016-06-07,46124.62890625
2016-06-08,46263.83984375
2016-06-09,45662.7109375
2016-06-10,45177.5
2016-06-13,44930.25
2016-06-14,44570.58984375
2016-06-15,45011.21875
2016-06-16,45225.3984375
2016-06-17,45306.21875
2016-06-20,45779.66015625
2016-06-21,45705.421875
2016-06-22,45806.16015625
2016-06-23,46145.921875
2016-06-24,44885.8203125
2016-06-27,44282.03125
2016-06-28,44714.5390625
2016-06-29,45466.37109375
2016-06-30,45966.48828125
2016-07-01,46213.26953125
2016-07-04,46201.328125
2016-07-05,45819.6015625
2016-07-06,45304.75
2016-07-07,45394.37109375
2016-07-08,45744.2890625
2016-07-11,46177.609375
2016-07-12,46432.69921875
2016-07-13,46271.96875
2016-07-14,46498.51171875
2016-07-15,46713.4296875
2016-07-18,46961.25
2016-07-19,47060.5703125
2016-07-20,47505.25
2016-07-21,47364.80859375
2016-07-22,47537.28125
2016-07-25,47130.41015625
2016-07-26,46927.0
2016-07-27,46812.0703125
2016-07-28,46833.87109375
2016-07-29,46660.671875
2016-08-01,46807.23828125
2016-08-02,46558.359375
2016-08-03,46844.53125
2016-08-04,46941.4609375
2016-08-05,47194.1484375
2016-08-08,47368.6484375
2016-08-09,47630.37109375
2016-08-10,47797.69921875
2016-08-11,48341.94921875
2016-08-12,48363.890625
2016-08-15,48694.8984375
2016-08-16,48351.9609375
2016-08-17,48258.9296875
2016-08-18,48437.1015625
2016-08-19,48297.4609375
2016-08-22,48293.4609375
2016-08-23,47666.01953125
2016-08-24,47743.609375
2016-08-25,47734.19921875
2016-08-26,47369.5703125
2016-08-29,47599.12109375
2016-08-30,47650.5703125
2016-08-31,47541.3203125
2016-09-01,47563.33984375
2016-09-02,47787.98828125
2016-09-05,47842.23046875
2016-09-06,47626.98046875
2016-09-07,47398.69921875
2016-09-08,47416.96875
2016-09-09,46459.171875
2016-09-12,46720.9609375
2016-09-13,46154.19921875
2016-09-14,45767.5703125
2016-09-15,45922.91015625
2016-09-19,45871.0390625
2016-09-20,46341.328125
2016-09-21,46929.19140625
2016-09-22,47975.05078125
2016-09-23,47778.48046875
2016-09-26,47252.5390625
2016-09-27,47731.83984375
2016-09-28,48046.55859375
2016-09-29,47672.0703125
2016-09-30,47245.80078125
2016-10-03,47601.9296875
2016-10-04,47909.26953125
2016-10-05,48141.421875
2016-10-06,47944.76953125
2016-10-07,47596.6015625
2016-10-10,48264.9609375
2016-10-11,48014.3984375
2016-10-12,47915.12109375
2016-10-13,47741.5390625
2016-10-14,47701.44921875
2016-10-17,47657.328125
2016-10-18,48106.12109375
2016-10-19,48492.609375
2016-10-20,48274.25
2016-10-21,48418.3984375
2016-10-24,48431.25
2016-10-25,48093.53125
2016-10-26,47805.44140625
2016-10-27,48114.671875
2016-10-28,48007.19921875
2016-10-31,48009.28125
2016-11-01,47303.30859375
2016-11-03,46683.80078125
2016-11-04,46694.80859375
2016-11-07,48050.25
2016-11-08,48470.98828125
2016-11-09,47390.66015625
2016-11-10,45224.37890625
2016-11-11,44978.25
2016-11-14,45306.48046875
2016-11-15,45023.6484375
2016-11-16,44901.5703125
2016-11-17,44919.69140625
2016-11-18,44364.171875
2016-11-22,44838.76171875
2016-11-23,45184.078125
2016-11-24,45265.8984375
2016-11-25,45357.8515625
2016-11-28,45470.609375
2016-11-29,45372.19140625
2016-11-30,45315.9609375
2016-12-01,44884.859375
2016-12-02,44555.26171875
2016-12-05,44937.30078125
2016-12-06,45103.21875
2016-12-07,45609.8984375
2016-12-08,46360.23046875
2016-12-09,46913.46875
2016-12-13,46870.23828125
2016-12-14,46220.5390625
2016-12-15,45871.9609375
2016-12-16,45121.390625
2016-12-19,44895.2890625
2016-12-20,44930.26953125
2016-12-21,44983.03125
2016-12-22,45008.078125
2016-12-23,45173.5390625
2016-12-26,44989.578125
2016-12-27,45299.671875
2016-12-28,45563.1796875
2016-12-29,45909.30859375
2016-12-30,45642.8984375
2017-01-02,45695.1015625
2017-01-03,46123.359375
2017-01-04,46587.73828125
2017-01-05,46719.98828125
2017-01-06,46071.5703125
2017-01-09,45553.51171875
2017-01-10,45886.26953125
2017-01-11,45933.6484375
2017-01-12,46060.98046875
2017-01-13,46182.4296875
2017-01-16,45740.37890625
2017-01-17,46002.55859375
2017-01-18,46360.62890625
2017-01-19,46265.26171875
2017-01-20,46331.6015625
2017-01-23,47116.23828125
2017-01-24,48149.609375
2017-01-25,48275.828125
2017-01-26,47611.44140625
2017-01-27,47421.12109375
2017-01-30,47091.8203125
2017-01-31,47001.05859375
2017-02-01,47009.51171875
2017-02-02,47095.0703125
2017-02-03,47225.1015625
2017-02-07,46728.94921875
2017-02-08,46921.7109375
2017-02-09,47232.171875
2017-02-10,47797.0390625
2017-02-13,47661.69140625
2017-02-14,47391.23828125
2017-02-15,47161.73828125
2017-02-16,47293.8515625
2017-02-17,47164.7109375
2017-02-20,47083.80859375
2017-02-21,47614.98828125
2017-02-22,47195.6796875
2017-02-23,47206.359375
2017-02-24,47047.671875
2017-02-27,47349.19921875
2017-02-28,46856.7890625
2017-03-01,47467.94921875
2017-03-02,47288.66015625
2017-03-03,47414.5703125
2017-03-06,47883.58984375
2017-03-07,47419.16015625
2017-03-08,47539.21875
2017-03-09,47263.921875
2017-03-10,47102.30859375
2017-03-13,47101.140625
2017-03-14,47087.96875
2017-03-15,47470.30859375
2017-03-16,48056.55859375
2017-03-17,48593.44140625
2017-03-21,48589.05078125
2017-03-22,48487.30078125
2017-03-23,48676.91015625
2017-03-24,49083.8515625
2017-03-27,49312.98828125
2017-03-28,49339.23828125
2017-03-29,49036.51953125
2017-03-30,48863.30078125
2017-03-31,48541.55859375
2017-04-03,48819.0703125
2017-04-04,49342.76953125
2017-04-05,49207.609375
2017-04-06,49012.421875
2017-04-07,49343.640625
2017-04-10,49540.26171875
2017-04-11,49637.9296875
2017-04-12,48955.8203125
2017-04-17,49011.55859375
2017-04-18,48762.53125
2017-04-19,48873.83984375
2017-04-20,49144.9609375
2017-04-21,48967.828125
2017-04-24,49413.26171875
2017-04-25,49808.05078125
2017-04-26,49565.16015625
2017-04-27,49440.9609375
2017-04-28,49261.328125
2017-05-02,49588.83984375
2017-05-03,49099.98046875
2017-05-04,48998.109375
2017-05-05,49485.671875
2017-05-08,49505.859375
2017-05-09,49939.46875
2017-05-10,49930.5390625
2017-05-11,49530.53125
2017-05-12,49426.078125
2017-05-15,49678.9609375
2017-05-16,49459.62109375
2017-05-17,48747.94921875
2017-05-18,48322.23828125
2017-05-19,49067.46875
2017-05-22,48943.4609375
2017-05-23,49042.51953125
2017-05-24,49494.3984375
2017-05-25,49410.921875
2017-05-26,49688.26953125
2017-05-29,49450.48046875
2017-05-30,49277.94921875
2017-05-31,48788.44140625
2017-06-01,49101.640625
2017-06-02,49317.37890625
2017-06-05,49592.48828125
2017-06-06,49218.62109375
2017-06-07,49274.96875
2017-06-08,49087.4609375
2017-06-09,49081.73046875
2017-06-12,49128.76171875
2017-06-13,49026.828125
2017-06-14,49291.03125
2017-06-15,49139.69921875
2017-06-16,49221.03125
2017-06-19,49169.5703125
2017-06-20,49033.05078125
2017-06-21,48983.44921875
2017-06-22,49017.4296875
2017-06-23,48980.78125
2017-06-26,49165.671875
2017-06-27,49087.73828125
2017-06-28,49340.109375
2017-06-29,49198.12109375
2017-06-30,49857.48828125
2017-07-03,50109.16015625
2017-07-04,50041.578125
2017-07-05,50300.80859375
2017-07-06,50015.671875
2017-07-07,50059.01953125
2017-07-10,50616.80859375
2017-07-11,50510.23046875
2017-07-12,50809.76953125
2017-07-13,50968.76171875
2017-07-14,51162.23046875
2017-07-17,51332.2890625
2017-07-18,51099.7109375
2017-07-19,51086.9296875
2017-07-20,51144.140625
2017-07-21,51564.62109375
2017-07-24,51665.6484375
2017-07-25,51713.37890625
2017-07-26,51600.26171875
2017-07-27,51257.359375
2017-07-28,51213.6015625
2017-07-31,51011.87109375
2017-08-01,51195.01171875
2017-08-02,51200.12890625
2017-08-03,51293.0703125
2017-08-04,51328.2890625
2017-08-07,51389.26953125
2017-08-08,51328.76171875
2017-08-09,51237.5
2017-08-10,50906.83984375
2017-08-11,50645.1015625
2017-08-14,51167.46875
2017-08-15,51339.2890625
2017-08-16,51156.671875
2017-08-17,50994.1796875
2017-08-18,51075.4609375
2017-08-21,51241.109375
2017-08-22,51332.98046875
2017-08-23,51280.171875
2017-08-24,51470.05859375
2017-08-25,51373.23046875
2017-08-28,51266.71875
2017-08-29,51313.66015625
2017-08-30,51193.51953125
2017-08-31,51210.48046875
2017-09-01,51080.8515625
2017-09-04,50825.76953125
2017-09-05,50301.390625
2017-09-06,50515.6015625
2017-09-07,50249.12109375
2017-09-08,50083.80078125
2017-09-11,50359.3203125
2017-09-12,50480.9609375
2017-09-13,50164.87890625
2017-09-14,50107.859375
2017-09-15,49921.83984375
2017-09-18,50258.421875
2017-09-19,50265.4609375
2017-09-20,50363.94921875
2017-09-21,50545.75
2017-09-22,50313.51171875
2017-09-25,50368.171875
2017-09-26,50359.46875
2017-09-27,50169.12890625
2017-09-28,50137.0
2017-09-29,50346.05859375
2017-10-02,50501.16015625
2017-10-03,50615.2890625
2017-10-04,50565.2890625
2017-10-05,50480.921875
2017-10-06,50302.9609375
2017-10-09,50071.94140625
2017-10-10,49982.94140625
2017-10-11,50139.6796875
2017-10-12,49962.7890625
2017-10-13,49981.94140625
2017-10-16,49721.01171875
2017-10-17,50140.51953125
2017-10-18,49938.98046875
2017-10-19,50000.25
2017-10-20,49988.7109375
2017-10-23,49548.12890625
2017-10-24,50157.21875
2017-10-25,48876.4609375
2017-10-26,48986.83984375
2017-10-27,49209.578125
2017-10-30,48855.26953125
2017-10-31,48625.53125
2017-11-01,48334.44921875
2017-11-03,48534.83984375
2017-11-06,48967.01171875
2017-11-07,49004.51953125
2017-11-08,48835.69140625
2017-11-09,48713.51171875
2017-11-10,48028.30078125
2017-11-13,48002.4296875
2017-11-14,47873.6484375
2017-11-15,47690.80078125
2017-11-16,47747.69140625
2017-11-17,47857.140625
2017-11-21,48185.7109375
2017-11-22,48196.890625
2017-11-23,48136.23828125
2017-11-24,47941.87890625
2017-11-27,47275.3203125
2017-11-28,47229.16015625
2017-11-29,47622.9296875
2017-11-30,47092.44140625
2017-12-01,47265.30859375
2017-12-04,47161.3203125
2017-12-05,47462.7890625
2017-12-06,46973.30078125
2017-12-07,46987.01171875
2017-12-08,47572.859375
2017-12-11,47699.0390625
2017-12-13,48276.71875
2017-12-14,48222.37890625
2017-12-15,48081.55078125
2017-12-18,48634.5390625
2017-12-19,48403.03125
2017-12-20,48390.390625
2017-12-21,48503.30859375
2017-12-22,48387.9296875
2017-12-26,48451.328125
2017-12-27,48652.55859375
2017-12-28,48861.94140625
2017-12-29,49354.421875
2018-01-02,50033.94921875
2018-01-03,49782.23046875
2018-01-04,49744.62109375
2018-01-05,49887.73828125
2018-01-08,49995.5703125
2018-01-09,49701.37109375
2018-01-10,48785.25
2018-01-11,48799.390625
2018-01-12,49135.91015625
2018-01-15,49387.28125
2018-01-16,49491.71875
2018-01-17,49732.30078125
2018-01-18,49911.96875
2018-01-19,49695.55859375
2018-01-22,49974.48046875
2018-01-23,50260.25
2018-01-24,50746.9296875
2018-01-25,50777.8984375
2018-01-26,51065.48828125
2018-01-29,50636.3203125
2018-01-30,50382.859375
2018-01-31,50456.171875
2018-02-01,50591.1484375
2018-02-02,50395.828125
2018-02-06,49304.94140625
2018-02-07,48976.44921875
2018-02-08,47862.1015625
2018-02-09,47799.08984375
2018-02-12,47830.48828125
2018-02-13,47926.73046875
2018-02-14,48400.75
2018-02-15,48808.390625
2018-02-16,48882.78125
2018-02-19,48928.48046875
2018-02-20,48685.19140625
2018-02-21,48535.58984375
2018-02-22,48969.640625
2018-02-23,48643.4296875
2018-02-26,48463.44140625
2018-02-27,47970.19140625
2018-02-28,47437.9296875
2018-03-01,47599.421875
2018-03-02,47548.1015625
2018-03-05,47720.91015625
2018-03-06,47884.62890625
2018-03-07,47662.12109375
2018-03-08,48240.0
2018-03-09,48556.44921875
2018-03-12,48671.2890625
2018-03-13,48557.01171875
2018-03-14,48156.44140625
2018-03-15,47817.05078125
2018-03-16,47477.578125
2018-03-20,47076.51171875
2018-03-21,47521.83984375
2018-03-22,47361.0390625
2018-03-23,46515.9296875
2018-03-26,46858.4609375
2018-03-27,46793.578125
2018-03-28,46124.8515625
2018-04-02,45826.640625
2018-04-03,46684.05859375
2018-04-04,47457.4609375
2018-04-05,47951.75
2018-04-06,47926.109375
2018-04-09,48058.9609375
2018-04-10,48331.51171875
2018-04-11,48532.140625
2018-04-12,48782.55859375
2018-04-13,48768.30078125
2018-04-16,48434.390625
2018-04-17,48933.609375
2018-04-18,49090.73828125
2018-04-19,48745.28125
2018-04-20,48431.578125
2018-04-23,48442.21875
2018-04-24,48046.80078125
2018-04-25,48058.2109375
2018-04-26,48297.7109375
2018-04-27,48284.609375
2018-04-30,48358.16015625
2018-05-02,47809.98046875
2018-05-03,47094.12890625
2018-05-04,46992.171875
2018-05-07,46474.69921875
2018-05-08,46719.51171875
2018-05-09,46294.4296875
2018-05-10,46551.55078125
2018-05-11,46728.921875
2018-05-14,46519.2890625
2018-05-15,46258.9609375
2018-05-16,46419.76953125
2018-05-17,45787.8984375
2018-05-18,45666.76953125
2018-05-21,45305.01953125
2018-05-22,45600.87109375
2018-05-23,45776.69140625
2018-05-24,45433.08984375
2018-05-25,45091.98828125
2018-05-28,44851.05078125
2018-05-29,44647.37109375
2018-05-30,44715.87890625
2018-05-31,44662.55078125
2018-06-01,45013.12109375
2018-06-04,45243.98046875
2018-06-05,45130.69921875
2018-06-06,45181.8203125
2018-06-07,45476.5703125
2018-06-08,45939.5390625
2018-06-11,46301.140625
2018-06-12,46660.75
2018-06-13,46760.578125
2018-06-14,47197.23828125
2018-06-15,46938.8203125
2018-06-18,46660.87109375
2018-06-19,46488.37890625
2018-06-20,46759.41015625
2018-06-21,46456.91015625
2018-06-22,46737.640625
2018-06-25,46747.8515625
2018-06-26,46908.94140625
2018-06-27,46874.4296875
2018-06-28,47031.26953125
2018-06-29,47663.19921875
2018-07-02,46653.51953125
2018-07-03,47053.890625
2018-07-04,47318.51953125
2018-07-05,48562.6484375
2018-07-06,48981.41015625
2018-07-09,49235.80859375
2018-07-10,48990.921875
2018-07-11,49025.1484375
2018-07-12,48696.30078125
2018-07-13,48406.01171875
2018-07-16,48454.2109375
2018-07-17,48704.62890625
2018-07-18,49002.76953125
2018-07-19,48747.7890625
2018-07-20,48908.23828125
2018-07-23,48850.9296875
2018-07-24,49462.76953125
2018-07-25,49603.6484375
2018-07-26,49438.23828125
2018-07-27,49643.94140625
2018-07-30,49705.28125
2018-07-31,49698.01171875
2018-08-01,49449.44140625
2018-08-02,49056.0390625
2018-08-03,49302.5703125
2018-08-06,49320.2109375
2018-08-07,49963.87109375
2018-08-08,49894.55859375
2018-08-09,49244.3984375
2018-08-10,48383.58984375
2018-08-13,48767.01953125
2018-08-14,49096.12890625
2018-08-15,48556.69140625
2018-08-16,48059.05859375
2018-08-17,48264.62890625
2018-08-20,48785.48046875
2018-08-21,49344.05078125
2018-08-22,49880.33984375
2018-08-23,49749.55859375
2018-08-24,49633.76953125
2018-08-27,50416.26953125
2018-08-28,50023.98046875
2018-08-29,50187.48046875
2018-08-30,49653.140625
2018-08-31,49547.6796875
2018-09-03,49488.48046875
2018-09-04,48884.171875
2018-09-05,48595.37109375
2018-09-06,48711.8515625
2018-09-07,48971.140625
2018-09-10,48848.73828125
2018-09-11,48895.80078125
2018-09-12,49254.98046875
2018-09-13,49693.2109375
2018-09-14,49611.9296875
2018-09-17,49398.5703125
2018-09-18,49661.828125
2018-09-19,49590.7890625
2018-09-20,49510.78125
2018-09-21,49344.2890625
2018-09-24,49417.21875
2018-09-25,49651.55078125
2018-09-26,49606.0703125
2018-09-27,49646.91015625
2018-09-28,49504.16015625
2018-10-01,49841.46875
2018-10-02,49376.5
2018-10-03,49005.3515625
2018-10-04,48683.26171875
2018-10-05,48052.8515625
2018-10-08,48093.1015625
2018-10-09,48505.21875
2018-10-10,48136.1796875
2018-10-11,47558.23046875
2018-10-12,47444.05078125
2018-10-15,47739.08984375
2018-10-16,48191.5703125
2018-10-17,47887.94921875
2018-10-18,47024.4609375
2018-10-19,47437.44921875
2018-10-22,46962.73828125
2018-10-23,46449.03125
2018-10-24,45959.0390625
2018-10-25,46275.7109375
2018-10-26,45803.328125
2018-10-29,43879.12890625
2018-10-30,43538.12109375
2018-10-31,43942.55078125
2018-11-01,45446.828125
2018-11-05,46817.359375
2018-11-06,46328.3515625
2018-11-07,46917.3984375
2018-11-08,44190.25
2018-11-09,44263.73828125
2018-11-12,43310.01171875
2018-11-13,42421.328125
2018-11-14,42343.9609375
2018-11-15,41450.6484375
2018-11-16,42319.26953125
2018-11-20,41797.37109375
2018-11-21,41499.9296875
2018-11-22,41271.12109375
2018-11-23,41144.328125
2018-11-26,39427.28125
2018-11-27,39807.28125
2018-11-28,40989.48046875
2018-11-29,41913.44921875
2018-11-30,41732.78125
2018-12-03,42081.78125
2018-12-04,41865.0703125
2018-12-05,41895.26953125
2018-12-06,41987.0
2018-12-07,41870.12890625
2018-12-10,41356.0390625
2018-12-11,40897.8515625
2018-12-13,41512.51171875
2018-12-14,41312.171875
2018-12-17,40340.51171875
2018-12-18,40917.5703125
2018-12-19,41388.28125
2018-12-20,41683.26953125
2018-12-21,41468.55859375
2018-12-24,41380.109375
2018-12-26,41573.609375
2018-12-27,41417.8515625
2018-12-28,41459.1484375
2018-12-31,41640.26953125
2019-01-02,42271.140625
2019-01-03,42044.3203125
2019-01-04,42455.12890625
2019-01-07,42834.19921875
2019-01-08,43542.87109375
2019-01-09,43648.0703125
2019-01-10,43668.94921875
2019-01-11,43556.109375
2019-01-14,43397.98046875
2019-01-15,43603.62109375
2019-01-16,43819.53125
2019-01-17,43932.078125
2019-01-18,44241.5390625
2019-01-21,44028.9609375
2019-01-22,43768.078125
2019-01-23,43679.671875
2019-01-24,43566.109375
2019-01-25,43638.62109375
2019-01-28,43626.1484375
2019-01-29,43700.1015625
2019-01-30,43631.359375
2019-01-31,43987.94140625
2019-02-01,43738.26953125
2019-02-05,44337.1015625
2019-02-06,43855.7890625
2019-02-07,43624.55078125
2019-02-08,43180.44921875
2019-02-11,43285.171875
2019-02-12,43113.7890625
2019-02-13,42284.05859375
2019-02-14,42725.21875
2019-02-15,42988.71875
2019-02-18,42981.30859375
2019-02-19,42949.5
2019-02-20,43178.0
2019-02-21,43577.640625
2019-02-22,43738.66015625
2019-02-25,43664.328125
2019-02-26,43623.328125
2019-02-27,43311.1796875
2019-02-28,42823.80859375
2019-03-01,42619.23046875
2019-03-04,42418.48828125
2019-03-05,42128.91015625
2019-03-06,41908.1484375
2019-03-07,41641.83984375
2019-03-08,41586.69921875
2019-03-11,41876.171875
2019-03-12,41740.62109375
2019-03-13,41932.55859375
2019-03-14,41777.80859375
2019-03-15,42210.4609375
2019-03-19,42378.609375
2019-03-20,43156.2109375
2019-03-21,43251.19140625
2019-03-22,42259.12109375
2019-03-25,42703.37890625
2019-03-26,42826.16015625
2019-03-27,42947.55078125
2019-03-28,42942.23046875
2019-03-29,43281.28125
2019-04-01,43672.05859375
2019-04-02,43324.58984375
2019-04-03,43339.75
2019-04-04,43937.390625
2019-04-05,44989.859375
2019-04-08,45436.28125
2019-04-09,45151.62890625
2019-04-10,44909.140625
2019-04-11,44580.05859375
2019-04-12,44686.05859375
2019-04-15,44625.78125
2019-04-16,45009.359375
2019-04-17,45525.2890625
2019-04-22,45381.21875
2019-04-23,45148.3203125
2019-04-24,45045.328125
2019-04-25,45026.6796875
2019-04-26,44974.96875
2019-04-29,44956.73046875
2019-04-30,44597.3203125
2019-05-02,44312.4296875
2019-05-03,44277.23828125
2019-05-06,44116.69921875
2019-05-07,43583.6015625
2019-05-08,43410.73828125
2019-05-09,43193.359375
2019-05-10,43382.3515625
2019-05-13,43142.4609375
2019-05-14,43431.53125
2019-05-15,43338.8203125
2019-05-16,43442.48828125
2019-05-17,43445.62109375
2019-05-20,43519.21875
2019-05-21,43190.1015625
2019-05-22,42942.23046875
2019-05-23,42812.5703125
2019-05-24,42617.6015625
2019-05-27,42491.4296875
2019-05-28,42207.7109375
2019-05-29,42854.75
2019-05-30,43345.8203125
2019-05-31,42749.16015625
2019-06-03,43108.421875
2019-06-04,43241.8203125
2019-06-05,43420.37890625
2019-06-06,43147.828125
2019-06-07,43291.328125
2019-06-10,43609.171875
2019-06-11,43713.66015625
2019-06-12,43800.16015625
2019-06-13,43483.19921875
2019-06-14,43130.6484375
2019-06-17,42964.7109375
2019-06-18,43161.05078125
2019-06-19,43375.671875
2019-06-20,43645.109375
2019-06-21,43526.73046875
2019-06-24,43743.71875
2019-06-25,43792.171875
2019-06-26,43792.078125
2019-06-27,43316.55859375
2019-06-28,43161.171875
2019-07-01,43438.23828125
2019-07-02,43441.80078125
2019-07-03,43483.23046875
2019-07-04,43461.48046875
2019-07-05,43405.3203125
2019-07-08,43589.078125
2019-07-09,42818.66015625
2019-07-10,42805.609375
2019-07-11,42882.01953125
2019-07-12,42647.30859375
2019-07-15,43063.94921875
2019-07-16,42984.96875
2019-07-17,42551.5390625
2019-07-18,41618.109375
2019-07-19,41606.5390625
2019-07-22,41209.3203125
2019-07-23,40935.33984375
2019-07-24,41167.73828125
2019-07-25,40933.4296875
2019-07-26,40673.78125
2019-07-29,41276.671875
2019-07-30,41159.26953125
2019-07-31,40863.08984375
2019-08-01,40346.80078125
2019-08-02,39977.51953125
2019-08-05,39496.359375
2019-08-06,39785.62890625
2019-08-07,40432.359375
2019-08-08,40439.421875
2019-08-09,40421.28125
2019-08-12,39851.2109375
2019-08-13,39476.5
2019-08-14,38650.08984375
2019-08-15,38574.1796875
2019-08-16,39339.55078125
2019-08-19,39556.3203125
2019-08-20,39700.05078125
2019-08-21,40076.0390625
2019-08-22,40144.23828125
2019-08-23,39862.0703125
2019-08-26,40081.71875
2019-08-27,40648.96875
2019-08-28,40941.9609375
2019-08-29,41831.30078125
2019-08-30,42622.5
2019-09-02,42108.23046875
2019-09-03,41826.55078125
2019-09-04,42324.46875
2019-09-05,42731.48046875
2019-09-06,42707.66015625
2019-09-09,42662.46875
2019-09-10,42588.1015625
2019-09-11,42749.171875
2019-09-12,42670.41015625
2019-09-13,42841.4609375
2019-09-17,43448.94140625
2019-09-18,43070.33984375
2019-09-19,43017.4609375
2019-09-20,43559.44921875
2019-09-23,43507.94921875
2019-09-24,43099.328125
2019-09-25,43014.078125
2019-09-26,42984.75
2019-09-27,42857.578125
2019-09-30,43011.26953125
2019-10-01,42937.16015625
2019-10-02,42222.8984375
2019-10-03,42443.30859375
2019-10-04,43416.8984375
2019-10-07,42952.2890625
2019-10-08,42535.140625
2019-10-09,42501.921875
2019-10-10,42929.76171875
2019-10-11,43214.6015625
2019-10-14,43299.53125
2019-10-15,43244.62890625
2019-10-16,43538.48828125
2019-10-17,43479.98046875
2019-10-18,43178.62890625
2019-10-21,43405.4296875
2019-10-22,43363.5390625
2019-10-23,43546.48046875
2019-10-24,43776.6015625
2019-10-25,43389.16015625
2019-10-28,43765.48828125
2019-10-29,43851.05859375
2019-10-30,43741.62109375
2019-10-31,43337.28125
2019-11-01,43814.55078125
2019-11-04,43815.76171875
2019-11-05,43611.83984375
2019-11-06,43818.51171875
2019-11-07,44119.8984375
2019-11-08,43702.23046875
2019-11-11,43595.6015625
2019-11-12,43100.76953125
2019-11-13,43098.66015625
2019-11-14,43188.69140625
2019-11-15,43392.359375
2019-11-19,43602.25
2019-11-20,43604.69921875
2019-11-21,43255.4296875
2019-11-22,43521.859375
2019-11-25,43535.109375
2019-11-26,42852.359375
2019-11-27,43036.16015625
2019-11-28,43100.12109375
2019-11-29,42820.1796875
2019-12-02,42544.140625
2019-12-03,42294.51953125
2019-12-04,42191.921875
2019-12-05,42216.03125
2019-12-06,41938.69140625
2019-12-09,41951.58984375
2019-12-10,42633.4296875
2019-12-11,43195.19140625
2019-12-13,44254.4296875
2019-12-16,44356.21875
2019-12-17,44401.16015625
2019-12-18,45106.2890625
2019-12-19,44649.4296875
2019-12-20,44505.640625
2019-12-23,44276.8515625
2019-12-24,44157.96875
2019-12-26,44300.171875
2019-12-27,44261.51171875
2019-12-30,43657.48046875
2019-12-31,43541.01953125
2020-01-02,44437.23046875
2020-01-03,44624.8515625
2020-01-06,44495.30078125
2020-01-07,44157.80859375
2020-01-08,44470.91015625
2020-01-09,44572.171875
2020-01-10,44660.328125
2020-01-13,44847.46875
2020-01-14,44773.23828125
2020-01-15,44453.328125
2020-01-16,45303.078125
2020-01-17,45817.76171875
2020-01-20,45902.6796875
2020-01-21,45637.3203125
2020-01-22,45604.44140625
2020-01-23,45476.4296875
2020-01-24,45141.62109375
2020-01-27,44134.390625
2020-01-28,44717.94140625
2020-01-29,45132.6015625
2020-01-30,44862.76171875
2020-01-31,44108.30859375
2020-02-04,45047.0703125
2020-02-05,44782.859375
2020-02-06,44493.1484375
2020-02-07,44399.328125
2020-02-10,44290.53125
2020-02-11,45027.41015625
2020-02-12,45338.37109375
2020-02-13,45005.12109375
2020-02-14,44999.6796875
2020-02-17,45016.9609375
2020-02-18,44974.109375
2020-02-19,44901.5
2020-02-20,44774.5390625
2020-02-21,44802.5390625
2020-02-24,43818.0703125
2020-02-25,43045.6796875
2020-02-26,42737.28125
2020-02-27,41607.421875
2020-02-28,41324.30859375
2020-03-02,42167.23828125
2020-03-03,42472.25
2020-03-04,43404.76171875
2020-03-05,42344.859375
2020-03-06,41388.78125
2020-03-09,38730.55859375
2020-03-10,39565.44140625
2020-03-11,38678.55078125
2020-03-12,36636.69921875
2020-03-13,38085.05078125
2020-03-17,36862.83984375
2020-03-18,35532.73828125
2020-03-19,35143.62890625
2020-03-20,34269.51171875
2020-03-23,32964.21875
2020-03-24,34371.53125
2020-03-25,35536.69921875
2020-03-26,35706.5703125
2020-03-27,33799.48828125
2020-03-30,34199.96875
2020-03-31,34554.53125
2020-04-01,33691.87890625
2020-04-02,33590.62109375
2020-04-03,33075.41015625
2020-04-06,34381.55859375
2020-04-07,34526.30859375
2020-04-08,34567.78125
2020-04-13,34613.671875
2020-04-14,34746.390625
2020-04-15,33855.23828125
2020-04-16,33759.75
2020-04-17,34743.1015625
2020-04-20,34477.05859375
2020-04-21,33892.28125
2020-04-22,34223.8515625
2020-04-23,34240.6015625
2020-04-24,34586.8203125
2020-04-27,34968.08984375
2020-04-28,35830.80859375
2020-04-29,36870.08984375
2020-04-30,36470.109375
2020-05-04,36370.4296875
2020-05-05,36616.05859375
2020-05-06,36986.19921875
2020-05-07,36792.41015625
2020-05-08,37623.6796875
2020-05-11,37631.890625
2020-05-12,37462.890625
2020-05-13,36394.58984375
2020-05-14,36094.140625
2020-05-15,35691.390625
2020-05-18,37112.4609375
2020-05-19,35862.0390625
2020-05-20,36026.98046875
2020-05-21,35560.76171875
2020-05-22,35784.421875
2020-05-25,35832.76953125
2020-05-26,36206.859375
2020-05-27,36889.9609375
2020-05-28,36508.140625
2020-05-29,36122.73046875
2020-06-01,36980.8515625
2020-06-02,37460.44140625
2020-06-03,38290.76953125
2020-06-04,37872.890625
2020-06-05,38948.078125
2020-06-08,39954.01171875
2020-06-09,39185.66015625
2020-06-10,38266.19140625
2020-06-11,36827.359375
2020-06-12,37679.23828125
2020-06-15,37416.73828125
2020-06-16,37894.05078125
2020-06-17,37897.23828125
2020-06-18,37632.890625
2020-06-19,38404.62890625
2020-06-22,38123.55859375
2020-06-23,38217.6796875
2020-06-24,37908.37890625
2020-06-25,37734.51953125
2020-06-26,37431.94921875
2020-06-29,37769.19140625
2020-06-30,37716.4296875
2020-07-01,37619.76953125
2020-07-02,37894.078125
2020-07-03,37950.0
2020-07-06,37884.76171875
2020-07-07,37837.390625
2020-07-08,37483.87890625
2020-07-09,36795.94921875
2020-07-10,36465.4609375
2020-07-13,36389.390625
2020-07-14,36190.91015625
2020-07-15,36590.26171875
2020-07-16,36465.671875
2020-07-17,36327.83984375
2020-07-20,36323.69140625
2020-07-21,36881.671875
2020-07-22,37447.1015625
2020-07-23,37433.30078125
2020-07-24,37357.4609375
2020-07-27,37742.140625
2020-07-28,37771.2109375
2020-07-29,37720.83984375
2020-07-30,37136.78125
2020-07-31,37019.6796875
2020-08-03,37546.71875
2020-08-04,37466.94921875
2020-08-05,37901.9609375
2020-08-06,37998.33984375
2020-08-07,38005.0
2020-08-10,38289.76171875
2020-08-11,38703.58984375
2020-08-12,38634.1015625
2020-08-13,38615.62109375
2020-08-14,38949.87890625
2020-08-17,39285.8515625
2020-08-18,39087.3515625
2020-08-19,39021.921875
2020-08-20,38707.23828125
2020-08-21,38095.87890625
2020-08-24,38029.62109375
2020-08-25,38249.8984375
2020-08-26,37753.0390625
2020-08-27,37647.19140625
2020-08-28,37794.25
2020-08-31,36840.73046875
2020-09-01,37487.98828125
2020-09-02,37053.76953125
2020-09-03,36429.66015625
2020-09-04,36448.5
2020-09-07,36637.44921875
2020-09-08,36071.4296875
2020-09-09,36157.9609375
2020-09-10,36180.73828125
2020-09-11,36334.890625
2020-09-14,36881.98828125
2020-09-15,36729.1484375
2020-09-17,36130.921875
2020-09-18,36017.3515625
2020-09-21,35517.76953125
2020-09-22,35853.578125
2020-09-23,35829.578125
2020-09-24,36217.48828125
2020-09-25,36583.7109375
2020-09-28,37231.5
2020-09-29,37134.921875
2020-09-30,37458.69140625
2020-10-01,36626.109375
2020-10-02,36642.37890625
2020-10-05,36740.328125
2020-10-06,36947.87109375
2020-10-07,37418.7890625
2020-10-08,38404.05078125
2020-10-09,38478.578125
2020-10-12,38342.08984375
2020-10-13,38131.78125
2020-10-14,38025.71875
2020-10-15,38059.23046875
2020-10-16,37876.48828125
2020-10-19,37685.73828125
2020-10-20,38201.80859375
2020-10-21,38669.25
2020-10-22,38652.19140625
2020-10-23,38707.71875
2020-10-26,38245.859375
2020-10-27,38001.30859375
2020-10-28,37393.7109375
2020-10-29,36801.37109375
2020-10-30,36987.859375
2020-11-03,37466.08984375
2020-11-04,37475.76171875
2020-11-05,38399.0703125
2020-11-06,38530.5
2020-11-09,39652.51953125
2020-11-10,40404.578125
2020-11-11,40858.94921875
2020-11-12,40335.94921875
2020-11-13,40791.80859375
2020-11-17,41948.7890625
2020-11-18,42252.609375
2020-11-19,41868.8203125
2020-11-20,41905.05859375
2020-11-23,42267.19921875
2020-11-24,42736.48046875
2020-11-25,42200.58984375
2020-11-26,42412.46875
2020-11-27,41674.30078125
2020-11-30,41778.87109375
2020-12-01,42895.62890625
2020-12-02,43674.828125
2020-12-03,43934.2109375
2020-12-04,43646.03125
2020-12-07,43255.25
2020-12-08,43098.640625
2020-12-09,42736.9609375
2020-12-10,43518.7109375
2020-12-11,43612.30859375
2020-12-14,43569.83984375
2020-12-15,43543.3515625
2020-12-16,43790.421875
2020-12-17,44326.05078125
2020-12-18,43873.80859375
2020-12-21,43246.23828125
2020-12-22,42601.7109375
2020-12-23,43597.30078125
2020-12-24,43372.19921875
2020-12-28,43883.41015625
2020-12-29,44693.98828125
2020-12-30,44693.9609375
2020-12-31,44066.87890625
2021-01-04,44703.0
2021-01-05,44908.12109375
2021-01-06,45587.16015625
2021-01-07,46188.66015625
2021-01-08,46729.30078125
2021-01-11,46395.3203125
2021-01-12,45951.76953125
2021-01-13,45740.1484375
2021-01-14,46070.91015625
2021-01-15,45892.28125
2021-01-18,46458.01953125
2021-01-19,45495.41015625
2021-01-20,45125.7109375
2021-01-21,44810.2109375
2021-01-22,44683.55078125
2021-01-25,45126.51171875
2021-01-26,45053.55859375
2021-01-27,44262.01171875
2021-01-28,44280.73046875
2021-01-29,42985.73046875
2021-02-02,43848.921875
2021-02-03,43957.0703125
2021-02-04,44167.578125
2021-02-05,44145.69921875
2021-02-08,44197.51171875
2021-02-09,45020.9609375
2021-02-10,44718.23046875
2021-02-11,44060.08984375
2021-02-12,44202.51953125
2021-02-15,44157.48828125
2021-02-16,44698.58984375
2021-02-17,45061.94921875
2021-02-18,44507.94921875
2021-02-19,44900.078125
2021-02-22,44946.6015625
2021-02-23,45268.328125
2021-02-24,45151.37890625
2021-02-25,44310.26953125
2021-02-26,44592.91015625
2021-03-01,44784.578125
2021-03-02,45682.19140625
2021-03-03,46377.46875
2021-03-04,46004.19140625
2021-03-05,46342.5390625
2021-03-08,47075.41015625
2021-03-09,47103.6015625
2021-03-10,47549.671875
2021-03-11,47673.8203125
2021-03-12,47769.87109375
2021-03-16,48203.94921875
2021-03-17,47679.48828125
2021-03-18,47572.390625
2021-03-19,47028.0390625
2021-03-22,47225.44140625
2021-03-23,46659.1796875
2021-03-24,46703.140625
2021-03-25,47012.37109375
2021-03-26,47379.19140625
2021-03-29,47747.359375
2021-03-30,47905.0
2021-03-31,47246.26171875
2021-04-05,48245.8515625
2021-04-06,47985.4296875
2021-04-07,47897.83984375
2021-04-08,48188.1484375
2021-04-09,47627.671875
2021-04-12,47352.1796875
2021-04-13,47503.7109375
2021-04-14,48329.83984375
2021-04-15,48514.1015625
2021-04-16,48726.98046875
2021-04-19,48072.62109375
2021-04-20,48528.96875
2021-04-21,48867.62109375
2021-04-22,49092.30859375
2021-04-23,49091.08984375
2021-04-26,48923.9296875
2021-04-27,48812.171875
2021-04-28,48487.94140625
2021-04-29,48897.7890625
2021-04-30,48009.71875
2021-05-03,48498.640625
2021-05-04,48328.19921875
2021-05-05,48399.80078125
2021-05-06,48934.91015625
2021-05-07,49249.01953125
2021-05-10,49867.1484375
2021-05-11,49655.2890625
2021-05-12,48748.41015625
2021-05-13,48829.30859375
2021-05-14,49219.26171875
2021-05-17,49371.98046875
2021-05-18,49789.30859375
2021-05-19,49382.25
2021-05-20,49907.359375
2021-05-21,49778.80859375
2021-05-24,49457.9296875
2021-05-25,48826.94921875
2021-05-26,49103.5
2021-05-27,49627.94921875
2021-05-28,50040.73828125
2021-05-31,50885.94921875
2021-06-01,50722.3515625
2021-06-02,50749.640625
2021-06-03,50628.76953125
2021-06-04,50484.3515625
2021-06-07,51427.640625
2021-06-08,50865.2109375
2021-06-09,50823.30078125
2021-06-10,50886.328125
2021-06-11,51286.4609375
2021-06-14,51029.5390625
2021-06-15,50908.1796875
2021-06-16,50579.1015625
2021-06-17,50202.80078125
2021-06-18,50319.5703125
2021-06-21,50315.69140625
2021-06-22,50129.87890625
2021-06-23,50170.78125
2021-06-24,50558.3203125
2021-06-25,50549.859375
2021-06-28,50351.2109375
2021-06-29,50337.359375
2021-06-30,50289.75
2021-07-01,50376.890625
2021-07-02,50223.01171875
2021-07-05,50552.80078125
2021-07-06,50048.890625
2021-07-07,50052.91015625
2021-07-08,49570.87109375
2021-07-09,49768.3515625
2021-07-12,49789.12109375
2021-07-13,49274.96875
2021-07-14,49435.87890625
2021-07-15,50274.8515625
2021-07-16,50148.12890625
2021-07-19,49096.46875
2021-07-20,49256.96875
2021-07-21,50035.171875
2021-07-22,50240.51171875
2021-07-23,50268.44921875
2021-07-26,50897.7890625
2021-07-27,50910.53125
2021-07-28,51344.109375
2021-07-29,51634.6015625
2021-07-30,50868.3203125
2021-08-02,50869.48046875
2021-08-03,51633.91015625
2021-08-04,51195.4296875
2021-08-05,51134.9296875
2021-08-06,51113.8515625
2021-08-09,50900.4609375
2021-08-10,51114.16015625
2021-08-11,51311.6015625
2021-08-12,51049.69140625
2021-08-13,51490.94140625
2021-08-16,51384.91015625
2021-08-17,51576.578125
2021-08-18,51986.078125
2021-08-19,51099.359375
2021-08-20,51414.3203125
2021-08-23,52054.640625
2021-08-24,51985.0
2021-08-25,52345.390625
2021-08-26,52290.69140625
2021-08-27,52425.640625
2021-08-30,52602.0703125
2021-08-31,53304.73828125
2021-09-01,52215.5390625
2021-09-02,52087.46875
2021-09-03,51835.08984375
2021-09-06,52283.109375
2021-09-07,51950.44921875
2021-09-08,51469.71875
2021-09-09,51395.05859375
2021-09-10,51521.80078125
2021-09-13,51496.7109375
2021-09-14,51815.171875
2021-09-15,52192.328125
2021-09-17,51307.7109375
2021-09-20,50557.6484375
2021-09-21,50828.12890625
2021-09-22,51338.33984375
2021-09-23,51464.26953125
2021-09-24,51105.7109375
2021-09-27,51598.53125
2021-09-28,50925.51953125
2021-09-29,51084.609375
2021-09-30,51385.55078125
2021-10-01,51060.05078125
2021-10-04,50862.94140625
2021-10-05,51056.94140625
2021-10-06,50974.48828125
2021-10-07,50876.98046875
2021-10-08,51136.62109375
2021-10-11,51646.75
2021-10-12,51835.87890625
2021-10-13,51812.87109375
2021-10-14,52140.23828125
2021-10-15,52798.37890625
2021-10-18,52686.03125
2021-10-19,52402.73046875
2021-10-20,52298.19921875
2021-10-21,52020.05078125
2021-10-22,51889.66015625
2021-10-25,51833.80078125
2021-10-26,52206.58984375
2021-10-27,51714.6015625
2021-10-28,51248.83984375
2021-10-29,51309.83984375
2021-11-01,51653.26171875
2021-11-03,51876.80859375
2021-11-04,51873.4609375
2021-11-05,51977.9609375
2021-11-08,52251.48828125
2021-11-09,52114.12109375
2021-11-10,51704.3984375
2021-11-11,51707.01171875
2021-11-12,51432.5390625
2021-11-16,51161.5
2021-11-17,51045.1015625
2021-11-18,50831.94921875
2021-11-19,50811.30078125
2021-11-22,50497.078125
2021-11-23,51116.3203125
2021-11-24,50848.03125
2021-11-25,50625.0
2021-11-26,49492.51953125
2021-11-29,49796.30078125
2021-11-30,49698.71875
2021-12-01,50007.16015625
2021-12-02,50927.37890625
2021-12-03,50597.2890625
2021-12-06,50605.55859375
2021-12-07,50918.28125
2021-12-08,51056.26953125
2021-12-09,51238.01953125
2021-12-10,51213.48046875
2021-12-13,50419.171875
2021-12-14,51241.46875
2021-12-15,51163.66015625
2021-12-16,51384.05859375
2021-12-17,52379.37109375
2021-12-20,51623.859375
2021-12-21,52085.28125
2021-12-22,52403.05078125
2021-12-23,52650.91015625
2021-12-24,52853.37890625
2021-12-27,53259.55859375
2021-12-28,53238.48046875
2021-12-29,52748.9296875
2021-12-30,53175.25
2021-12-31,53272.44140625
2022-01-03,52941.01171875
2022-01-04,53016.78125
2022-01-05,53024.1484375
2022-01-06,53055.30859375
2022-01-07,53202.109375
2022-01-10,52835.76171875
2022-01-11,53061.921875
2022-01-12,53951.140625
2022-01-13,53930.44921875
2022-01-14,53744.921875
2022-01-17,53973.26953125
2022-01-18,53232.19921875
2022-01-19,52823.23046875
2022-01-20,52508.3515625
2022-01-21,51599.37890625
2022-01-24,50890.58984375
2022-01-25,51104.390625
2022-01-26,51037.05078125
2022-01-27,50466.01953125
2022-01-28,50661.859375
2022-01-31,51330.8515625
2022-02-01,51782.671875
2022-02-02,52023.26953125
2022-02-03,51145.109375
2022-02-04,51255.30859375
2022-02-08,52294.578125
2022-02-09,52761.91015625
2022-02-10,52599.578125
2022-02-11,53229.26171875
2022-02-14,52334.73046875
2022-02-15,53210.94140625
2022-02-16,53680.859375
2022-02-17,52712.05859375
2022-02-18,52281.53125
2022-02-21,52025.1796875
2022-02-22,52600.44921875
2022-02-23,51362.94921875
2022-02-24,51454.05078125
2022-02-25,52555.6015625
2022-02-28,53400.609375
2022-03-01,53168.8203125
2022-03-02,53300.66015625
2022-03-03,53528.01171875
2022-03-04,53322.05078125
2022-03-07,52312.609375
2022-03-08,53288.23046875
2022-03-09,53911.76171875
2022-03-10,53387.62109375
2022-03-11,53300.69921875
2022-03-14,52807.62109375
2022-03-15,53010.01171875
2022-03-16,53411.87890625
2022-03-17,54364.51171875
2022-03-18,55467.05859375
2022-03-22,55722.48046875
2022-03-23,55154.6796875
2022-03-24,55829.859375
2022-03-25,55436.05078125
2022-03-28,55685.140625
2022-03-29,56111.2109375
2022-03-30,55814.98828125
2022-03-31,56536.6796875
2022-04-01,56609.5390625
2022-04-04,56313.2109375
2022-04-05,55547.2890625
2022-04-06,55438.73046875
2022-04-07,55280.58984375
2022-04-08,54687.25
2022-04-11,54463.828125
2022-04-12,53907.25
2022-04-13,54172.62109375
2022-04-18,54139.69140625
2022-04-19,54633.76171875
2022-04-20,53831.0390625
2022-04-21,53267.30859375
2022-04-22,53191.78125
2022-04-25,52640.828125
2022-04-26,52512.7109375
2022-04-27,52351.2109375
2022-04-28,52614.171875
2022-04-29,51417.96875
2022-05-02,51887.46875
2022-05-03,51066.55859375
2022-05-04,51432.62890625
2022-05-05,50529.94921875
2022-05-06,49541.80859375
2022-05-09,49057.4609375
2022-05-10,49115.859375
2022-05-11,49276.23046875
2022-05-12,49309.3203125
2022-05-13,49579.8984375
2022-05-16,50563.98046875
2022-05-17,51464.03125
2022-05-18,50394.03125
2022-05-19,51289.91015625
2022-05-20,51518.30078125
2022-05-23,51376.890625
2022-05-24,51304.0390625
2022-05-25,51717.0703125
2022-05-26,52143.0
2022-05-27,52463.55078125
2022-05-30,52162.078125
2022-05-31,51752.53125
2022-06-01,51506.1484375
2022-06-02,50971.37890625
2022-06-03,50689.05078125
2022-06-06,50060.53125
2022-06-07,50139.19921875
2022-06-08,49819.30078125
2022-06-09,49290.21875
2022-06-10,48471.51953125
2022-06-13,48445.30078125
2022-06-14,48164.46875
2022-06-15,48344.96875
2022-06-16,47558.51171875
2022-06-17,48016.23046875
2022-06-20,47780.71875
2022-06-21,48104.37890625
2022-06-22,47144.359375
2022-06-23,46657.87890625
2022-06-24,47741.5
2022-06-27,48294.828125
2022-06-28,48435.44921875
2022-06-29,48061.609375
2022-06-30,47524.44921875
2022-07-01,47743.1484375
2022-07-04,48036.37890625
2022-07-05,47503.21875
2022-07-06,47722.2890625
2022-07-07,47374.37890625
2022-07-08,47582.109375
2022-07-11,47369.890625
2022-07-12,47651.51953125
2022-07-13,47461.3515625
2022-07-14,46741.30859375
2022-07-15,47075.87109375
2022-07-18,46923.19921875
2022-07-19,47259.23046875
2022-07-20,47132.48828125
2022-07-21,47416.37109375
2022-07-22,47264.859375
2022-07-25,47202.640625
2022-07-26,46674.30078125
2022-07-27,46842.921875
2022-07-28,48112.26953125
2022-07-29,48144.328125
2022-08-01,47384.55859375
2022-08-02,46902.69140625
2022-08-03,46989.609375
2022-08-04,46916.171875
2022-08-05,46723.4296875
2022-08-08,47354.859375
2022-08-09,47241.80859375
2022-08-10,47808.2109375
2022-08-11,48460.55078125
2022-08-12,48853.37109375
2022-08-15,48638.359375
2022-08-16,48801.6796875
2022-08-17,48734.0390625
2022-08-18,48729.80078125
2022-08-19,48463.26171875
2022-08-22,48016.609375
2022-08-23,47974.03125
2022-08-24,47449.73046875
2022-08-25,47724.23828125
2022-08-26,47272.109375
2022-08-29,46322.1015625
2022-08-30,45922.05078125
2022-08-31,44919.21875
2022-09-01,45383.8515625
2022-09-02,45888.62890625
2022-09-05,46026.078125
2022-09-06,45902.890625
2022-09-07,46056.96875
2022-09-08,46283.33984375
2022-09-09,47042.94140625
2022-09-12,47860.48046875
2022-09-13,47039.73828125
2022-09-14,46745.1484375
2022-09-15,46769.78125
2022-09-19,46793.58984375
2022-09-20,47068.53125
2022-09-21,46992.51171875
2022-09-22,46324.921875
2022-09-23,45395.94140625
2022-09-26,44808.55859375
2022-09-27,45006.109375
2022-09-28,45442.2109375
2022-09-29,45102.55078125
2022-09-30,44626.80078125
2022-10-03,45429.75
2022-10-04,46046.578125
2022-10-05,45845.828125
2022-10-06,46326.6796875
2022-10-07,45728.87109375
2022-10-10,45457.12109375
2022-10-11,45792.98828125
2022-10-12,45679.83984375
2022-10-13,45766.94140625
2022-10-14,45443.3515625
2022-10-17,46220.71875
2022-10-18,46309.23046875
2022-10-19,46217.44140625
2022-10-20,46315.41015625
2022-10-21,47120.078125
2022-10-24,47765.23828125
2022-10-25,48641.26953125
2022-10-26,49327.109375
2022-10-27,48892.55859375
2022-10-28,49086.30078125
2022-10-31,49922.30078125
2022-11-01,50864.8515625
2022-11-03,50215.87109375
2022-11-04,51173.75
2022-11-07,50760.171875
2022-11-08,50888.46875
2022-11-09,50545.76171875
2022-11-10,51031.7109375
2022-11-11,51959.19921875
2022-11-14,51785.12890625
2022-11-15,51655.6796875
2022-11-16,51544.94140625
2022-11-17,51360.87109375
2022-11-18,51569.71875
2022-11-22,51760.5390625
2022-11-23,51993.94921875
2022-11-24,51979.01171875
2022-11-25,51668.640625
2022-11-28,51081.328125
2022-11-29,50174.05859375
2022-11-30,51684.859375
2022-12-01,51457.55078125
2022-12-02,51234.37109375
2022-12-05,50799.4609375
2022-12-06,51020.6484375
2022-12-07,50725.9609375
2022-12-08,51078.69921875
2022-12-09,50466.25
2022-12-13,50333.1015625
2022-12-14,50047.69921875
2022-12-15,49342.33984375
2022-12-16,49630.1484375
2022-12-19,49946.1015625
2022-12-20,50139.421875
2022-12-21,50426.26171875
2022-12-22,50097.21875
2022-12-23,50578.08984375
2022-12-26,50273.890625
2022-12-27,50440.01953125
2022-12-28,49648.2109375
2022-12-29,49517.859375
2022-12-30,48463.859375
2023-01-02,48993.23828125
2023-01-03,49050.4609375
2023-01-04,50161.26953125
2023-01-05,50805.2109375
2023-01-06,51730.5
2023-01-09,52280.05078125
2023-01-10,52344.01953125
2023-01-11,53209.0
2023-01-12,53593.859375
2023-01-13,53576.71875
2023-01-16,53631.890625
2023-01-17,53128.96875
2023-01-18,53218.828125
2023-01-19,53382.6484375
2023-01-20,53947.0390625
2023-01-23,54341.25
2023-01-24,54870.5
2023-01-25,54871.359375
2023-01-26,55164.01171875
2023-01-27,54774.91015625
2023-01-30,54521.4296875
2023-01-31,54564.26953125
2023-02-01,55018.91015625
2023-02-02,53874.91015625
2023-02-03,54049.05078125
2023-02-07,53335.51171875
2023-02-08,53125.01171875
2023-02-09,52801.4296875
2023-02-10,52482.01953125
2023-02-13,53050.828125
2023-02-14,52663.12109375
2023-02-15,53422.23828125
2023-02-16,54015.8203125
2023-02-17,53789.640625
2023-02-20,53908.55078125
2023-02-21,53239.94921875
2023-02-22,53180.98828125
2023-02-23,53085.7109375
2023-02-24,52686.23828125
2023-02-27,53013.62109375
2023-02-28,52758.05859375
2023-03-01,53473.4609375
2023-03-02,53329.53125
2023-03-03,54182.26953125
2023-03-06,53924.19140625
2023-03-07,53068.73046875
2023-03-08,53388.66015625
2023-03-09,53426.76953125
2023-03-10,52794.53125
2023-03-13,53012.25
2023-03-14,52691.66015625
2023-03-15,52085.6015625
2023-03-16,52505.69921875
2023-03-17,51925.609375
2023-03-21,52652.6484375
2023-03-22,52550.3984375
2023-03-23,52827.9296875
2023-03-24,52771.12109375
2023-03-27,52851.421875
2023-03-28,53209.1015625
2023-03-29,53882.94921875
2023-03-30,54198.94140625
2023-03-31,53904.0
2023-04-03,53896.3515625
2023-04-04,54176.01171875
2023-04-05,53498.390625
2023-04-10,54246.53125
2023-04-11,54604.62890625
2023-04-12,54333.12109375
2023-04-13,54695.78125
2023-04-14,54460.05859375
2023-04-17,54778.9296875
2023-04-18,54385.51953125
2023-04-19,54308.08984375
2023-04-20,54293.7109375
2023-04-21,54175.28125
2023-04-24,54713.69921875
2023-04-25,54371.08984375
2023-04-26,54023.3203125
2023-04-27,54442.171875
2023-04-28,55121.21875
2023-05-02,55179.4296875
2023-05-03,54947.01171875
2023-05-04,54667.2109375
2023-05-05,54937.390625
2023-05-08,55033.12109375
2023-05-09,55452.73046875
2023-05-10,55534.6796875
2023-05-11,55014.16015625
2023-05-12,54948.33984375
2023-05-15,55261.421875
2023-05-16,55180.96875
2023-05-17,55067.37109375
2023-05-18,55263.109375
2023-05-19,54296.05078125
2023-05-22,53466.3203125
2023-05-23,53123.21875
2023-05-24,53393.3984375
2023-05-25,53744.6796875
2023-05-26,54025.44921875
2023-05-29,54212.671875
2023-05-30,53341.8515625
2023-05-31,52736.26171875
2023-06-01,52724.03125
2023-06-02,53232.7109375
2023-06-05,53536.05078125
2023-06-06,54432.19140625
2023-06-07,54291.44140625
2023-06-08,54338.1796875
2023-06-09,54512.140625
2023-06-12,54278.12109375
2023-06-13,54574.75
2023-06-14,55145.4296875
2023-06-15,55344.25
2023-06-16,54842.51171875
2023-06-19,54931.05859375
2023-06-20,54365.6796875
2023-06-21,54063.91015625
2023-06-22,53563.30859375
2023-06-23,53341.91015625
2023-06-26,53335.73828125
2023-06-27,53926.91015625
2023-06-28,53460.05859375
2023-06-29,53585.21875
2023-06-30,53526.1015625
2023-07-03,54399.1015625
2023-07-04,53930.859375
2023-07-05,54039.66015625
2023-07-06,53407.69921875
2023-07-07,53904.2890625
2023-07-10,53655.3515625
2023-07-11,54138.140625
2023-07-12,53956.7109375
2023-07-13,54244.01171875
2023-07-14,53770.80078125
2023-07-17,53623.26953125
2023-07-18,54036.26953125
2023-07-19,53740.16015625
2023-07-20,53561.37109375
2023-07-21,53702.16015625
2023-07-24,53518.91015625
2023-07-25,54013.578125
2023-07-26,54502.08984375
2023-07-27,54753.390625
2023-07-28,54945.26953125
2023-07-31,54819.05078125
2023-08-01,54210.62109375
2023-08-02,53283.55859375
2023-08-03,53445.08984375
2023-08-04,53991.421875
2023-08-07,54032.828125
2023-08-08,53663.01953125
2023-08-09,54220.73828125
2023-08-10,53889.03125
2023-08-11,53242.16015625
2023-08-14,53291.44140625
2023-08-15,53585.0703125
2023-08-16,53827.7109375
2023-08-17,53201.44140625
2023-08-18,53194.390625
2023-08-21,53109.76171875
2023-08-22,53127.9296875
2023-08-23,53635.33984375
2023-08-24,53109.828125
2023-08-25,53191.53125
2023-08-28,53442.640625
2023-08-29,54261.328125
2023-08-30,54390.73828125
2023-08-31,53020.98046875
2023-09-01,53145.359375
2023-09-04,53030.51953125
2023-09-05,52932.5
2023-09-06,52971.19140625
2023-09-07,52482.96875
2023-09-08,52505.109375
2023-09-11,52267.48828125
2023-09-12,51860.44921875
2023-09-13,51522.1796875
2023-09-14,51755.6796875
2023-09-15,51351.6015625
2023-09-18,51685.30859375
2023-09-19,52219.76171875
2023-09-20,52507.23046875
2023-09-21,51954.01171875
2023-09-22,51677.48046875
2023-09-25,51367.4609375
2023-09-26,51107.80078125
2023-09-27,51427.26953125
2023-09-28,51554.94921875
2023-09-29,50874.98046875
2023-10-02,51260.37109375
2023-10-03,50366.390625
2023-10-04,50732.69140625
2023-10-05,49454.58984375
2023-10-06,49666.5
2023-10-09,49297.1484375
2023-10-10,50289.859375
2023-10-11,50344.73828125
2023-10-12,49745.16015625
2023-10-13,49379.578125
2023-10-16,49823.078125
2023-10-17,49666.01171875
2023-10-18,49274.78125
2023-10-19,48804.609375
2023-10-20,48275.91015625
2023-10-23,48197.87890625
2023-10-24,48278.80078125
2023-10-25,48766.328125
2023-10-26,49182.37109375
2023-10-27,48973.8515625
2023-10-30,49277.359375
2023-10-31,49061.87890625
2023-11-01,49787.83984375
2023-11-03,51266.73046875
2023-11-06,51633.62890625
2023-11-07,51209.8515625
2023-11-08,51016.30078125
2023-11-09,51071.03125
2023-11-10,51258.23828125
2023-11-13,51090.91015625
2023-11-14,52511.37109375
2023-11-15,52796.46875
2023-11-16,52469.359375
2023-11-17,52685.1015625
2023-11-21,52504.2890625
2023-11-22,52670.01171875
2023-11-23,53059.5390625
2023-11-24,52938.421875
2023-11-27,52220.48828125
2023-11-28,52359.0
2023-11-29,52792.80859375
2023-11-30,54060.01171875
2023-12-01,53901.4296875
2023-12-04,54053.62890625
2023-12-05,54120.91015625
2023-12-06,54100.37109375
2023-12-07,54456.78125
2023-12-08,54393.01171875
2023-12-11,54439.12109375
2023-12-13,55167.859375
2023-12-14,57036.421875
2023-12-15,57130.078125
2023-12-18,57732.80859375
2023-12-19,57694.33984375
2023-12-20,56909.37109375
2023-12-21,57487.69921875
2023-12-22,57313.46875
2023-12-26,57745.7890625
2023-12-27,57554.46875
2023-12-28,57464.421875
2023-12-29,57386.25
2024-01-02,56980.44140625
2024-01-03,55726.640625
2024-01-04,55406.9609375
2024-01-05,56192.78125
2024-01-08,56175.671875
2024-01-09,55105.578125
2024-01-10,55318.671875
2024-01-11,55438.75
2024-01-12,55607.0703125
2024-01-15,55501.109375
2024-01-16,55124.578125
2024-01-17,54711.69140625
2024-01-18,54707.890625
2024-01-19,55452.1015625
2024-01-22,54667.609375
2024-01-23,55502.8984375
2024-01-24,55419.55078125
2024-01-25,56160.0703125
2024-01-26,56855.87890625
2024-01-29,57175.73046875
2024-01-30,57537.140625
2024-01-31,57372.76171875
2024-02-01,57828.078125
2024-02-02,58226.76953125
2024-02-06,58645.421875
2024-02-07,58711.87109375
2024-02-08,57762.44140625
2024-02-09,57327.5
2024-02-12,57418.55078125
2024-02-13,56906.98828125
2024-02-14,57248.46875
2024-02-15,57251.890625
2024-02-16,57132.109375
2024-02-19,57490.05078125
2024-02-20,57227.671875
2024-02-21,57021.03125
2024-02-22,57148.73046875
2024-02-23,56659.80078125
2024-02-26,56194.71875
2024-02-27,56241.03125
2024-02-28,55350.609375
2024-02-29,55414.0
2024-03-01,55536.3203125
2024-03-04,55462.48828125
2024-03-05,55476.25
2024-03-06,55284.51171875
2024-03-07,55049.48828125
2024-03-08,54935.98828125
2024-03-11,55076.12109375
2024-03-12,54898.94921875
2024-03-13,55848.71875
2024-03-14,56059.26171875
2024-03-15,56228.3984375
2024-03-19,55548.0703125
2024-03-20,56618.01171875
2024-03-21,56657.44140625
2024-03-22,56610.5390625
2024-03-25,56552.5390625
2024-03-26,57209.69921875
2024-03-27,57369.01171875
2024-04-01,57653.23046875
2024-04-02,57581.80859375
2024-04-03,57503.390625
2024-04-04,57882.76171875
2024-04-05,58092.44140625
2024-04-08,57989.94140625
2024-04-09,57571.1484375
2024-04-10,56636.5390625
2024-04-11,56830.3203125
2024-04-12,56565.921875
2024-04-15,55984.0
2024-04-16,55797.25
2024-04-17,55415.69140625
2024-04-18,55739.4296875
2024-04-19,55862.8515625
2024-04-22,56551.8984375
2024-04-23,56633.75
2024-04-24,56463.98828125
2024-04-25,57071.78125
2024-04-26,57833.8515625
2024-04-29,57827.859375
2024-04-30,56727.98046875
2024-05-02,56677.05078125
2024-05-03,57135.26171875
2024-05-06,57282.94921875
2024-05-07,57108.3203125
2024-05-08,57081.0
2024-05-09,57846.078125
2024-05-10,57718.0390625
2024-05-13,57731.12109375
2024-05-14,57231.73828125
2024-05-15,57454.6484375
2024-05-16,57462.171875
2024-05-17,57583.078125
2024-05-20,57393.28125
2024-05-21,56760.71875
2024-05-22,56432.03125
2024-05-23,55918.37890625
2024-05-24,55413.12109375
2024-05-27,55452.87890625
2024-05-28,55184.94921875
2024-05-29,55212.640625
2024-05-30,55352.55859375
2024-05-31,55179.23828125
2024-06-03,51807.55078125
2024-06-04,53485.62109375
2024-06-05,54410.51171875
2024-06-06,54477.25
2024-06-07,52977.3203125
2024-06-10,53122.578125
2024-06-11,53134.05859375
2024-06-12,52975.890625
2024-06-13,52275.6484375
2024-06-14,52222.94140625
2024-06-17,52397.19921875
2024-06-18,53191.25
2024-06-19,53323.37109375
2024-06-20,53333.03125
2024-06-21,52788.5
2024-06-24,52512.91015625
2024-06-25,52604.05078125
2024-06-26,52468.01171875
2024-06-27,52310.9609375
2024-06-28,52440.01953125
2024-07-01,52883.96875
2024-07-02,51947.890625
2024-07-03,52796.26171875
2024-07-04,52654.8515625
2024-07-05,52333.16015625
2024-07-08,52907.69140625
2024-07-09,53331.80859375
2024-07-10,54279.87890625
2024-07-11,54422.58984375
2024-07-12,54953.109375
2024-07-15,54311.98828125
2024-07-16,54378.19140625
2024-07-17,53744.78125
2024-07-18,53043.0
2024-07-19,53678.51953125
2024-07-22,54006.921875
2024-07-23,53707.73828125
2024-07-24,53168.41015625
2024-07-25,52931.87109375
2024-07-26,52819.578125
2024-07-29,52515.78125
2024-07-30,52325.421875
2024-07-31,53136.83984375
2024-08-01,52417.48046875
2024-08-02,52242.37890625
2024-08-05,51776.48046875
2024-08-06,52399.62890625
2024-08-07,52680.8984375
2024-08-08,52876.55078125
2024-08-09,53051.5390625
2024-08-12,53040.3515625
2024-08-13,53674.19921875
2024-08-14,53718.94921875
2024-08-15,54264.921875
2024-08-16,54083.78125
2024-08-19,54104.6796875
2024-08-20,53991.05859375
2024-08-21,53864.73046875
2024-08-22,53316.19921875
2024-08-23,53490.921875
2024-08-26,53171.30859375
2024-08-27,52474.30859375
2024-08-28,52439.87109375
2024-08-29,53138.9609375
2024-08-30,52913.5
2024-09-02,52493.37890625
2024-09-03,51589.421875
2024-09-04,51811.37109375
2024-09-05,51661.48046875
2024-09-06,51083.44140625
2024-09-09,51136.05078125
2024-09-10,50973.109375
2024-09-11,51195.76171875
2024-09-12,51999.73046875
2024-09-13,52016.8515625
2024-09-17,52273.53125
2024-09-18,52582.890625
2024-09-19,52918.0390625
2024-09-20,52190.48046875
2024-09-23,52422.23828125
2024-09-24,53653.94921875
2024-09-25,53190.9296875
2024-09-26,53590.51953125
2024-09-27,52778.171875
2024-09-30,52477.30078125
2024-10-02,52199.66015625
2024-10-03,51674.5390625
2024-10-04,52609.87109375
2024-10-07,52039.87109375
2024-10-08,51764.640625
2024-10-09,51869.140625
2024-10-10,52391.2890625
2024-10-11,52395.66015625
2024-10-14,52000.58984375
2024-10-15,52377.78125
2024-10-16,52483.62109375
2024-10-17,52463.66015625
2024-10-18,53027.421875
2024-10-21,52814.8203125
2024-10-22,52368.69140625
2024-10-23,52142.12890625
2024-10-24,51795.55859375
2024-10-25,51784.328125
2024-10-28,51816.30078125
2024-10-29,51166.2890625
2024-10-30,50877.23828125
2024-10-31,50661.05078125
2024-11-01,50622.390625
2024-11-04,50882.5390625
2024-11-05,50831.51171875
2024-11-06,51732.4609375
2024-11-07,52311.078125
2024-11-08,51845.171875
2024-11-11,51449.4296875
2024-11-12,51096.640625
2024-11-13,50747.62890625
2024-11-14,50553.30859375
2024-11-15,50469.3984375
2024-11-19,50222.3984375
2024-11-20,50168.87890625
2024-11-21,50174.640625
2024-11-22,50430.01953125
2024-11-25,50207.1796875
2024-11-26,49721.8515625
2024-11-27,49787.8203125
2024-11-28,49941.26953125
2024-11-29,49812.640625
2024-12-02,50414.171875
2024-12-03,50828.05859375
2024-12-04,51249.80078125
2024-12-05,51756.83984375
2024-12-06,51348.80078125
2024-12-09,52190.6796875
2024-12-10,51377.28125
2024-12-11,51284.2109375
2024-12-13,51619.75
2024-12-16,50849.4296875
2024-12-17,50500.33984375
2024-12-18,49968.44140625
2024-12-19,49254.46875
2024-12-20,49586.2109375
2024-12-23,49450.890625
2024-12-24,49316.62109375
2024-12-26,49535.578125
2024-12-27,49290.578125
2024-12-30,48837.71875
2024-12-31,49513.26953125
2025-01-02,49765.19921875
2025-01-03,48957.23828125
2025-01-06,49493.55859375
2025-01-07,50085.5
2025-01-08,49634.26171875
2025-01-09,49807.9609375
2025-01-10,49596.69921875
2025-01-13,49829.96875
2025-01-14,49844.0
2025-01-15,50242.83984375
2025-01-16,49948.1484375
2025-01-17,49940.890625
2025-01-20,50201.3203125
2025-01-21,50450.26171875
2025-01-22,50944.578125
2025-01-23,51054.91015625
2025-01-24,51357.30859375
2025-01-27,51687.44921875
2025-01-28,51535.9609375
2025-01-29,51555.78125
2025-01-30,52050.25
2025-01-31,51209.53125
2025-02-04,51889.75
2025-02-05,51570.19140625
2025-02-06,52674.7890625
2025-02-07,52817.75
2025-02-10,52928.12109375
2025-02-11,53451.640625
2025-02-12,54065.71875
2025-02-13,54160.109375
2025-02-14,54077.94140625
2025-02-17,54291.640625
2025-02-18,54476.73828125
2025-02-19,54096.51171875
2025-02-20,54303.9296875
2025-02-21,53738.75
2025-02-24,53704.44921875
2025-02-25,53050.328125
2025-02-26,53296.7109375
2025-02-27,52607.609375
2025-02-28,52325.73046875
2025-03-03,52081.58984375
2025-03-04,52384.71875
2025-03-05,52709.3984375
2025-03-06,52816.4296875
2025-03-07,52839.62890625
2025-03-10,51726.87890625
2025-03-11,51510.6796875
2025-03-12,52041.01171875
2025-03-13,51877.12109375
2025-03-14,52484.28125
2025-03-18,52773.3203125
2025-03-19,53060.76171875
2025-03-20,53100.828125
2025-03-21,52672.421875
2025-03-24,52674.83984375
2025-03-25,53203.26171875
2025-03-26,52806.890625
2025-03-27,53477.73828125
2025-03-28,53172.96875
2025-03-31,52484.4296875
2025-04-01,53337.8984375
2025-04-02,53800.9296875
2025-04-03,54089.28125
2025-04-04,51452.73046875
2025-04-07,50458.3203125
2025-04-08,50316.58984375
2025-04-09,52527.671875
2025-04-10,51514.8203125
2025-04-11,51498.8984375
2025-04-14,52391.3515625
2025-04-15,52643.0390625
2025-04-16,53018.5703125
2025-04-21,53758.75
2025-04-22,54777.83984375
2025-04-23,55766.578125
2025-04-24,56382.0
2025-04-25,56720.12109375
2025-04-28,56980.12890625
2025-04-29,55613.4296875
2025-04-30,56259.28125
2025-05-02,55811.98828125
2025-05-05,55835.98828125
2025-05-06,57349.828125
2025-05-07,57954.390625
2025-05-08,56866.76171875
2025-05-09,56551.1796875
2025-05-12,56765.578125
2025-05-13,57357.5390625
2025-05-14,57644.94140625
2025-05-15,57959.71875
2025-05-16,57987.140625
2025-05-19,58493.390625
2025-05-20,58311.1484375
2025-05-21,58568.01171875
2025-05-22,57894.8203125
2025-05-23,58410.37109375
2025-05-26,58459.16015625
2025-05-27,58593.828125
2025-05-28,58735.859375
2025-05-29,58614.41015625
2025-05-30,57841.69140625
2025-06-02,57705.48046875
2025-06-03,57639.0703125
2025-06-04,57484.51953125
2025-06-05,57777.48828125
2025-06-06,58061.41015625
2025-06-09,57813.37890625
2025-06-10,58098.51171875
2025-06-11,57767.328125
2025-06-12,57829.73828125
2025-06-13,57438.5703125
2025-06-16,57046.8515625
2025-06-17,56676.8203125
2025-06-18,56729.5703125
2025-06-19,56068.16015625
2025-06-20,56264.69140625
2025-06-23,56080.05859375
2025-06-24,56743.28125
2025-06-25,56933.19140625
2025-06-26,57474.19140625
2025-06-27,57391.51171875
2025-06-30,57450.87890625
2025-07-01,57813.8203125
2025-07-02,58346.71875
2025-07-03,57890.98828125
2025-07-04,57977.76171875
2025-07-07,57423.3984375
2025-07-08,57183.3203125
2025-07-09,56687.5390625
2025-07-10,56739.8984375
2025-07-11,56593.6484375
2025-07-14,56362.671875
2025-07-15,56482.91015625
2025-07-16,56503.0390625
2025-07-17,56714.921875
2025-07-18,56273.44921875
2025-07-21,55841.30078125
2025-07-22,55517.80859375
2025-07-23,56478.8984375
2025-07-24,57035.8984375
2025-07-25,57323.140625
2025-07-28,57083.55859375
2025-07-29,57820.78125
2025-07-30,57395.8515625
2025-07-31,57397.9296875
2025-08-01,56900.0703125
2025-08-04,56650.26171875
2025-08-05,57071.55859375
2025-08-06,57154.21875
2025-08-07,58260.87890625
2025-08-08,58070.171875
2025-08-11,58342.87109375
2025-08-12,58675.0390625
2025-08-13,58477.5703125
2025-08-14,58167.26953125
2025-08-15,58320.48046875
2025-08-18,58319.69921875
2025-08-19,58462.7890625
2025-08-20,58221.46875
2025-08-21,58663.96875
2025-08-22,59225.48046875
2025-08-25,58492.12890625
2025-08-26,58132.3984375
2025-08-27,58647.51953125
2025-08-28,59151.6796875
2025-08-29,58708.859375
2025-09-01,58865.03125
2025-09-02,59747.87890625
2025-09-03,59651.5703125
2025-09-04,59867.62109375
2025-09-05,60479.76171875
2025-09-08,60649.76171875
2025-09-09,60679.53125
2025-09-10,60489.19140625
2025-09-11,61553.578125
2025-09-12,61798.94140625
2025-09-15,62102.12890625
2025-09-17,61596.23046875
2025-09-18,61323.94921875
2025-09-19,61200.26953125
2025-09-22,62004.109375
2025-09-23,62368.19140625
2025-09-24,61905.94921875
2025-09-25,61945.0390625
2025-09-26,62307.0703125
2025-09-29,62610.12109375
2025-09-30,62915.5703125
2025-10-01,61929.71875
2025-10-02,62220.30859375
2025-10-03,61984.4296875
2025-10-06,60404.19140625
2025-10-07,60215.75
2025-10-08,60888.55859375
2025-10-09,60819.30859375
2025-10-10,60568.9296875
2025-10-13,61045.08984375
2025-10-14,60785.62109375
2025-10-15,61637.5390625
2025-10-16,62544.55859375
2025-10-17,61743.921875
2025-10-20,61672.3515625
2025-10-21,60773.78125
2025-10-22,61308.19921875
2025-10-23,61511.94921875
2025-10-24,61145.48828125
2025-10-27,61860.30078125
2025-10-28,62795.23828125
2025-10-29,63352.8515625
2025-10-30,62889.859375
2025-10-31,62769.1796875
2025-11-03,62653.890625
2025-11-04,62390.73046875
2025-11-05,63378.51171875
2025-11-06,63093.12109375
2025-11-07,63376.12890625
2025-11-10,63094.01171875
2025-11-11,64321.26953125
2025-11-12,63190.66015625
2025-11-13,62529.44140625
2025-11-14,62328.62890625
2025-11-18,61984.44921875
2025-11-19,62080.578125
2025-11-20,61672.19140625
2025-11-21,61877.26953125
2025-11-24,62522.609375
2025-11-25,63214.55859375
2025-11-26,63242.7109375
2025-11-27,62694.73046875
2025-11-28,63596.78125
2025-12-01,63551.12890625
2025-12-02,63820.609375
2025-12-03,63597.44140625
2025-12-04,63714.859375
2025-12-05,63378.30078125
2025-12-08,63528.0
2025-12-09,63694.6796875
2025-12-10,63409.3984375
2025-12-11,64712.0703125
2025-12-15,64326.16015625
2025-12-16,63230.87109375
2025-12-17,62528.05859375
2025-12-18,63807.3203125
2025-12-19,63966.98046875
2025-12-22,64778.1796875
2025-12-23,65595.40625
2025-12-24,65616.4296875
2025-12-26,65636.359375
2025-12-29,65347.078125
2025-12-30,64366.69921875
2025-12-31,64308.2890625
2026-01-02,64141.359375
2026-01-05,65014.37109375
2026-01-06,65022.23828125
2026-01-07,64871.69921875
2026-01-08,65521.01171875
2026-01-09,66062.6171875
2026-01-12,66745.609375
2026-01-13,66337.421875
2026-01-14,67403.078125
2026-01-15,66649.28125
2026-01-16,67141.109375
2026-01-19,67467.8203125
2026-01-20,67683.3828125
2026-01-21,68036.1328125
2026-01-22,68347.9765625
2026-01-23,68195.1484375
2026-01-26,68706.03125
2026-01-27,68877.640625
2026-01-28,69959.7265625
2026-01-29,69492.4296875
2026-01-30,67598.953125
2026-02-03,69735.0625
2026-02-04,68730.6875
2026-02-05,68858.28125
2026-02-06,70809.5703125
2026-02-09,71509.453125
2026-02-10,71271.5625
2026-02-11,71601.3515625
2026-02-12,70888.0390625
2026-02-13,71478.8125
2026-02-16,71353.2890625
2026-02-17,71155.6875
2026-02-18,70885.21875
2026-02-19,70845.65625
2026-02-20,71436.546875
2026-02-23,70633.7734375
2026-02-24,70934.8203125
2026-02-25,71144.3515625
2026-02-26,71390.1015625
2026-02-27,71405.7734375
2026-03-02,70584.75
2026-03-03,68436.2578125
2026-03-04,70428.03125
2026-03-05,68379.421875
2026-03-06,67313.5
2026-03-09,66890.2734375
2026-03-10,67397.9375
2026-03-11,67559.78125
2026-03-12,66085.8125
2026-03-13,65648.90625
2026-03-17,66196.921875
2026-03-18,65779.2265625
2026-03-19,65199.3984375
2026-03-20,64134.8984375
2026-03-23,64370.94921875
2026-03-24,65775.140625
2026-03-25,68187.6015625
2026-03-26,67061.34375
2026-03-27,66685.7578125
2026-03-30,67087.640625
2026-03-31,68610.71875
2026-04-01,69702.0234375
2026-04-06,68986.6328125
2026-04-07,68529.21875
2026-04-08,70221.7578125
2026-04-09,70314.1875
2026-04-10,70023.390625
2026-04-13,69595.1328125
2026-04-14,68941.4609375
2026-04-15,69634.7109375
2026-04-16,69095.0234375
2026-04-17,69825.9375
2026-04-20,70083.7265625
2026-04-21,68809.171875
2026-04-22,68836.921875
2026-04-23,68631.15625
2026-04-24,69230.5625
2026-04-27,67992.359375
2026-04-28,67269.2890625
2026-04-29,67097.0625
2026-04-30,67858.09375
2026-05-04,67283.6015625
2026-05-05,68590.5703125
2026-05-06,69855.2265625
2026-05-07,70019.453125
2026-05-08,69855.578125
2026-05-11,70246.296875
2026-05-12,70036.65625
2026-05-13,70187.453125
2026-05-14,69206.8515625
2026-05-15,67976.5
2026-05-18,68405.203125
2026-05-19,68555.6328125
2026-05-20,68893.9296875
2026-05-21,68384.40625
2026-05-22,68333.46875
2026-05-25,68261.171875
2026-05-26,69197.5703125
2026-05-27,70021.3515625
2026-05-28,68866.28125
2026-05-29,68587.7421875
2026-06-01,68137.03125
2026-06-02,68890.328125
2026-06-03,68285.8203125
2026-06-04,67392.1875
2026-06-05,66141.3828125
2026-06-08,65698.1015625
2026-06-09,65409.48046875
2026-06-10,64821.609375
2026-06-11,66977.046875
2026-06-12,67954.546875
2026-06-15,68207.6015625
2026-06-16,68482.9375
2026-06-17,68304.7265625
2026-06-18,68265.109375
2026-06-19,67705.3671875
2026-06-22,67125.2578125
2026-06-23,66848.421875
2026-06-24,66278.0078125
2026-06-25,67416.21875
2026-06-26,67226.0078125
2026-06-29,67640.59375
2026-06-30,66966.6796875
2026-07-01,67247.7890625
2026-07-02,67071.109375
2026-07-03,67060.4921875
2026-07-06,67466.4609375
2026-07-07,66674.703125
2026-07-08,66609.640625
2026-07-09,66107.28125
2026-07-10,66496.1015625
2026-07-13,65973.078125
2026-07-14,66514.296875
2026-07-15,66399.7109375
2026-07-16,66356.09375
2026-07-17,66634.2265625
2026-07-20,66122.78125
2026-07-21,66713.828125
2026-07-22,67303.828125
2026-07-23,66266.0078125
2026-07-24,66383.2578125
2026-07-27,67157.90625
2026-07-28,67307.5390625
2026-07-29,66479.890625
2026-07-30,67290.3984375
2026-07-31,66936.9921875
2026-08-03,66697.21875
2026-08-04,66833.15625
2026-08-05,66525.1796875
2026-08-06,66396.1484375
2026-08-07,66938.640625
2026-08-10,66438.578125
2026-08-11,65564.7578125
2026-08-12,65755.96875
2026-08-13,64826.390625
2026-08-14,64397.44921875
2026-08-17,64254.98046875
2026-08-18,63933.69140625
2026-08-19,63999.26171875
2026-08-20,64349.80078125
2026-08-21,65729.1796875
2026-08-24,65770.8515625
2026-08-25,66293.0703125
2026-08-26,66191.109375
2026-08-27,65829.9765625
2026-08-28,65484.3203125
2026-08-31,65430.3203125
2026-09-01,64514.25
2026-09-02,64884.28125
2026-09-03,65436.16015625
2026-09-04,64866.609375
2026-09-07,64727.5390625
2026-09-08,65065.55859375
2026-09-09,64814.96875
2026-09-10,64106.8203125
2026-09-11,63924.76953125
2026-09-14,64216.98046875
2026-09-15,63507.109375
2026-09-17,63873.3203125
2026-09-18,63375.9296875
2026-09-21,63536.9609375
2026-09-22,64456.58984375
2026-09-23,64276.71875
2026-09-24,64264.16015625
2026-09-25,64992.23046875
2026-09-28,64944.41015625
