date,close
2009-06-01,268.4200134277344
2009-06-02,268.989990234375
2009-06-03,264.3699951171875
2009-06-04,263.79998779296875
2009-06-05,266.92999267578125
2009-06-08,262.3900146484375
2009-06-09,263.0299987792969
2009-06-10,266.9599914550781
2009-06-11,268.1099853515625
2009-06-12,265.4800109863281
2009-06-15,258.260009765625
2009-06-16,257.010009765625
2009-06-17,251.22999572753906
2009-06-18,253.52000427246094
2009-06-19,257.1600036621094
2009-06-22,249.08999633789062
2009-06-23,248.69000244140625
2009-06-24,254.6300048828125
2009-06-25,254.1199951171875
2009-06-26,254.42999267578125
2009-06-29,258.239990234375
2009-06-30,254.7100067138672
2009-07-01,260.2900085449219
2009-07-02,252.69000244140625
2009-07-03,253.6999969482422
2009-07-06,249.63999938964844
2009-07-07,249.0399932861328
2009-07-08,244.6300048828125
2009-07-09,247.11000061035156
2009-07-10,243.1999969482422
2009-07-13,249.7899932861328
2009-07-14,251.91000366210938
2009-07-15,260.82000732421875
2009-07-16,263.4800109863281
2009-07-17,266.3999938964844
2009-07-20,269.4800109863281
2009-07-21,270.67999267578125
2009-07-22,271.19000244140625
2009-07-23,276.1499938964844
2009-07-24,276.1499938964844
2009-07-27,278.1400146484375
2009-07-28,274.239990234375
2009-07-29,277.32000732421875
2009-07-30,283.82000732421875
2009-07-31,283.1700134277344
2009-08-03,287.489990234375
2009-08-04,286.9100036621094
2009-08-05,285.239990234375
2009-08-06,288.1099853515625
2009-08-07,290.5
2009-08-10,288.6099853515625
2009-08-11,284.1700134277344
2009-08-12,288.95001220703125
2009-08-13,290.0199890136719
2009-08-14,288.0199890136719
2009-08-17,282.010009765625
2009-08-18,284.4599914550781
2009-08-19,284.04998779296875
2009-08-20,288.1199951171875
2009-08-21,294.489990234375
2009-08-24,297.8800048828125
2009-08-25,300.0299987792969
2009-08-26,298.6400146484375
2009-08-27,296.8999938964844
2009-08-28,300.20001220703125
2009-08-31,296.2699890136719
2009-09-01,291.0
2009-09-02,289.04998779296875
2009-09-03,289.010009765625
2009-09-04,293.1600036621094
2009-09-07,298.4100036621094
2009-09-08,300.80999755859375
2009-09-09,304.25
2009-09-10,305.9700012207031
2009-09-11,308.0
2009-09-14,306.8999938964844
2009-09-15,308.3699951171875
2009-09-16,312.760009765625
2009-09-17,313.8800048828125
2009-09-18,313.6300048828125
2009-09-21,311.3399963378906
2009-09-22,312.7200012207031
2009-09-23,313.3599853515625
2009-09-24,308.5199890136719
2009-09-25,305.6300048828125
2009-09-28,311.8999938964844
2009-09-29,312.1199951171875
2009-09-30,311.3500061035156
2009-10-01,305.739990234375
2009-10-02,299.29998779296875
2009-10-05,301.2200012207031
2009-10-06,309.2799987792969
2009-10-07,309.2099914550781
2009-10-08,314.760009765625
2009-10-09,315.54998779296875
2009-10-12,320.7099914550781
2009-10-13,319.5299987792969
2009-10-14,325.4700012207031
2009-10-15,325.19000244140625
2009-10-16,322.30999755859375
2009-10-19,327.0299987792969
2009-10-20,324.9200134277344
2009-10-21,325.5
2009-10-22,320.69000244140625
2009-10-23,320.1400146484375
2009-10-26,312.6499938964844
2009-10-27,311.1300048828125
2009-10-28,303.2900085449219
2009-10-29,309.6499938964844
2009-10-30,302.3599853515625
2009-11-02,302.82000732421875
2009-11-03,300.1099853515625
2009-11-04,305.8800048828125
2009-11-05,307.8299865722656
2009-11-06,307.1400146484375
2009-11-09,314.4599914550781
2009-11-10,313.260009765625
2009-11-11,317.9700012207031
2009-11-12,317.05999755859375
2009-11-13,317.3699951171875
2009-11-16,322.1600036621094
2009-11-17,321.0799865722656
2009-11-18,319.4200134277344
2009-11-19,313.30999755859375
2009-11-20,310.0299987792969
2009-11-23,317.0400085449219
2009-11-24,315.8599853515625
2009-11-25,318.239990234375
2009-11-26,306.7200012207031
2009-11-27,309.5199890136719
2009-11-30,305.8999938964844
2009-12-01,315.44000244140625
2009-12-02,316.44000244140625
2009-12-03,317.6099853515625
2009-12-04,321.1300048828125
2009-12-07,320.25
2009-12-08,315.42999267578125
2009-12-09,312.8800048828125
2009-12-10,317.69000244140625
2009-12-11,320.1400146484375
2009-12-14,322.510009765625
2009-12-15,325.19000244140625
2009-12-16,328.6099853515625
2009-12-17,326.67999267578125
2009-12-18,324.6300048828125
2009-12-21,330.510009765625
2009-12-22,332.4800109863281
2009-12-23,332.8299865722656
2009-12-24,333.6000061035156
2009-12-28,336.1099853515625
2009-12-29,337.2799987792969
2009-12-30,335.1400146484375
2009-12-31,335.3299865722656
2010-01-04,343.0299987792969
2010-01-05,342.0199890136719
2010-01-06,341.4800109863281
2010-01-07,340.54998779296875
2010-01-08,341.94000244140625
2010-01-11,340.5199890136719
2010-01-12,336.7699890136719
2010-01-13,338.17999267578125
2010-01-14,340.6099853515625
2010-01-15,337.989990234375
2010-01-18,339.0299987792969
2010-01-19,341.6099853515625
2010-01-20,336.29998779296875
2010-01-21,332.1700134277344
2010-01-22,329.4800109863281
2010-01-25,328.510009765625
2010-01-26,329.6499938964844
2010-01-27,327.260009765625
2010-01-28,323.95001220703125
2010-01-29,327.8999938964844
2010-02-01,331.30999755859375
2010-02-02,334.0400085449219
2010-02-03,333.0299987792969
2010-02-04,323.2300109863281
2010-02-05,315.0400085449219
2010-02-08,316.5
2010-02-09,317.05999755859375
2010-02-10,316.1000061035156
2010-02-11,316.79998779296875
2010-02-12,315.739990234375
2010-02-15,315.8599853515625
2010-02-16,318.8399963378906
2010-02-17,323.1300048828125
2010-02-18,324.29998779296875
2010-02-19,325.6000061035156
2010-02-22,325.1199951171875
2010-02-23,320.989990234375
2010-02-24,320.9200134277344
2010-02-25,314.8500061035156
2010-02-26,317.739990234375
2010-03-01,324.3699951171875
2010-03-02,328.239990234375
2010-03-03,331.8599853515625
2010-03-04,332.45001220703125
2010-03-05,338.67999267578125
2010-03-08,338.1700134277344
2010-03-09,339.0899963378906
2010-03-10,340.9700012207031
2010-03-11,339.0199890136719
2010-03-12,339.57000732421875
2010-03-15,335.1099853515625
2010-03-16,339.260009765625
2010-03-17,343.05999755859375
2010-03-18,341.95001220703125
2010-03-19,338.6499938964844
2010-03-22,338.1300048828125
2010-03-23,341.510009765625
2010-03-24,341.739990234375
2010-03-25,345.6099853515625
2010-03-26,343.80999755859375
2010-03-29,343.9599914550781
2010-03-30,343.6000061035156
2010-03-31,344.2200012207031
2010-04-01,351.44000244140625
2010-04-06,355.6099853515625
2010-04-07,353.8900146484375
2010-04-08,350.8900146484375
2010-04-09,355.8900146484375
2010-04-12,355.3399963378906
2010-04-13,354.42999267578125
2010-04-14,356.6700134277344
2010-04-15,355.57000732421875
2010-04-16,349.75
2010-04-19,348.57000732421875
2010-04-20,354.8599853515625
2010-04-21,353.6600036621094
2010-04-22,351.30999755859375
2010-04-23,353.3800048828125
2010-04-26,357.42999267578125
2010-04-27,349.1199951171875
2010-04-28,344.54998779296875
2010-04-29,348.4599914550781
2010-04-30,345.9100036621094
2010-05-03,346.94000244140625
2010-05-04,335.8599853515625
2010-05-05,330.7799987792969
2010-05-06,326.19000244140625
2010-05-07,312.3500061035156
2010-05-10,335.239990234375
2010-05-11,333.4800109863281
2010-05-12,336.8999938964844
2010-05-13,337.79998779296875
2010-05-14,327.239990234375
2010-05-17,326.57000732421875
2010-05-18,331.0
2010-05-19,321.45001220703125
2010-05-20,314.8599853515625
2010-05-21,313.4100036621094
2010-05-24,313.57000732421875
2010-05-25,305.0299987792969
2010-05-26,312.0
2010-05-27,321.1600036621094
2010-05-28,320.6400146484375
2010-05-31,320.70001220703125
2010-06-01,321.2099914550781
2010-06-02,322.55999755859375
2010-06-03,327.0299987792969
2010-06-04,321.2200012207031
2010-06-07,317.5400085449219
2010-06-08,314.8299865722656
2010-06-09,320.6300048828125
2010-06-10,325.4200134277344
2010-06-11,325.55999755859375
2010-06-14,331.45001220703125
2010-06-15,333.82000732421875
2010-06-16,334.760009765625
2010-06-17,335.260009765625
2010-06-18,336.05999755859375
2010-06-21,341.0400085449219
2010-06-22,339.79998779296875
2010-06-23,335.1099853515625
2010-06-24,329.2200012207031
2010-06-25,325.989990234375
2010-06-28,330.4599914550781
2010-06-29,319.0299987792969
2010-06-30,316.80999755859375
2010-07-01,307.8699951171875
2010-07-02,308.20001220703125
2010-07-05,306.2699890136719
2010-07-06,314.42999267578125
2010-07-07,317.55999755859375
2010-07-08,322.6199951171875
2010-07-09,324.4200134277344
2010-07-12,326.55999755859375
2010-07-13,333.760009765625
2010-07-14,335.0299987792969
2010-07-15,329.760009765625
2010-07-16,323.989990234375
2010-07-19,322.0
2010-07-20,320.4599914550781
2010-07-21,326.3599853515625
2010-07-22,335.20001220703125
2010-07-23,337.1400146484375
2010-07-26,337.82000732421875
2010-07-27,338.0799865722656
2010-07-28,335.0299987792969
2010-07-29,332.1300048828125
2010-07-30,330.6400146484375
2010-08-02,339.6600036621094
2010-08-03,339.0
2010-08-04,339.20001220703125
2010-08-05,336.57000732421875
2010-08-06,331.19000244140625
2010-08-09,335.8900146484375
2010-08-10,333.1400146484375
2010-08-11,324.989990234375
2010-08-12,324.1199951171875
2010-08-13,323.9200134277344
2010-08-16,323.1400146484375
2010-08-17,328.45001220703125
2010-08-18,327.6700134277344
2010-08-19,322.3699951171875
2010-08-20,318.0199890136719
2010-08-23,318.5400085449219
2010-08-24,313.3900146484375
2010-08-25,311.7200012207031
2010-08-26,314.2200012207031
2010-08-27,317.0400085449219
2010-08-30,315.54998779296875
2010-08-31,316.4700012207031
2010-09-01,325.5199890136719
2010-09-02,326.57000732421875
2010-09-03,329.3500061035156
2010-09-06,330.5299987792969
2010-09-07,327.760009765625
2010-09-08,331.42999267578125
2010-09-09,334.5899963378906
2010-09-10,334.9599914550781
2010-09-13,337.2699890136719
2010-09-14,336.7300109863281
2010-09-15,335.8599853515625
2010-09-16,334.6700134277344
2010-09-17,334.5400085449219
2010-09-20,339.80999755859375
2010-09-21,338.94000244140625
2010-09-22,334.3500061035156
2010-09-23,332.82000732421875
2010-09-24,337.8500061035156
2010-09-27,337.1700134277344
2010-09-28,338.1700134277344
2010-09-29,335.8500061035156
2010-09-30,334.3900146484375
2010-10-01,333.7799987792969
2010-10-04,330.3999938964844
2010-10-05,335.0299987792969
2010-10-06,336.9700012207031
2010-10-07,337.6700134277344
2010-10-08,336.5299987792969
2010-10-11,337.0400085449219
2010-10-12,335.0899963378906
2010-10-13,341.7200012207031
2010-10-14,341.3299865722656
2010-10-15,341.45001220703125
2010-10-18,341.7200012207031
2010-10-19,339.1499938964844
2010-10-20,339.7099914550781
2010-10-21,341.9200134277344
2010-10-22,341.07000732421875
2010-10-25,342.5299987792969
2010-10-26,340.760009765625
2010-10-27,337.989990234375
2010-10-28,338.1000061035156
2010-10-29,337.2300109863281
2010-11-01,339.3500061035156
2010-11-02,342.0199890136719
2010-11-03,339.04998779296875
2010-11-04,345.1499938964844
2010-11-05,346.8999938964844
2010-11-08,346.69000244140625
2010-11-09,347.739990234375
2010-11-10,346.0899963378906
2010-11-11,344.8299865722656
2010-11-12,343.20001220703125
2010-11-15,345.5299987792969
2010-11-16,339.2099914550781
2010-11-17,341.5
2010-11-18,346.2699890136719
2010-11-19,344.5799865722656
2010-11-22,342.4200134277344
2010-11-23,334.82000732421875
2010-11-24,337.20001220703125
2010-11-25,338.7699890136719
2010-11-26,336.260009765625
2010-11-29,329.6700134277344
2010-11-30,327.4100036621094
2010-12-01,335.79998779296875
2010-12-02,341.45001220703125
2010-12-03,342.19000244140625
2010-12-06,342.3399963378906
2010-12-07,346.2099914550781
2010-12-08,346.7200012207031
2010-12-09,349.3800048828125
2010-12-10,350.2099914550781
2010-12-13,351.29998779296875
2010-12-14,351.82000732421875
2010-12-15,350.7900085449219
2010-12-16,351.8800048828125
2010-12-17,352.04998779296875
2010-12-20,353.1499938964844
2010-12-21,356.1400146484375
2010-12-22,356.1700134277344
2010-12-23,356.2099914550781
2010-12-24,355.9200134277344
2010-12-27,355.57000732421875
2010-12-28,356.69000244140625
2010-12-29,358.32000732421875
2010-12-30,356.3599853515625
2011-01-03,359.8599853515625
2011-01-04,358.8599853515625
2011-01-05,357.2799987792969
2011-01-06,356.8900146484375
2011-01-07,356.44000244140625
2011-01-10,354.2099914550781
2011-01-11,358.29998779296875
2011-01-12,362.4100036621094
2011-01-13,360.7900085449219
2011-01-14,361.32000732421875
2011-01-17,361.0799865722656
2011-01-18,363.7300109863281
2011-01-19,357.9599914550781
2011-01-20,356.1400146484375
2011-01-21,361.04998779296875
2011-01-24,360.989990234375
2011-01-25,358.760009765625
2011-01-26,362.04998779296875
2011-01-27,364.3299865722656
2011-01-28,361.1600036621094
2011-01-31,360.75
2011-02-01,367.1099853515625
2011-02-02,367.3900146484375
2011-02-03,364.8900146484375
2011-02-04,365.510009765625
2011-02-07,369.8500061035156
2011-02-08,371.1099853515625
2011-02-09,369.17999267578125
2011-02-10,370.6099853515625
2011-02-11,369.6499938964844
2011-02-14,370.1700134277344
2011-02-15,370.510009765625
2011-02-16,371.489990234375
2011-02-17,372.989990234375
2011-02-18,374.19000244140625
2011-02-21,370.9200134277344
2011-02-22,368.8299865722656
2011-02-23,365.239990234375
2011-02-24,363.7300109863281
2011-02-25,366.7699890136719
2011-02-28,369.1300048828125
2011-03-01,367.95001220703125
2011-03-02,364.8599853515625
2011-03-03,367.6000061035156
2011-03-04,367.95001220703125
2011-03-07,366.0799865722656
2011-03-08,366.3800048828125
2011-03-09,366.25
2011-03-10,362.1400146484375
2011-03-11,359.07000732421875
2011-03-14,356.32000732421875
2011-03-15,348.0899963378906
2011-03-16,343.20001220703125
2011-03-17,349.260009765625
2011-03-18,350.4100036621094
2011-03-21,356.70001220703125
2011-03-22,356.3800048828125
2011-03-23,359.739990234375
2011-03-24,363.3900146484375
2011-03-25,364.6499938964844
2011-03-28,364.57000732421875
2011-03-29,365.9100036621094
2011-03-30,367.8699951171875
2011-03-31,365.6199951171875
2011-04-01,369.45001220703125
2011-04-04,369.010009765625
2011-04-05,368.9599914550781
2011-04-06,369.6400146484375
2011-04-07,367.3900146484375
2011-04-08,366.94000244140625
2011-04-11,366.4700012207031
2011-04-12,360.7699890136719
2011-04-13,362.760009765625
2011-04-14,359.4800109863281
2011-04-15,359.0
2011-04-18,352.67999267578125
2011-04-19,353.1700134277344
2011-04-20,359.8699951171875
2011-04-21,359.010009765625
2011-04-26,359.54998779296875
2011-04-27,359.7099914550781
2011-04-28,359.489990234375
2011-04-29,359.94000244140625
2011-05-02,361.55999755859375
2011-05-03,360.4200134277344
2011-05-04,355.9100036621094
2011-05-05,354.82000732421875
2011-05-06,359.1199951171875
2011-05-09,355.92999267578125
2011-05-10,361.04998779296875
2011-05-11,360.54998779296875
2011-05-12,357.5199890136719
2011-05-13,354.8599853515625
2011-05-16,352.29998779296875
2011-05-17,347.7200012207031
2011-05-18,349.1000061035156
2011-05-19,350.8399963378906
2011-05-20,348.239990234375
2011-05-23,342.4599914550781
2011-05-24,343.20001220703125
2011-05-25,344.9100036621094
2011-05-26,344.4700012207031
2011-05-27,346.05999755859375
2011-05-30,346.20001220703125
2011-05-31,349.44000244140625
2011-06-01,345.95001220703125
2011-06-02,340.6400146484375
2011-06-03,340.239990234375
2011-06-06,339.17999267578125
2011-06-07,338.92999267578125
2011-06-08,335.6499938964844
2011-06-09,338.0400085449219
2011-06-10,333.8299865722656
2011-06-13,334.0299987792969
2011-06-14,337.5199890136719
2011-06-15,334.0400085449219
2011-06-16,332.3500061035156
2011-06-17,333.1099853515625
2011-06-20,331.6400146484375
2011-06-21,336.1400146484375
2011-06-22,334.1700134277344
2011-06-23,328.57000732421875
2011-06-24,328.739990234375
2011-06-27,328.510009765625
2011-06-28,329.8999938964844
2011-06-29,335.2799987792969
2011-06-30,339.6499938964844
2011-07-01,342.82000732421875
2011-07-04,343.5
2011-07-05,343.1000061035156
2011-07-06,341.6199951171875
2011-07-07,345.1600036621094
2011-07-08,342.4800109863281
2011-07-11,336.1600036621094
2011-07-12,332.1199951171875
2011-07-13,332.9800109863281
2011-07-14,330.4599914550781
2011-07-15,329.489990234375
2011-07-18,323.1700134277344
2011-07-19,326.1700134277344
2011-07-20,330.6499938964844
2011-07-21,336.8599853515625
2011-07-22,338.6000061035156
2011-07-25,337.2699890136719
2011-07-26,336.739990234375
2011-07-27,333.1000061035156
2011-07-28,332.55999755859375
2011-07-29,329.2200012207031
2011-08-01,324.5899963378906
2011-08-02,320.0
2011-08-03,310.69000244140625
2011-08-04,300.8500061035156
2011-08-05,296.3500061035156
2011-08-08,283.3599853515625
2011-08-09,287.04998779296875
2011-08-10,277.2699890136719
2011-08-11,282.7900085449219
2011-08-12,291.8999938964844
2011-08-15,293.70001220703125
2011-08-16,291.510009765625
2011-08-17,292.6499938964844
2011-08-18,279.5799865722656
2011-08-19,274.1499938964844
2011-08-22,276.3699951171875
2011-08-23,278.32000732421875
2011-08-24,281.5799865722656
2011-08-25,278.489990234375
2011-08-26,276.6000061035156
2011-08-29,281.260009765625
2011-08-30,283.6400146484375
2011-08-31,292.92999267578125
2011-09-01,293.9599914550781
2011-09-02,286.42999267578125
2011-09-05,274.45001220703125
2011-09-06,273.3299865722656
2011-09-07,281.04998779296875
2011-09-08,283.3900146484375
2011-09-09,276.1000061035156
2011-09-12,268.4800109863281
2011-09-13,270.04998779296875
2011-09-14,273.55999755859375
2011-09-15,278.5199890136719
2011-09-16,281.7300109863281
2011-09-19,274.6300048828125
2011-09-20,279.5400085449219
2011-09-21,275.67999267578125
2011-09-22,263.44000244140625
2011-09-23,264.7200012207031
2011-09-26,269.8299865722656
2011-09-27,282.0400085449219
2011-09-28,278.30999755859375
2011-09-29,283.9800109863281
2011-09-30,280.17999267578125
2011-10-03,275.6400146484375
2011-10-04,270.05999755859375
2011-10-05,278.0899963378906
2011-10-06,285.80999755859375
2011-10-07,288.30999755859375
2011-10-10,293.3399963378906
2011-10-11,292.8800048828125
2011-10-12,300.1400146484375
2011-10-13,297.3900146484375
2011-10-14,302.4100036621094
2011-10-17,299.239990234375
2011-10-18,298.67999267578125
2011-10-19,301.67999267578125
2011-10-20,299.010009765625
2011-10-21,305.70001220703125
2011-10-24,308.32000732421875
2011-10-25,304.9800109863281
2011-10-26,303.8399963378906
2011-10-27,315.45001220703125
2011-10-28,313.010009765625
2011-10-31,307.5
2011-11-01,296.19000244140625
2011-11-02,298.2099914550781
2011-11-03,304.5
2011-11-04,301.9700012207031
2011-11-07,299.75
2011-11-08,303.9800109863281
2011-11-09,294.3999938964844
2011-11-10,294.32000732421875
2011-11-11,300.9800109863281
2011-11-14,296.8999938964844
2011-11-15,292.92999267578125
2011-11-16,294.4700012207031
2011-11-17,290.2099914550781
2011-11-18,288.010009765625
2011-11-21,278.8399963378906
2011-11-22,276.9100036621094
2011-11-23,272.7900085449219
2011-11-24,271.6099853515625
2011-11-25,274.3699951171875
2011-11-28,285.07000732421875
2011-11-29,287.54998779296875
2011-11-30,299.67999267578125
2011-12-01,296.9700012207031
2011-12-02,300.7699890136719
2011-12-05,305.1000061035156
2011-12-06,304.79998779296875
2011-12-07,304.30999755859375
2011-12-08,299.7900085449219
2011-12-09,304.5799865722656
2011-12-12,297.3900146484375
2011-12-13,298.55999755859375
2011-12-14,292.1499938964844
2011-12-15,294.6199951171875
2011-12-16,294.0299987792969
2011-12-19,293.8999938964844
2011-12-20,301.7900085449219
2011-12-21,300.79998779296875
2011-12-22,305.17999267578125
2011-12-23,307.7900085449219
2011-12-27,309.3699951171875
2011-12-28,306.760009765625
2011-12-29,310.760009765625
2011-12-30,312.4700012207031
2012-01-03,318.0400085449219
2012-01-04,314.5299987792969
2012-01-05,311.9200134277344
2012-01-06,311.1099853515625
2012-01-09,311.760009765625
2012-01-10,315.5
2012-01-11,311.6499938964844
2012-01-12,310.29998779296875
2012-01-13,309.2799987792969
2012-01-16,313.2300109863281
2012-01-17,315.6400146484375
2012-01-18,315.5199890136719
2012-01-19,320.4800109863281
2012-01-20,320.30999755859375
2012-01-23,323.0199890136719
2012-01-24,320.9700012207031
2012-01-25,319.44000244140625
2012-01-26,322.82000732421875
2012-01-27,319.3599853515625
2012-01-30,315.6300048828125
2012-01-31,318.4700012207031
2012-02-01,325.1499938964844
2012-02-02,323.05999755859375
2012-02-03,326.3299865722656
2012-02-06,325.05999755859375
2012-02-07,325.9700012207031
2012-02-08,325.3299865722656
2012-02-09,325.1199951171875
2012-02-10,320.0899963378906
2012-02-13,322.6099853515625
2012-02-14,321.8699951171875
2012-02-15,322.8599853515625
2012-02-16,325.17999267578125
2012-02-17,327.92999267578125
2012-02-20,332.5799865722656
2012-02-21,330.510009765625
2012-02-22,326.7699890136719
2012-02-23,326.2200012207031
2012-02-24,324.9100036621094
2012-02-27,324.9800109863281
2012-02-28,325.54998779296875
2012-02-29,324.25
2012-03-01,326.54998779296875
2012-03-02,327.8500061035156
2012-03-05,325.6400146484375
2012-03-06,317.5299987792969
2012-03-07,319.6400146484375
2012-03-08,325.1099853515625
2012-03-09,326.0299987792969
2012-03-12,326.1000061035156
2012-03-13,331.489990234375
2012-03-14,333.20001220703125
2012-03-15,335.1000061035156
2012-03-16,336.1700134277344
2012-03-19,336.1199951171875
2012-03-20,332.04998779296875
2012-03-21,330.7799987792969
2012-03-22,326.9200134277344
2012-03-23,326.19000244140625
2012-03-26,330.2300109863281
2012-03-27,328.989990234375
2012-03-28,325.6199951171875
2012-03-29,321.0899963378906
2012-03-30,323.510009765625
2012-04-02,326.3900146484375
2012-04-03,322.0299987792969
2012-04-04,313.8699951171875
2012-04-05,314.9100036621094
2012-04-10,305.9100036621094
2012-04-11,307.7699890136719
2012-04-12,310.8800048828125
2012-04-13,306.1199951171875
2012-04-16,306.0199890136719
2012-04-17,313.17999267578125
2012-04-18,309.989990234375
2012-04-19,306.760009765625
2012-04-20,309.20001220703125
2012-04-23,301.2699890136719
2012-04-24,304.67999267578125
2012-04-25,308.0
2012-04-26,310.54998779296875
2012-04-27,310.75
2012-04-30,308.29998779296875
2012-05-02,306.8699951171875
2012-05-03,306.44000244140625
2012-05-04,300.95001220703125
2012-05-07,304.739990234375
2012-05-08,300.5899963378906
2012-05-09,300.07000732421875
2012-05-10,302.94000244140625
2012-05-11,305.2799987792969
2012-05-14,298.04998779296875
2012-05-15,296.239990234375
2012-05-16,294.989990234375
2012-05-17,290.2300109863281
2012-05-18,288.7699890136719
2012-05-21,290.5400085449219
2012-05-22,295.95001220703125
2012-05-23,289.1600036621094
2012-05-24,292.0799865722656
2012-05-25,292.760009765625
2012-05-28,292.760009765625
2012-05-29,295.2699890136719
2012-05-30,290.6600036621094
2012-05-31,290.0899963378906
2012-06-01,283.7699890136719
2012-06-04,283.07000732421875
2012-06-05,284.989990234375
2012-06-06,291.3900146484375
2012-06-07,292.8999938964844
2012-06-08,291.7300109863281
2012-06-11,291.3900146484375
2012-06-12,292.010009765625
2012-06-13,291.6000061035156
2012-06-14,291.9800109863281
2012-06-15,297.5799865722656
2012-06-18,297.010009765625
2012-06-19,301.80999755859375
2012-06-20,302.95001220703125
2012-06-21,301.6400146484375
2012-06-22,298.760009765625
2012-06-25,294.2799987792969
2012-06-26,294.04998779296875
2012-06-27,298.07000732421875
2012-06-28,297.2200012207031
2012-06-29,307.30999755859375
2012-07-02,310.2699890136719
2012-07-03,314.3399963378906
2012-07-04,314.8299865722656
2012-07-05,312.9700012207031
2012-07-06,309.8399963378906
2012-07-09,308.3999938964844
2012-07-10,312.4100036621094
2012-07-11,312.54998779296875
2012-07-12,311.4200134277344
2012-07-13,314.6000061035156
2012-07-16,315.9800109863281
2012-07-17,315.29998779296875
2012-07-18,319.1600036621094
2012-07-19,322.4800109863281
2012-07-20,319.75
2012-07-23,312.92999267578125
2012-07-24,311.739990234375
2012-07-25,313.0899963378906
2012-07-26,320.489990234375
2012-07-27,323.30999755859375
2012-07-30,328.6499938964844
2012-07-31,326.4700012207031
2012-08-01,327.7099914550781
2012-08-02,322.1600036621094
2012-08-03,330.42999267578125
2012-08-06,330.3999938964844
2012-08-07,334.32000732421875
2012-08-08,332.0400085449219
2012-08-09,334.6600036621094
2012-08-10,333.5
2012-08-13,331.3800048828125
2012-08-14,332.8900146484375
2012-08-15,333.17999267578125
2012-08-16,333.75
2012-08-17,335.7699890136719
2012-08-20,333.8500061035156
2012-08-21,335.9200134277344
2012-08-22,332.0799865722656
2012-08-23,330.05999755859375
2012-08-24,329.6400146484375
2012-08-27,332.3500061035156
2012-08-28,329.2300109863281
2012-08-29,330.1499938964844
2012-08-30,327.5400085449219
2012-08-31,329.2799987792969
2012-09-03,331.8900146484375
2012-09-04,328.6600036621094
2012-09-05,328.8299865722656
2012-09-06,336.42999267578125
2012-09-07,337.57000732421875
2012-09-10,335.5
2012-09-11,336.1099853515625
2012-09-12,336.1000061035156
2012-09-13,334.6000061035156
2012-09-14,338.2799987792969
2012-09-17,337.1499938964844
2012-09-18,335.4700012207031
2012-09-19,335.7099914550781
2012-09-20,334.239990234375
2012-09-21,334.1499938964844
2012-09-24,331.8399963378906
2012-09-25,334.5
2012-09-26,328.04998779296875
2012-09-27,329.1199951171875
2012-09-28,323.17999267578125
2012-10-01,327.5199890136719
2012-10-02,327.239990234375
2012-10-03,327.9800109863281
2012-10-04,327.6600036621094
2012-10-05,332.5299987792969
2012-10-08,329.57000732421875
2012-10-09,327.7099914550781
2012-10-10,326.79998779296875
2012-10-11,329.54998779296875
2012-10-12,327.95001220703125
2012-10-15,329.45001220703125
2012-10-16,333.7099914550781
2012-10-17,335.69000244140625
2012-10-18,335.32000732421875
2012-10-19,334.1700134277344
2012-10-22,334.4599914550781
2012-10-23,326.75
2012-10-24,328.489990234375
2012-10-25,329.25
2012-10-26,329.45001220703125
2012-10-29,328.3900146484375
2012-10-30,332.3500061035156
2012-10-31,330.760009765625
2012-11-01,335.42999267578125
2012-11-02,337.6000061035156
2012-11-05,335.0799865722656
2012-11-06,337.3699951171875
2012-11-07,332.8699951171875
2012-11-08,332.4200134277344
2012-11-09,331.92999267578125
2012-11-12,332.3299865722656
2012-11-13,334.0400085449219
2012-11-14,330.6700134277344
2012-11-15,324.760009765625
2012-11-16,319.8399963378906
2012-11-19,324.739990234375
2012-11-20,326.0199890136719
2012-11-21,326.4100036621094
2012-11-22,327.70001220703125
2012-11-23,331.5
2012-11-26,330.8999938964844
2012-11-27,332.9200134277344
2012-11-28,334.2799987792969
2012-11-29,338.1000061035156
2012-11-30,336.54998779296875
2012-12-03,337.2799987792969
2012-12-04,337.6199951171875
2012-12-05,338.8500061035156
2012-12-06,341.2900085449219
2012-12-07,342.6099853515625
2012-12-10,342.9100036621094
2012-12-11,344.1199951171875
2012-12-12,344.3500061035156
2012-12-13,343.8299865722656
2012-12-14,344.3900146484375
2012-12-17,343.3399963378906
2012-12-18,343.6000061035156
2012-12-19,345.1400146484375
2012-12-20,346.6000061035156
2012-12-21,344.1199951171875
2012-12-24,344.5199890136719
2012-12-27,344.7099914550781
2012-12-28,342.0
2012-12-31,342.7099914550781
2013-01-02,350.2099914550781
2013-01-03,350.739990234375
2013-01-04,351.7300109863281
2013-01-07,351.239990234375
2013-01-08,349.1099853515625
2013-01-09,350.0
2013-01-10,350.69000244140625
2013-01-11,350.1300048828125
2013-01-14,347.3399963378906
2013-01-15,347.8599853515625
2013-01-16,348.8399963378906
2013-01-17,351.19000244140625
2013-01-18,350.8900146484375
2013-01-21,353.07000732421875
2013-01-22,353.45001220703125
2013-01-23,353.010009765625
2013-01-24,354.1300048828125
2013-01-25,355.739990234375
2013-01-28,356.67999267578125
2013-01-29,358.0799865722656
2013-01-30,357.5400085449219
2013-01-31,354.3500061035156
2013-02-01,355.54998779296875
2013-02-04,349.69000244140625
2013-02-05,348.42999267578125
2013-02-06,345.8599853515625
2013-02-07,343.70001220703125
2013-02-08,345.1300048828125
2013-02-11,344.989990234375
2013-02-12,346.20001220703125
2013-02-13,345.8299865722656
2013-02-14,345.8399963378906
2013-02-15,343.45001220703125
2013-02-18,343.2300109863281
2013-02-19,347.6300048828125
2013-02-20,343.6099853515625
2013-02-21,336.3800048828125
2013-02-22,339.8699951171875
2013-02-25,340.260009765625
2013-02-26,335.2900085449219
2013-02-27,337.3699951171875
2013-02-28,340.5299987792969
2013-03-01,339.7300109863281
2013-03-04,339.5799865722656
2013-03-05,346.5
2013-03-06,347.3599853515625
2013-03-07,347.8699951171875
2013-03-08,352.42999267578125
2013-03-11,351.55999755859375
2013-03-12,352.05999755859375
2013-03-13,352.0199890136719
2013-03-14,355.8500061035156
2013-03-15,353.5799865722656
2013-03-18,353.010009765625
2013-03-19,352.04998779296875
2013-03-20,354.3699951171875
2013-03-21,352.4100036621094
2013-03-22,350.739990234375
2013-03-25,348.7200012207031
2013-03-26,349.2699890136719
2013-03-27,346.1600036621094
2013-03-28,348.1000061035156
2013-04-02,352.5
2013-04-03,349.6000061035156
2013-04-04,346.5299987792969
2013-04-05,340.7099914550781
2013-04-08,340.9100036621094
2013-04-09,341.3500061035156
2013-04-10,348.5299987792969
2013-04-11,351.2799987792969
2013-04-12,348.6499938964844
2013-04-15,346.29998779296875
2013-04-16,345.7900085449219
2013-04-17,340.8399963378906
2013-04-18,340.7200012207031
2013-04-19,341.67999267578125
2013-04-22,340.07000732421875
2013-04-23,349.1499938964844
2013-04-24,352.94000244140625
2013-04-25,354.0400085449219
2013-04-26,351.5
2013-04-29,354.1499938964844
2013-04-30,351.3900146484375
2013-05-02,354.79998779296875
2013-05-03,357.6099853515625
2013-05-06,357.44000244140625
2013-05-07,356.4800109863281
2013-05-08,357.92999267578125
2013-05-09,359.1499938964844
2013-05-10,361.1700134277344
2013-05-13,361.1199951171875
2013-05-14,363.69000244140625
2013-05-15,366.07000732421875
2013-05-16,365.3699951171875
2013-05-17,368.0799865722656
2013-05-20,369.9700012207031
2013-05-21,370.44000244140625
2013-05-22,372.1099853515625
2013-05-23,365.2200012207031
2013-05-24,364.6300048828125
2013-05-27,366.55999755859375
2013-05-28,371.5
2013-05-29,366.25
2013-05-30,367.69000244140625
2013-05-31,363.3800048828125
2013-06-03,361.07000732421875
2013-06-04,360.4200134277344
2013-06-05,353.05999755859375
2013-06-06,349.5799865722656
2013-06-07,352.69000244140625
2013-06-10,352.8599853515625
2013-06-11,350.29998779296875
2013-06-12,347.67999267578125
2013-06-13,347.2300109863281
2013-06-14,347.9800109863281
2013-06-17,350.80999755859375
2013-06-18,351.0899963378906
2013-06-19,351.0799865722656
2013-06-20,341.8800048828125
2013-06-21,337.6400146484375
2013-06-24,332.25
2013-06-25,335.3999938964844
2013-06-26,340.82000732421875
2013-06-27,344.75
2013-06-28,344.5899963378906
2013-07-01,347.3699951171875
2013-07-02,347.79998779296875
2013-07-03,345.82000732421875
2013-07-04,354.510009765625
2013-07-05,352.5299987792969
2013-07-08,357.1499938964844
2013-07-09,360.1099853515625
2013-07-10,362.0400085449219
2013-07-11,364.04998779296875
2013-07-12,364.95001220703125
2013-07-15,366.7699890136719
2013-07-16,364.1199951171875
2013-07-17,366.05999755859375
2013-07-18,368.760009765625
2013-07-19,369.760009765625
2013-07-22,370.3900146484375
2013-07-23,368.7200012207031
2013-07-24,371.9599914550781
2013-07-25,370.3599853515625
2013-07-26,368.30999755859375
2013-07-29,368.3299865722656
2013-07-30,368.989990234375
2013-07-31,369.80999755859375
2013-08-01,372.3900146484375
2013-08-02,371.3399963378906
2013-08-05,372.5199890136719
2013-08-06,371.3800048828125
2013-08-07,369.6099853515625
2013-08-08,372.1400146484375
2013-08-09,375.3999938964844
2013-08-12,375.6099853515625
2013-08-13,377.6400146484375
2013-08-14,379.6199951171875
2013-08-15,375.5799865722656
2013-08-16,374.75
2013-08-19,373.79998779296875
2013-08-20,368.92999267578125
2013-08-21,367.510009765625
2013-08-22,371.94000244140625
2013-08-23,374.6700134277344
2013-08-26,373.489990234375
2013-08-27,364.8699951171875
2013-08-28,364.4700012207031
2013-08-29,367.1300048828125
2013-08-30,362.92999267578125
2013-09-02,369.260009765625
2013-09-03,367.0899963378906
2013-09-04,368.260009765625
2013-09-05,369.95001220703125
2013-09-06,371.0400085449219
2013-09-09,369.7799987792969
2013-09-10,376.30999755859375
2013-09-11,375.04998779296875
2013-09-12,376.6600036621094
2013-09-13,376.8399963378906
2013-09-16,379.8900146484375
2013-09-17,379.80999755859375
2013-09-18,380.9200134277344
2013-09-19,382.5799865722656
2013-09-20,382.07000732421875
2013-09-23,379.54998779296875
2013-09-24,380.6700134277344
2013-09-25,379.6000061035156
2013-09-26,377.95001220703125
2013-09-27,375.7699890136719
2013-09-30,374.9200134277344
2013-10-01,377.6300048828125
2013-10-02,376.1700134277344
2013-10-03,374.8299865722656
2013-10-04,376.0299987792969
2013-10-07,373.75
2013-10-08,370.9800109863281
2013-10-09,367.19000244140625
2013-10-10,373.9100036621094
2013-10-11,376.1099853515625
2013-10-14,376.2699890136719
2013-10-15,381.95001220703125
2013-10-16,383.3299865722656
2013-10-17,382.510009765625
2013-10-18,385.7300109863281
2013-10-21,388.2799987792969
2013-10-22,390.19000244140625
2013-10-23,388.55999755859375
2013-10-24,390.2099914550781
2013-10-25,389.19000244140625
2013-10-28,388.79998779296875
2013-10-29,391.1300048828125
2013-10-30,391.20001220703125
2013-10-31,391.9200134277344
2013-11-01,391.20001220703125
2013-11-04,393.1499938964844
2013-11-05,391.25
2013-11-06,393.9700012207031
2013-11-07,393.2200012207031
2013-11-08,394.07000732421875
2013-11-11,395.45001220703125
2013-11-12,393.3800048828125
2013-11-13,391.17999267578125
2013-11-14,394.8699951171875
2013-11-15,395.3399963378906
2013-11-18,396.9800109863281
2013-11-19,395.4800109863281
2013-11-20,396.5400085449219
2013-11-21,395.3299865722656
2013-11-22,395.79998779296875
2013-11-25,397.4599914550781
2013-11-26,394.1099853515625
2013-11-27,396.2200012207031
2013-11-28,396.75
2013-11-29,396.54998779296875
2013-12-02,395.989990234375
2013-12-03,390.57000732421875
2013-12-04,388.1400146484375
2013-12-05,383.7099914550781
2013-12-06,387.010009765625
2013-12-09,387.3800048828125
2013-12-10,385.55999755859375
2013-12-11,383.1499938964844
2013-12-12,377.82000732421875
2013-12-13,376.8599853515625
2013-12-16,381.44000244140625
2013-12-17,378.1700134277344
2013-12-18,381.1700134277344
2013-12-19,386.45001220703125
2013-12-20,391.55999755859375
2013-12-23,395.5199890136719
2013-12-24,396.6099853515625
2013-12-27,400.989990234375
2013-12-30,399.7699890136719
2013-12-31,401.7900085449219
2014-01-02,399.82000732421875
2014-01-03,401.9700012207031
2014-01-06,399.8500061035156
2014-01-07,402.9700012207031
2014-01-08,403.8599853515625
2014-01-09,401.9700012207031
2014-01-10,403.95001220703125
2014-01-13,404.92999267578125
2014-01-14,406.57000732421875
2014-01-15,408.6199951171875
2014-01-16,407.5899963378906
2014-01-17,408.260009765625
2014-01-20,408.0
2014-01-21,405.19000244140625
2014-01-22,407.45001220703125
2014-01-23,403.8900146484375
2014-01-24,393.8500061035156
2014-01-27,390.7900085449219
2014-01-28,392.2300109863281
2014-01-29,389.3299865722656
2014-01-30,389.6099853515625
2014-01-31,386.8500061035156
2014-02-03,383.6300048828125
2014-02-04,382.9800109863281
2014-02-05,382.6499938964844
2014-02-06,388.4100036621094
2014-02-07,389.5400085449219
2014-02-10,389.6400146484375
2014-02-11,394.9599914550781
2014-02-12,397.4200134277344
2014-02-13,397.0
2014-02-14,398.95001220703125
2014-02-17,401.239990234375
2014-02-18,401.6199951171875
2014-02-19,401.5400085449219
2014-02-20,398.760009765625
2014-02-21,400.3599853515625
2014-02-24,401.760009765625
2014-02-25,400.7699890136719
2014-02-26,398.6400146484375
2014-02-27,398.2799987792969
2014-02-28,398.5400085449219
2014-03-03,388.19000244140625
2014-03-04,398.7300109863281
2014-03-05,398.6199951171875
2014-03-06,400.05999755859375
2014-03-07,396.2799987792969
2014-03-10,393.3999938964844
2014-03-11,394.2900085449219
2014-03-12,391.4100036621094
2014-03-13,386.05999755859375
2014-03-14,382.6499938964844
2014-03-17,386.9200134277344
2014-03-18,389.3699951171875
2014-03-19,388.8800048828125
2014-03-20,390.82000732421875
2014-03-21,391.3599853515625
2014-03-24,388.2300109863281
2014-03-25,393.1300048828125
2014-03-26,396.8900146484375
2014-03-27,398.5899963378906
2014-03-28,401.7900085449219
2014-03-31,403.2099914550781
2014-04-01,405.6199951171875
2014-04-02,406.1400146484375
2014-04-03,405.69000244140625
2014-04-04,407.4599914550781
2014-04-07,404.0400085449219
2014-04-08,402.5400085449219
2014-04-09,403.3900146484375
2014-04-10,401.8999938964844
2014-04-11,395.6400146484375
2014-04-14,395.5400085449219
2014-04-15,392.6600036621094
2014-04-16,395.989990234375
2014-04-17,396.760009765625
2014-04-22,398.29998779296875
2014-04-23,397.3399963378906
2014-04-24,397.1000061035156
2014-04-25,392.8500061035156
2014-04-28,393.7300109863281
2014-04-29,398.4700012207031
2014-04-30,400.54998779296875
2014-05-02,399.2300109863281
2014-05-05,397.44000244140625
2014-05-06,396.5400085449219
2014-05-07,398.5899963378906
2014-05-08,402.9800109863281
2014-05-09,401.92999267578125
2014-05-12,403.7799987792969
2014-05-13,404.6499938964844
2014-05-14,403.3299865722656
2014-05-15,400.25
2014-05-16,399.55999755859375
2014-05-19,401.0400085449219
2014-05-20,400.79998779296875
2014-05-21,402.8999938964844
2014-05-22,404.1400146484375
2014-05-23,405.1400146484375
2014-05-26,406.8800048828125
2014-05-27,406.80999755859375
2014-05-28,405.94000244140625
2014-05-29,407.44000244140625
2014-05-30,407.2099914550781
2014-06-02,408.7699890136719
2014-06-03,408.6099853515625
2014-06-04,408.07000732421875
2014-06-05,410.9700012207031
2014-06-06,413.260009765625
2014-06-09,415.4599914550781
2014-06-10,415.8599853515625
2014-06-11,414.45001220703125
2014-06-12,414.739990234375
2014-06-13,414.04998779296875
2014-06-16,412.5400085449219
2014-06-17,414.5799865722656
2014-06-18,415.4800109863281
2014-06-19,417.9800109863281
2014-06-20,417.8999938964844
2014-06-23,415.5899963378906
2014-06-24,415.7799987792969
2014-06-25,411.92999267578125
2014-06-26,410.80999755859375
2014-06-27,410.8599853515625
2014-06-30,413.1499938964844
2014-07-01,415.4800109863281
2014-07-02,415.8500061035156
2014-07-03,419.5299987792969
2014-07-04,418.70001220703125
2014-07-07,414.1199951171875
2014-07-08,409.760009765625
2014-07-09,410.489990234375
2014-07-10,403.3900146484375
2014-07-11,403.6099853515625
2014-07-14,406.54998779296875
2014-07-15,404.010009765625
2014-07-16,408.7799987792969
2014-07-17,404.8399963378906
2014-07-18,404.3999938964844
2014-07-21,403.7099914550781
2014-07-22,407.95001220703125
2014-07-23,408.5299987792969
2014-07-24,409.9800109863281
2014-07-25,404.8399963378906
2014-07-28,404.67999267578125
2014-07-29,407.30999755859375
2014-07-30,407.9599914550781
2014-07-31,404.2900085449219
2014-08-01,398.55999755859375
2014-08-04,395.95001220703125
2014-08-05,398.3800048828125
2014-08-06,397.2099914550781
2014-08-07,394.20001220703125
2014-08-08,390.25
2014-08-11,396.6499938964844
2014-08-12,394.2200012207031
2014-08-13,395.2699890136719
2014-08-14,395.8399963378906
2014-08-15,395.3500061035156
2014-08-18,399.9100036621094
2014-08-19,403.30999755859375
2014-08-20,403.32000732421875
2014-08-21,405.7699890136719
2014-08-22,404.4800109863281
2014-08-25,409.32000732421875
2014-08-26,412.92999267578125
2014-08-27,413.19000244140625
2014-08-28,412.1400146484375
2014-08-29,413.1300048828125
2014-09-01,414.2300109863281
2014-09-02,415.0
2014-09-03,417.2099914550781
2014-09-04,421.5899963378906
2014-09-05,421.1099853515625
2014-09-08,420.6000061035156
2014-09-09,418.3999938964844
2014-09-10,418.95001220703125
2014-09-11,418.010009765625
2014-09-12,417.79998779296875
2014-09-15,417.6499938964844
2014-09-16,417.3999938964844
2014-09-17,417.8399963378906
2014-09-18,422.04998779296875
2014-09-19,425.739990234375
2014-09-22,422.04998779296875
2014-09-23,418.8299865722656
2014-09-24,421.4200134277344
2014-09-25,417.25
2014-09-26,418.489990234375
2014-09-29,418.17999267578125
2014-09-30,421.1400146484375
2014-10-01,416.79998779296875
2014-10-02,406.2200012207031
2014-10-03,411.19000244140625
2014-10-06,412.239990234375
2014-10-07,406.510009765625
2014-10-08,403.4599914550781
2014-10-09,402.6600036621094
2014-10-10,395.67999267578125
2014-10-13,394.3299865722656
2014-10-14,393.29998779296875
2014-10-15,379.69000244140625
2014-10-16,376.2699890136719
2014-10-17,387.05999755859375
2014-10-20,384.3999938964844
2014-10-21,394.489990234375
2014-10-22,396.010009765625
2014-10-23,396.8900146484375
2014-10-24,396.1199951171875
2014-10-27,395.04998779296875
2014-10-28,401.260009765625
2014-10-29,401.1000061035156
2014-10-30,403.7099914550781
2014-10-31,411.32000732421875
2014-11-03,409.0400085449219
2014-11-04,403.7799987792969
2014-11-05,410.6600036621094
2014-11-06,413.1499938964844
2014-11-07,411.42999267578125
2014-11-10,414.9599914550781
2014-11-11,415.17999267578125
2014-11-12,411.92999267578125
2014-11-13,411.4100036621094
2014-11-14,411.9700012207031
2014-11-17,414.07000732421875
2014-11-18,417.1600036621094
2014-11-19,417.7900085449219
2014-11-20,416.80999755859375
2014-11-21,423.4599914550781
2014-11-24,422.9100036621094
2014-11-25,423.17999267578125
2014-11-26,423.9700012207031
2014-11-27,425.75
2014-11-28,425.8599853515625
2014-12-01,423.4700012207031
2014-12-02,428.4800109863281
2014-12-03,428.6099853515625
2014-12-04,423.67999267578125
2014-12-05,431.05999755859375
2014-12-08,427.2699890136719
2014-12-09,418.42999267578125
2014-12-10,416.7099914550781
2014-12-11,416.7699890136719
2014-12-12,406.1700134277344
2014-12-15,396.0899963378906
2014-12-16,403.7900085449219
2014-12-17,403.4599914550781
2014-12-18,416.44000244140625
2014-12-19,418.3699951171875
2014-12-22,421.5799865722656
2014-12-23,426.7699890136719
2014-12-24,425.57000732421875
2014-12-29,426.8900146484375
2014-12-30,421.5899963378906
2014-12-31,424.4700012207031
2015-01-02,422.2799987792969
2015-01-05,410.94000244140625
2015-01-06,408.42999267578125
2015-01-07,411.2099914550781
2015-01-08,423.07000732421875
2015-01-09,415.5899963378906
2015-01-12,418.4100036621094
2015-01-13,423.7900085449219
2015-01-14,418.3299865722656
2015-01-15,425.32000732421875
2015-01-16,432.9800109863281
2015-01-19,435.30999755859375
2015-01-20,437.9200134277344
2015-01-21,441.0899963378906
2015-01-22,447.7699890136719
2015-01-23,454.55999755859375
2015-01-26,459.1400146484375
2015-01-27,454.4599914550781
2015-01-28,452.29998779296875
2015-01-29,452.4700012207031
2015-01-30,450.3900146484375
2015-02-02,450.760009765625
2015-02-03,455.82000732421875
2015-02-04,454.8800048828125
2015-02-05,455.29998779296875
2015-02-06,454.69000244140625
2015-02-09,450.9599914550781
2015-02-10,453.79998779296875
2015-02-11,458.2699890136719
2015-02-12,460.42999267578125
2015-02-13,464.8999938964844
2015-02-16,462.82000732421875
2015-02-17,463.4200134277344
2015-02-18,467.32000732421875
2015-02-19,469.7900085449219
2015-02-20,469.8500061035156
2015-02-23,475.2200012207031
2015-02-24,479.94000244140625
2015-02-25,478.5299987792969
2015-02-26,482.4700012207031
2015-02-27,483.92999267578125
2015-03-02,485.8399963378906
2015-03-03,480.05999755859375
2015-03-04,483.57000732421875
2015-03-05,488.9599914550781
2015-03-06,489.8399963378906
2015-03-09,488.2099914550781
2015-03-10,483.1000061035156
2015-03-11,491.92999267578125
2015-03-12,491.6400146484375
2015-03-13,492.4800109863281
2015-03-16,498.0299987792969
2015-03-17,494.3999938964844
2015-03-18,496.6300048828125
2015-03-19,496.010009765625
2015-03-20,499.1199951171875
2015-03-23,497.54998779296875
2015-03-24,498.6600036621094
2015-03-25,491.6400146484375
2015-03-26,486.3699951171875
2015-03-27,485.7300109863281
2015-03-30,494.69000244140625
2015-03-31,489.4100036621094
2015-04-01,490.0400085449219
2015-04-02,492.3800048828125
2015-04-07,503.0299987792969
2015-04-08,497.1600036621094
2015-04-09,501.9700012207031
2015-04-10,507.1700134277344
2015-04-13,508.6600036621094
2015-04-14,505.8599853515625
2015-04-15,507.42999267578125
2015-04-16,504.3800048828125
2015-04-17,495.0299987792969
2015-04-20,500.7300109863281
2015-04-21,503.80999755859375
2015-04-22,505.7200012207031
2015-04-23,503.0
2015-04-24,504.010009765625
2015-04-27,509.239990234375
2015-04-28,501.6600036621094
2015-04-29,489.260009765625
2015-04-30,487.8500061035156
2015-05-04,491.1700134277344
2015-05-05,482.6099853515625
2015-05-06,478.1499938964844
2015-05-07,478.7799987792969
2015-05-08,490.7900085449219
2015-05-11,492.75
2015-05-12,488.9700012207031
2015-05-13,486.69000244140625
2015-05-14,490.69000244140625
2015-05-15,490.9599914550781
2015-05-18,490.1499938964844
2015-05-19,499.17999267578125
2015-05-20,501.8999938964844
2015-05-21,502.04998779296875
2015-05-22,501.8900146484375
2015-05-25,501.1400146484375
2015-05-26,496.3500061035156
2015-05-27,503.5199890136719
2015-05-28,502.239990234375
2015-05-29,493.55999755859375
2015-06-01,492.25
2015-06-02,486.5
2015-06-03,487.739990234375
2015-06-04,485.2900085449219
2015-06-05,479.3800048828125
2015-06-08,475.1300048828125
2015-06-09,474.70001220703125
2015-06-10,481.45001220703125
2015-06-11,484.8800048828125
2015-06-12,477.760009765625
2015-06-15,472.8900146484375
2015-06-16,475.1700134277344
2015-06-17,471.55999755859375
2015-06-18,472.9700012207031
2015-06-19,475.42999267578125
2015-06-22,489.7200012207031
2015-06-23,494.45001220703125
2015-06-24,492.6199951171875
2015-06-25,492.3900146484375
2015-06-26,494.4700012207031
2015-06-29,477.1499938964844
2015-06-30,472.5799865722656
2015-07-01,482.8299865722656
2015-07-02,476.9599914550781
2015-07-03,474.1400146484375
2015-07-06,467.25
2015-07-07,456.6400146484375
2015-07-08,459.0400085449219
2015-07-09,469.9700012207031
2015-07-10,481.3900146484375
2015-07-13,489.8999938964844
2015-07-14,493.8399963378906
2015-07-15,497.1300048828125
2015-07-16,501.010009765625
2015-07-17,500.42999267578125
2015-07-20,502.0799865722656
2015-07-21,498.760009765625
2015-07-22,496.1199951171875
2015-07-23,496.3500061035156
2015-07-24,490.0400085449219
2015-07-27,481.5199890136719
2015-07-28,485.7699890136719
2015-07-29,489.2900085449219
2015-07-30,495.1700134277344
2015-07-31,495.2300109863281
2015-08-03,500.42999267578125
2015-08-04,500.0199890136719
2015-08-05,503.4800109863281
2015-08-06,501.2300109863281
2015-08-07,496.6099853515625
2015-08-10,500.0400085449219
2015-08-11,494.3599853515625
2015-08-12,477.4200134277344
2015-08-13,476.989990234375
2015-08-14,473.8900146484375
2015-08-17,474.29998779296875
2015-08-18,479.010009765625
2015-08-19,469.239990234375
2015-08-20,459.1700134277344
2015-08-21,442.8699951171875
2015-08-24,419.67999267578125
2015-08-25,436.67999267578125
2015-08-26,428.7300109863281
2015-08-27,443.3599853515625
2015-08-28,445.9599914550781
2015-08-31,445.0299987792969
2015-09-01,433.5299987792969
2015-09-02,433.55999755859375
2015-09-03,444.54998779296875
2015-09-04,432.94000244140625
2015-09-07,435.5
2015-09-08,439.4800109863281
2015-09-09,444.260009765625
2015-09-10,436.2099914550781
2015-09-11,430.2300109863281
2015-09-14,427.8800048828125
2015-09-15,432.1499938964844
2015-09-16,438.5
2015-09-17,437.6300048828125
2015-09-18,427.32000732421875
2015-09-21,432.79998779296875
2015-09-22,419.9800109863281
2015-09-23,419.1199951171875
2015-09-24,409.8599853515625
2015-09-25,422.79998779296875
2015-09-28,412.32000732421875
2015-09-29,412.1099853515625
2015-09-30,421.1400146484375
2015-10-01,418.8299865722656
2015-10-02,422.5799865722656
2015-10-05,436.8999938964844
2015-10-06,440.7200012207031
2015-10-07,440.5899963378906
2015-10-08,442.0799865722656
2015-10-09,441.6499938964844
2015-10-12,440.04998779296875
2015-10-13,438.25
2015-10-14,434.32000732421875
2015-10-15,443.70001220703125
2015-10-16,447.8599853515625
2015-10-19,449.30999755859375
2015-10-20,447.2699890136719
2015-10-21,449.7799987792969
2015-10-22,457.9700012207031
2015-10-23,465.04998779296875
2015-10-26,462.8699951171875
2015-10-27,458.42999267578125
2015-10-28,463.2099914550781
2015-10-29,462.989990234375
2015-10-30,462.1199951171875
2015-11-02,464.5799865722656
2015-11-03,466.8500061035156
2015-11-04,468.8399963378906
2015-11-05,466.6000061035156
2015-11-06,469.8299865722656
2015-11-09,465.010009765625
2015-11-10,465.20001220703125
2015-11-11,469.20001220703125
2015-11-12,459.8500061035156
2015-11-13,453.54998779296875
2015-11-16,454.2900085449219
2015-11-17,466.5400085449219
2015-11-18,465.92999267578125
2015-11-19,469.0
2015-11-20,468.69000244140625
2015-11-23,466.17999267578125
2015-11-24,461.2900085449219
2015-11-25,468.07000732421875
2015-11-26,472.239990234375
2015-11-27,472.1700134277344
2015-11-30,469.5199890136719
2015-12-01,467.32000732421875
2015-12-02,467.05999755859375
2015-12-03,449.9200134277344
2015-12-04,446.92999267578125
2015-12-07,448.4599914550781
2015-12-08,441.6099853515625
2015-12-09,440.8500061035156
2015-12-10,437.8399963378906
2015-12-11,429.1000061035156
2015-12-14,420.6600036621094
2015-12-15,433.6300048828125
2015-12-16,433.8299865722656
2015-12-17,438.9700012207031
2015-12-18,434.1499938964844
2015-12-21,428.4800109863281
2015-12-22,430.9700012207031
2015-12-23,443.7200012207031
2015-12-24,444.1199951171875
2015-12-28,440.489990234375
2015-12-29,447.70001220703125
2015-12-30,446.19000244140625
2016-01-04,431.70001220703125
2016-01-05,435.0
2016-01-06,428.760009765625
2016-01-07,420.760009765625
2016-01-08,410.82000732421875
2016-01-11,411.30999755859375
2016-01-12,416.4100036621094
2016-01-13,418.04998779296875
2016-01-14,413.3800048828125
2016-01-15,403.57000732421875
2016-01-18,401.989990234375
2016-01-19,407.67999267578125
2016-01-20,395.7200012207031
2016-01-21,406.489990234375
2016-01-22,419.2799987792969
2016-01-25,418.07000732421875
2016-01-26,421.9700012207031
2016-01-27,424.4100036621094
2016-01-28,420.1000061035156
2016-01-29,431.2799987792969
2016-02-01,429.67999267578125
2016-02-02,420.6499938964844
2016-02-03,416.2099914550781
2016-02-04,417.94000244140625
2016-02-05,413.94000244140625
2016-02-08,400.6099853515625
2016-02-09,392.5799865722656
2016-02-10,394.6300048828125
2016-02-11,382.6099853515625
2016-02-12,391.8599853515625
2016-02-15,403.9599914550781
2016-02-16,403.2699890136719
2016-02-17,414.75
2016-02-18,413.7900085449219
2016-02-19,411.9599914550781
2016-02-22,420.69000244140625
2016-02-23,415.42999267578125
2016-02-24,407.5199890136719
2016-02-25,415.3800048828125
2016-02-26,422.6600036621094
2016-02-29,427.2699890136719
2016-03-01,436.80999755859375
2016-03-02,436.30999755859375
2016-03-03,433.95001220703125
2016-03-04,437.989990234375
2016-03-07,436.0
2016-03-08,432.8900146484375
2016-03-09,435.55999755859375
2016-03-10,430.17999267578125
2016-03-11,441.75
2016-03-14,444.0799865722656
2016-03-15,442.0
2016-03-16,443.8299865722656
2016-03-17,444.05999755859375
2016-03-18,444.7900085449219
2016-03-21,443.8299865722656
2016-03-22,443.1199951171875
2016-03-23,443.3599853515625
2016-03-24,437.489990234375
2016-03-29,440.3699951171875
2016-03-30,446.239990234375
2016-03-31,440.1099853515625
2016-04-01,434.4800109863281
2016-04-04,436.0799865722656
2016-04-05,428.8500061035156
2016-04-06,431.010009765625
2016-04-07,428.7300109863281
2016-04-08,434.1600036621094
2016-04-11,436.55999755859375
2016-04-12,439.5
2016-04-13,450.0899963378906
2016-04-14,451.0400085449219
2016-04-15,450.5899963378906
2016-04-18,450.80999755859375
2016-04-19,456.4599914550781
2016-04-20,456.20001220703125
2016-04-21,453.4700012207031
2016-04-22,451.5400085449219
2016-04-25,446.7699890136719
2016-04-26,447.6400146484375
2016-04-27,448.3699951171875
2016-04-28,450.30999755859375
2016-04-29,439.67999267578125
2016-05-02,441.20001220703125
2016-05-03,433.3399963378906
2016-05-04,428.9200134277344
2016-05-05,431.239990234375
2016-05-06,431.32000732421875
2016-05-09,431.5799865722656
2016-05-10,436.2699890136719
2016-05-11,434.7099914550781
2016-05-12,430.8900146484375
2016-05-13,433.5199890136719
2016-05-16,433.739990234375
2016-05-17,432.29998779296875
2016-05-18,434.4599914550781
2016-05-19,428.2699890136719
2016-05-20,434.3599853515625
2016-05-23,432.57000732421875
2016-05-24,441.6600036621094
2016-05-25,447.2200012207031
2016-05-26,449.0899963378906
2016-05-27,450.94000244140625
2016-05-30,451.7900085449219
2016-05-31,447.8699951171875
2016-06-01,446.7799987792969
2016-06-02,447.5899963378906
2016-06-03,445.30999755859375
2016-06-06,446.44000244140625
2016-06-07,451.5799865722656
2016-06-08,450.1499938964844
2016-06-09,446.1000061035156
2016-06-10,435.7699890136719
2016-06-13,428.20001220703125
2016-06-14,419.0799865722656
2016-06-15,419.54998779296875
2016-06-16,418.510009765625
2016-06-17,421.7699890136719
2016-06-20,436.5
2016-06-21,440.3900146484375
2016-06-22,441.25
2016-06-23,449.8599853515625
2016-06-24,424.20001220703125
2016-06-27,411.6199951171875
2016-06-28,417.510009765625
2016-06-29,430.0799865722656
2016-06-30,435.8800048828125
2016-07-01,438.8500061035156
2016-07-04,435.1199951171875
2016-07-05,430.4100036621094
2016-07-06,422.17999267578125
2016-07-07,426.3299865722656
2016-07-08,433.7699890136719
2016-07-11,440.75
2016-07-12,445.44000244140625
2016-07-13,444.45001220703125
2016-07-14,448.19000244140625
2016-07-15,447.510009765625
2016-07-18,448.32000732421875
2016-07-19,447.8500061035156
2016-07-20,452.17999267578125
2016-07-21,451.9700012207031
2016-07-22,453.3500061035156
2016-07-25,452.8399963378906
2016-07-26,454.05999755859375
2016-07-27,452.9800109863281
2016-07-28,447.82000732421875
2016-07-29,449.8299865722656
2016-08-01,444.9700012207031
2016-08-02,438.6099853515625
2016-08-03,440.3599853515625
2016-08-04,444.4700012207031
2016-08-05,448.1199951171875
2016-08-08,449.07000732421875
2016-08-09,453.79998779296875
2016-08-10,452.010009765625
2016-08-11,455.5
2016-08-12,454.0899963378906
2016-08-15,454.510009765625
2016-08-16,451.3999938964844
2016-08-17,447.57000732421875
2016-08-18,451.69000244140625
2016-08-19,448.7200012207031
2016-08-22,447.6300048828125
2016-08-23,452.17999267578125
2016-08-24,452.1700134277344
2016-08-25,449.94000244140625
2016-08-26,453.010009765625
2016-08-29,452.1499938964844
2016-08-30,455.82000732421875
2016-08-31,454.3800048828125
2016-09-01,453.8699951171875
2016-09-02,463.6000061035156
2016-09-05,464.1300048828125
2016-09-06,461.1099853515625
2016-09-07,463.2699890136719
2016-09-08,459.5
2016-09-09,452.8800048828125
2016-09-12,447.6000061035156
2016-09-13,442.6099853515625
2016-09-14,441.0299987792969
2016-09-15,443.20001220703125
2016-09-16,439.07000732421875
2016-09-19,444.70001220703125
2016-09-20,444.45001220703125
2016-09-21,447.5299987792969
2016-09-22,455.510009765625
2016-09-23,454.4800109863281
2016-09-26,447.8699951171875
2016-09-27,447.8299865722656
2016-09-28,450.2699890136719
2016-09-29,451.54998779296875
2016-09-30,452.3299865722656
2016-10-03,452.989990234375
2016-10-04,458.32000732421875
2016-10-05,456.05999755859375
2016-10-06,454.82000732421875
2016-10-07,450.05999755859375
2016-10-10,455.239990234375
2016-10-11,451.25
2016-10-12,450.6600036621094
2016-10-13,445.20001220703125
2016-10-14,450.5
2016-10-17,448.0400085449219
2016-10-18,453.1300048828125
2016-10-19,454.67999267578125
2016-10-20,456.05999755859375
2016-10-21,457.3999938964844
2016-10-24,459.75
2016-10-25,459.2900085449219
2016-10-26,455.82000732421875
2016-10-27,455.7099914550781
2016-10-28,455.3800048828125
2016-10-31,452.5899963378906
2016-11-01,449.7099914550781
2016-11-02,443.7699890136719
2016-11-03,442.30999755859375
2016-11-04,440.510009765625
2016-11-07,448.2200012207031
2016-11-08,450.17999267578125
2016-11-09,454.3599853515625
2016-11-10,450.010009765625
2016-11-11,445.4100036621094
2016-11-14,446.760009765625
2016-11-15,450.5400085449219
2016-11-16,449.6600036621094
2016-11-17,451.82000732421875
2016-11-18,450.67999267578125
2016-11-21,453.0299987792969
2016-11-22,456.3999938964844
2016-11-23,456.4100036621094
2016-11-24,457.44000244140625
2016-11-25,457.989990234375
2016-11-28,452.7099914550781
2016-11-29,452.5
2016-11-30,457.2099914550781
2016-12-01,453.6000061035156
2016-12-02,449.6000061035156
2016-12-05,454.4700012207031
2016-12-06,459.30999755859375
2016-12-07,462.1099853515625
2016-12-08,466.6700134277344
2016-12-09,469.7699890136719
2016-12-12,470.3800048828125
2016-12-13,473.6499938964844
2016-12-14,472.20001220703125
2016-12-15,476.5199890136719
2016-12-16,477.70001220703125
2016-12-19,480.3500061035156
2016-12-20,484.0400085449219
2016-12-21,483.2099914550781
2016-12-22,482.4700012207031
2016-12-23,482.8599853515625
2016-12-27,483.5799865722656
2016-12-28,484.20001220703125
2016-12-29,482.4599914550781
2016-12-30,483.1700134277344
2017-01-02,486.3699951171875
2017-01-03,487.989990234375
2017-01-04,487.5799865722656
2017-01-05,486.92999267578125
2017-01-06,487.0
2017-01-09,485.1000061035156
2017-01-10,484.739990234375
2017-01-11,486.5799865722656
2017-01-12,483.0899963378906
2017-01-13,488.0899963378906
2017-01-16,484.1300048828125
2017-01-17,481.7699890136719
2017-01-18,484.75
2017-01-19,484.6400146484375
2017-01-20,485.9800109863281
2017-01-23,482.7099914550781
2017-01-24,483.04998779296875
2017-01-25,488.0299987792969
2017-01-26,486.45001220703125
2017-01-27,485.8699951171875
2017-01-30,479.5299987792969
2017-01-31,476.7099914550781
2017-02-01,479.6499938964844
2017-02-02,482.19000244140625
2017-02-03,485.9200134277344
2017-02-06,482.0799865722656
2017-02-07,484.2799987792969
2017-02-08,483.510009765625
2017-02-09,488.5
2017-02-10,489.55999755859375
2017-02-13,494.04998779296875
2017-02-14,494.6199951171875
2017-02-15,496.6600036621094
2017-02-16,493.9800109863281
2017-02-17,499.0799865722656
2017-02-20,495.6600036621094
2017-02-21,498.57000732421875
2017-02-22,499.1099853515625
2017-02-23,497.6300048828125
2017-02-24,494.8999938964844
2017-02-27,494.80999755859375
2017-02-28,495.3500061035156
2017-03-01,505.0400085449219
2017-03-02,503.7900085449219
2017-03-03,505.8599853515625
2017-03-06,503.6499938964844
2017-03-07,502.95001220703125
2017-03-08,502.79998779296875
2017-03-09,507.739990234375
2017-03-10,511.1400146484375
2017-03-13,511.8999938964844
2017-03-14,510.05999755859375
2017-03-15,511.6600036621094
2017-03-16,514.530029296875
2017-03-17,516.239990234375
2017-03-20,515.0900268554688
2017-03-21,513.5900268554688
2017-03-22,509.5199890136719
2017-03-23,512.6199951171875
2017-03-24,511.5299987792969
2017-03-27,509.32000732421875
2017-03-28,512.1500244140625
2017-03-29,513.5800170898438
2017-03-30,515.72998046875
2017-03-31,516.5399780273438
2017-04-03,513.4500122070312
2017-04-04,514.0499877929688
2017-04-05,514.8900146484375
2017-04-06,516.2999877929688
2017-04-07,518.7000122070312
2017-04-10,519.1599731445312
2017-04-11,518.4000244140625
2017-04-12,517.8099975585938
2017-04-13,515.77001953125
2017-04-18,509.7300109863281
2017-04-19,511.2799987792969
2017-04-20,511.7200012207031
2017-04-21,512.1900024414062
2017-04-24,523.72998046875
2017-04-25,524.0499877929688
2017-04-26,524.4600219726562
2017-04-27,521.8900146484375
2017-04-28,521.1300048828125
2017-05-02,525.47998046875
2017-05-03,525.2000122070312
2017-05-04,528.4400024414062
2017-05-05,533.27001953125
2017-05-08,534.3099975585938
2017-05-09,536.260009765625
2017-05-10,535.6599731445312
2017-05-11,534.239990234375
2017-05-12,534.7100219726562
2017-05-15,535.4099731445312
2017-05-16,535.760009765625
2017-05-17,529.0599975585938
2017-05-18,524.52001953125
2017-05-19,526.9199829101562
2017-05-22,527.8499755859375
2017-05-23,528.1699829101562
2017-05-24,527.8699951171875
2017-05-25,527.4600219726562
2017-05-26,528.030029296875
2017-05-29,527.72998046875
2017-05-30,525.7100219726562
2017-05-31,524.0700073242188
2017-06-01,527.030029296875
2017-06-02,526.739990234375
2017-06-05,524.4400024414062
2017-06-06,521.7100219726562
2017-06-07,523.0999755859375
2017-06-08,523.5499877929688
2017-06-09,527.2999877929688
2017-06-12,521.8900146484375
2017-06-13,523.3900146484375
2017-06-14,521.7100219726562
2017-06-15,518.75
2017-06-16,520.6699829101562
2017-06-19,525.8699951171875
2017-06-20,520.8800048828125
2017-06-21,520.47998046875
2017-06-22,519.3900146484375
2017-06-23,519.5
2017-06-26,520.6199951171875
2017-06-27,518.72998046875
2017-06-28,516.3900146484375
2017-06-29,508.5299987792969
2017-06-30,507.1499938964844
2017-07-03,513.1199951171875
2017-07-04,511.7300109863281
2017-07-05,511.3500061035156
2017-07-06,509.94000244140625
2017-07-07,509.9200134277344
2017-07-10,512.0499877929688
2017-07-11,510.989990234375
2017-07-12,516.5900268554688
2017-07-13,519.1099853515625
2017-07-14,521.0700073242188
2017-07-17,521.5
2017-07-18,518.1699829101562
2017-07-19,524.25
2017-07-20,526.2899780273438
2017-07-21,522.219970703125
2017-07-24,521.6500244140625
2017-07-25,524.6900024414062
2017-07-26,527.719970703125
2017-07-27,530.3499755859375
2017-07-28,525.530029296875
2017-07-31,525.4400024414062
2017-08-01,527.47998046875
2017-08-02,525.2999877929688
2017-08-03,525.5700073242188
2017-08-04,529.0900268554688
2017-08-07,531.4099731445312
2017-08-08,532.6799926757812
2017-08-09,528.2100219726562
2017-08-10,523.6300048828125
2017-08-11,516.969970703125
2017-08-14,521.0999755859375
2017-08-15,522.6699829101562
2017-08-16,525.8900146484375
2017-08-17,523.7100219726562
2017-08-18,519.6400146484375
2017-08-21,516.7100219726562
2017-08-22,521.8699951171875
2017-08-23,519.3599853515625
2017-08-24,519.0999755859375
2017-08-25,517.4199829101562
2017-08-28,514.760009765625
2017-08-29,510.0299987792969
2017-08-30,513.010009765625
2017-08-31,516.0399780273438
2017-09-01,518.1799926757812
2017-09-04,516.27001953125
2017-09-05,515.4600219726562
2017-09-06,516.469970703125
2017-09-07,518.8300170898438
2017-09-08,518.8200073242188
2017-09-11,523.9600219726562
2017-09-12,526.5800170898438
2017-09-13,528.6900024414062
2017-09-14,529.3400268554688
2017-09-15,526.780029296875
2017-09-18,529.3099975585938
2017-09-19,528.6599731445312
2017-09-20,528.6599731445312
2017-09-21,528.469970703125
2017-09-22,528.030029296875
2017-09-25,527.780029296875
2017-09-26,528.5
2017-09-27,531.0900268554688
2017-09-28,533.3900146484375
2017-09-29,537.0599975585938
2017-10-02,541.0399780273438
2017-10-03,542.25
2017-10-04,541.6500244140625
2017-10-05,542.8800048828125
2017-10-06,539.9000244140625
2017-10-09,541.1900024414062
2017-10-10,541.1400146484375
2017-10-11,541.760009765625
2017-10-12,542.8400268554688
2017-10-13,546.2100219726562
2017-10-16,546.6699829101562
2017-10-17,546.6199951171875
2017-10-18,547.6799926757812
2017-10-19,544.5599975585938
2017-10-20,544.6300048828125
2017-10-23,545.9600219726562
2017-10-24,543.6699829101562
2017-10-25,541.27001953125
2017-10-26,547.6699829101562
2017-10-27,549.4400024414062
2017-10-30,549.4600219726562
2017-10-31,553.3800048828125
2017-11-01,554.489990234375
2017-11-02,553.8300170898438
2017-11-03,555.1500244140625
2017-11-06,555.219970703125
2017-11-07,553.7999877929688
2017-11-08,554.77001953125
2017-11-09,550.3699951171875
2017-11-10,547.3200073242188
2017-11-13,545.4299926757812
2017-11-14,541.72998046875
2017-11-15,538.489990234375
2017-11-16,539.1900024414062
2017-11-17,536.6199951171875
2017-11-20,539.7100219726562
2017-11-21,541.8200073242188
2017-11-22,540.02001953125
2017-11-23,541.3499755859375
2017-11-24,540.6300048828125
2017-11-27,538.0900268554688
2017-11-28,543.5900268554688
2017-11-29,541.4199829101562
2017-11-30,540.1099853515625
2017-12-01,535.5700073242188
2017-12-04,541.5399780273438
2017-12-05,543.0800170898438
2017-12-06,542.77001953125
2017-12-07,544.510009765625
2017-12-08,547.219970703125
2017-12-11,548.4099731445312
2017-12-12,552.8699951171875
2017-12-13,550.5599975585938
2017-12-14,547.469970703125
2017-12-15,548.6699829101562
2017-12-18,553.2899780273438
2017-12-19,552.030029296875
2017-12-20,547.3800048828125
2017-12-21,549.3900146484375
2017-12-22,548.47998046875
2017-12-27,548.5999755859375
2017-12-28,547.0599975585938
2017-12-29,544.5800170898438
2018-01-02,544.7899780273438
2018-01-03,549.3400268554688
2018-01-04,554.0599975585938
2018-01-05,558.1599731445312
2018-01-08,560.8900146484375
2018-01-09,563.0399780273438
2018-01-10,560.4400024414062
2018-01-11,558.8900146484375
2018-01-12,561.0999755859375
2018-01-15,561.0599975585938
2018-01-16,561.1799926757812
2018-01-17,563.280029296875
2018-01-18,566.489990234375
2018-01-19,569.2999877929688
2018-01-22,570.8200073242188
2018-01-23,570.5999755859375
2018-01-24,566.0399780273438
2018-01-25,565.0700073242188
2018-01-26,566.7899780273438
2018-01-29,566.0599975585938
2018-01-30,561.0
2018-01-31,560.52001953125
2018-02-01,556.8699951171875
2018-02-02,550.0800170898438
2018-02-05,542.6500244140625
2018-02-06,526.1799926757812
2018-02-07,536.3599853515625
2018-02-08,526.1199951171875
2018-02-09,518.3300170898438
2018-02-12,524.0999755859375
2018-02-13,520.5700073242188
2018-02-14,525.6400146484375
2018-02-15,527.5700073242188
2018-02-16,532.27001953125
2018-02-19,528.760009765625
2018-02-20,532.9299926757812
2018-02-21,533.9500122070312
2018-02-22,532.6400146484375
2018-02-23,534.0900268554688
2018-02-26,538.3099975585938
2018-02-27,537.8300170898438
2018-02-28,535.5800170898438
2018-03-01,529.5900268554688
2018-03-02,518.719970703125
2018-03-05,526.510009765625
2018-03-06,528.3599853515625
2018-03-07,530.7100219726562
2018-03-08,535.219970703125
2018-03-09,537.1400146484375
2018-03-12,538.4299926757812
2018-03-13,532.52001953125
2018-03-14,530.969970703125
2018-03-15,533.2999877929688
2018-03-16,536.9199829101562
2018-03-19,531.52001953125
2018-03-20,535.4500122070312
2018-03-21,536.47998046875
2018-03-22,528.3699951171875
2018-03-23,521.4500122070312
2018-03-26,518.75
2018-03-27,525.760009765625
2018-03-28,527.0
2018-03-29,529.52001953125
2018-04-03,528.47998046875
2018-04-04,526.1900024414062
2018-04-05,540.489990234375
2018-04-06,539.2899780273438
2018-04-09,539.9000244140625
2018-04-10,545.25
2018-04-11,544.5
2018-04-12,547.9000244140625
2018-04-13,548.0499877929688
2018-04-16,546.6199951171875
2018-04-17,551.3200073242188
2018-04-18,553.3499755859375
2018-04-19,551.3099975585938
2018-04-20,550.3800048828125
2018-04-23,554.25
2018-04-24,556.4400024414062
2018-04-25,551.72998046875
2018-04-26,554.4099731445312
2018-04-27,554.9400024414062
2018-04-30,555.72998046875
2018-05-02,555.8599853515625
2018-05-03,551.72998046875
2018-05-04,555.7000122070312
2018-05-07,557.8599853515625
2018-05-08,558.510009765625
2018-05-09,561.510009765625
2018-05-10,562.1799926757812
2018-05-11,562.27001953125
2018-05-14,563.52001953125
2018-05-15,564.489990234375
2018-05-16,565.1300048828125
2018-05-17,568.9600219726562
2018-05-18,567.030029296875
2018-05-21,570.0700073242188
2018-05-22,572.0499877929688
2018-05-23,565.0700073242188
2018-05-24,561.6199951171875
2018-05-25,562.77001953125
2018-05-28,559.8400268554688
2018-05-29,554.77001953125
2018-05-30,557.5999755859375
2018-05-31,552.8499755859375
2018-06-01,559.1799926757812
2018-06-04,561.7000122070312
2018-06-05,562.780029296875
2018-06-06,562.239990234375
2018-06-07,562.0399780273438
2018-06-08,560.030029296875
2018-06-11,564.8400268554688
2018-06-12,563.010009765625
2018-06-13,563.9500122070312
2018-06-14,567.530029296875
2018-06-15,561.7100219726562
2018-06-18,559.6799926757812
2018-06-19,554.5700073242188
2018-06-20,554.969970703125
2018-06-21,552.5999755859375
2018-06-22,560.3400268554688
2018-06-25,546.8099975585938
2018-06-26,547.27001953125
2018-06-27,552.1900024414062
2018-06-28,547.47998046875
2018-06-29,551.6799926757812
2018-07-02,546.510009765625
2018-07-03,550.0599975585938
2018-07-04,549.219970703125
2018-07-05,552.4400024414062
2018-07-06,553.6199951171875
2018-07-09,557.7100219726562
2018-07-10,560.5800170898438
2018-07-11,553.25
2018-07-12,557.02001953125
2018-07-13,560.1199951171875
2018-07-16,558.3499755859375
2018-07-17,559.1900024414062
2018-07-18,568.1900024414062
2018-07-19,570.2100219726562
2018-07-20,572.2000122070312
2018-07-23,570.47998046875
2018-07-24,573.6199951171875
2018-07-25,572.9000244140625
2018-07-26,573.6599731445312
2018-07-27,576.239990234375
2018-07-30,573.1900024414062
2018-07-31,574.25
2018-08-01,572.8800048828125
2018-08-02,569.9500122070312
2018-08-03,572.2899780273438
2018-08-06,572.5599975585938
2018-08-07,573.9099731445312
2018-08-08,573.7000122070312
2018-08-09,572.219970703125
2018-08-10,562.97998046875
2018-08-13,561.1900024414062
2018-08-14,561.47998046875
2018-08-15,552.7000122070312
2018-08-16,556.3800048828125
2018-08-17,552.9500122070312
2018-08-20,556.0499877929688
2018-08-21,557.2000122070312
2018-08-22,559.2000122070312
2018-08-23,558.9099731445312
2018-08-24,560.2899780273438
2018-08-27,564.1300048828125
2018-08-28,563.030029296875
2018-08-29,565.1500244140625
2018-08-30,563.3699951171875
2018-08-31,558.4199829101562
2018-09-03,559.780029296875
2018-09-04,553.4099731445312
2018-09-05,546.9099731445312
2018-09-06,539.3699951171875
2018-09-07,538.510009765625
2018-09-10,539.7999877929688
2018-09-11,539.7899780273438
2018-09-12,540.27001953125
2018-09-13,539.52001953125
2018-09-14,540.530029296875
2018-09-17,540.8499755859375
2018-09-18,543.0599975585938
2018-09-19,543.0700073242188
2018-09-20,547.4500122070312
2018-09-21,549.7899780273438
2018-09-24,548.4299926757812
2018-09-25,552.6400146484375
2018-09-26,552.3499755859375
2018-09-27,553.75
2018-09-28,549.6199951171875
2018-10-01,552.5499877929688
2018-10-02,549.3300170898438
2018-10-03,552.8499755859375
2018-10-04,544.1199951171875
2018-10-05,539.510009765625
2018-10-08,533.52001953125
2018-10-09,536.9500122070312
2018-10-10,528.030029296875
2018-10-11,517.8900146484375
2018-10-12,516.2899780273438
2018-10-15,518.3599853515625
2018-10-16,526.1799926757812
2018-10-17,527.5800170898438
2018-10-18,523.8699951171875
2018-10-19,525.1699829101562
2018-10-22,519.0800170898438
2018-10-23,510.8599853515625
2018-10-24,507.79998779296875
2018-10-25,513.1599731445312
2018-10-26,507.5199890136719
2018-10-29,509.3999938964844
2018-10-30,510.7300109863281
2018-10-31,518.7100219726562
2018-11-01,520.7999877929688
2018-11-02,521.7999877929688
2018-11-05,521.9400024414062
2018-11-06,522.3099975585938
2018-11-07,528.5700073242188
2018-11-08,528.47998046875
2018-11-09,529.5499877929688
2018-11-12,526.0999755859375
2018-11-13,529.6099853515625
2018-11-14,527.1400146484375
2018-11-15,524.8900146484375
2018-11-16,522.4299926757812
2018-11-19,518.9000244140625
2018-11-20,510.4800109863281
2018-11-21,517.3400268554688
2018-11-22,514.0999755859375
2018-11-23,513.8499755859375
2018-11-26,518.9099731445312
2018-11-27,519.5599975585938
2018-11-28,519.5800170898438
2018-11-29,520.280029296875
2018-11-30,519.3699951171875
2018-12-03,523.8699951171875
2018-12-04,523.22998046875
2018-12-05,516.0399780273438
2018-12-06,498.9200134277344
2018-12-07,503.9800109863281
2018-12-10,495.30999755859375
2018-12-11,501.010009765625
2018-12-12,509.7200012207031
2018-12-13,508.2699890136719
2018-12-14,506.5299987792969
2018-12-17,500.0799865722656
2018-12-18,494.45001220703125
2018-12-19,495.989990234375
2018-12-20,485.9700012207031
2018-12-21,484.80999755859375
2018-12-24,478.3399963378906
2018-12-27,476.0299987792969
2018-12-28,484.1700134277344
2018-12-31,487.8800048828125
2019-01-02,486.57000732421875
2019-01-03,480.4100036621094
2019-01-04,492.010009765625
2019-01-07,491.75
2019-01-08,493.69000244140625
2019-01-09,496.2099914550781
2019-01-10,497.7699890136719
2019-01-11,498.6499938964844
2019-01-14,494.989990234375
2019-01-15,498.20001220703125
2019-01-16,499.8699951171875
2019-01-17,499.8399963378906
2019-01-18,509.70001220703125
2019-01-21,509.8800048828125
2019-01-22,506.75
2019-01-23,507.4599914550781
2019-01-24,510.0799865722656
2019-01-25,515.0999755859375
2019-01-28,510.8800048828125
2019-01-29,515.0
2019-01-30,518.47998046875
2019-01-31,520.6300048828125
2019-02-01,523.239990234375
2019-02-04,525.6799926757812
2019-02-05,532.489990234375
2019-02-06,536.6300048828125
2019-02-07,530.5
2019-02-08,527.989990234375
2019-02-11,531.1199951171875
2019-02-12,534.3499755859375
2019-02-13,536.3300170898438
2019-02-14,534.239990234375
2019-02-15,539.6199951171875
2019-02-18,539.6300048828125
2019-02-19,538.0700073242188
2019-02-20,540.030029296875
2019-02-21,540.5700073242188
2019-02-22,541.3699951171875
2019-02-25,542.52001953125
2019-02-26,543.1799926757812
2019-02-27,540.2899780273438
2019-02-28,541.0499877929688
2019-03-01,538.5900268554688
2019-03-04,540.77001953125
2019-03-05,541.1199951171875
2019-03-06,538.9500122070312
2019-03-07,536.6799926757812
2019-03-08,530.5499877929688
2019-03-11,535.3800048828125
2019-03-12,535.4099731445312
2019-03-13,539.260009765625
2019-03-14,544.1900024414062
2019-03-15,552.1799926757812
2019-03-18,552.22998046875
2019-03-19,552.6500244140625
2019-03-20,547.4199829101562
2019-03-21,550.3900146484375
2019-03-22,543.9000244140625
2019-03-25,541.1599731445312
2019-03-26,545.3699951171875
2019-03-27,545.1400146484375
2019-03-28,543.7100219726562
2019-03-29,548.97998046875
2019-04-01,554.1400146484375
2019-04-02,555.9400024414062
2019-04-03,561.3499755859375
2019-04-04,561.5499877929688
2019-04-05,562.5800170898438
2019-04-08,562.3200073242188
2019-04-09,559.6599731445312
2019-04-10,561.8499755859375
2019-04-11,561.8300170898438
2019-04-12,561.6099853515625
2019-04-15,562.5700073242188
2019-04-16,565.1900024414062
2019-04-17,566.1900024414062
2019-04-18,569.6099853515625
2019-04-23,570.6400146484375
2019-04-24,568.4099731445312
2019-04-25,567.5900268554688
2019-04-26,567.1799926757812
2019-04-29,568.010009765625
2019-04-30,571.5999755859375
2019-05-02,566.510009765625
2019-05-03,568.719970703125
2019-05-06,563.75
2019-05-07,556.8599853515625
2019-05-08,558.9299926757812
2019-05-09,549.5900268554688
2019-05-10,550.8699951171875
2019-05-13,544.27001953125
2019-05-14,550.6500244140625
2019-05-15,553.0800170898438
2019-05-16,559.1500244140625
2019-05-17,557.9099731445312
2019-05-20,551.3699951171875
2019-05-21,553.1400146484375
2019-05-22,552.969970703125
2019-05-23,543.7100219726562
2019-05-24,547.2100219726562
2019-05-27,549.219970703125
2019-05-28,549.0999755859375
2019-05-29,540.8699951171875
2019-05-30,545.4299926757812
2019-05-31,540.489990234375
2019-06-03,540.719970703125
2019-06-04,541.1500244140625
2019-06-05,543.6400146484375
2019-06-06,544.3200073242188
2019-06-07,550.239990234375
2019-06-10,553.4000244140625
2019-06-11,557.219970703125
2019-06-12,556.1300048828125
2019-06-13,555.8499755859375
2019-06-14,553.239990234375
2019-06-17,552.280029296875
2019-06-18,560.2100219726562
2019-06-19,561.4500122070312
2019-06-20,563.7100219726562
2019-06-21,562.3900146484375
2019-06-24,560.0700073242188
2019-06-25,558.3200073242188
2019-06-26,558.239990234375
2019-06-27,557.530029296875
2019-06-28,561.760009765625
2019-07-01,568.27001953125
2019-07-02,570.0599975585938
2019-07-03,572.9299926757812
2019-07-04,573.530029296875
2019-07-05,570.4600219726562
2019-07-08,569.3599853515625
2019-07-09,566.280029296875
2019-07-10,565.5700073242188
2019-07-11,566.989990234375
2019-07-12,567.4099731445312
2019-07-15,569.260009765625
2019-07-16,571.2100219726562
2019-07-17,572.3400268554688
2019-07-18,571.5700073242188
2019-07-19,571.8400268554688
2019-07-22,576.0
2019-07-23,582.0800170898438
2019-07-24,583.260009765625
2019-07-25,578.8200073242188
2019-07-26,580.0800170898438
2019-07-29,579.5499877929688
2019-07-30,574.3400268554688
2019-07-31,572.0900268554688
2019-08-01,572.4600219726562
2019-08-02,554.3200073242188
2019-08-05,540.9400024414062
2019-08-06,537.280029296875
2019-08-07,539.5700073242188
2019-08-08,548.8800048828125
2019-08-09,542.219970703125
2019-08-12,542.1400146484375
2019-08-13,545.6900024414062
2019-08-14,536.6599731445312
2019-08-15,534.8400268554688
2019-08-16,541.9400024414062
2019-08-19,547.9099731445312
2019-08-20,545.22998046875
2019-08-21,550.4199829101562
2019-08-22,546.9000244140625
2019-08-23,542.0900268554688
2019-08-26,543.3200073242188
2019-08-27,547.280029296875
2019-08-28,548.3800048828125
2019-08-29,554.280029296875
2019-08-30,558.3499755859375
2019-09-02,559.7100219726562
2019-09-03,559.010009765625
2019-09-04,563.4600219726562
2019-09-05,569.0999755859375
2019-09-06,569.8400268554688
2019-09-09,568.1300048828125
2019-09-10,568.489990234375
2019-09-11,573.1699829101562
2019-09-12,574.7899780273438
2019-09-13,576.8300170898438
2019-09-16,573.4600219726562
2019-09-17,574.9299926757812
2019-09-18,576.6900024414062
2019-09-19,579.0800170898438
2019-09-20,577.4400024414062
2019-09-23,574.6699829101562
2019-09-24,574.8400268554688
2019-09-25,573.4199829101562
2019-09-26,577.719970703125
2019-09-27,578.3099975585938
2019-09-30,580.22998046875
2019-10-01,573.8900146484375
2019-10-02,558.010009765625
2019-10-03,558.5
2019-10-04,564.5900268554688
2019-10-07,569.5999755859375
2019-10-08,562.719970703125
2019-10-09,565.75
2019-10-10,568.3699951171875
2019-10-11,577.4199829101562
2019-10-14,575.2100219726562
2019-10-15,579.8699951171875
2019-10-16,576.8599853515625
2019-10-17,576.27001953125
2019-10-18,572.719970703125
2019-10-21,575.9199829101562
2019-10-22,576.4099731445312
2019-10-23,575.969970703125
2019-10-24,582.3699951171875
2019-10-25,583.8099975585938
2019-10-28,583.6799926757812
2019-10-29,581.8200073242188
2019-10-30,581.6099853515625
2019-10-31,576.6300048828125
2019-11-01,580.780029296875
2019-11-04,585.5499877929688
2019-11-05,590.6500244140625
2019-11-06,594.9299926757812
2019-11-07,597.1099853515625
2019-11-08,596.5
2019-11-11,596.3900146484375
2019-11-12,599.030029296875
2019-11-13,597.5599975585938
2019-11-14,595.260009765625
2019-11-15,598.9600219726562
2019-11-18,598.1699829101562
2019-11-19,596.6699829101562
2019-11-20,594.1599731445312
2019-11-21,589.8499755859375
2019-11-22,592.7100219726562
2019-11-25,596.6599731445312
2019-11-26,597.5900268554688
2019-11-27,598.3699951171875
2019-11-28,597.8699951171875
2019-11-29,597.2899780273438
2019-12-02,587.1199951171875
2019-12-03,582.9299926757812
2019-12-04,590.989990234375
2019-12-05,591.4400024414062
2019-12-06,602.2999877929688
2019-12-09,602.260009765625
2019-12-10,599.9299926757812
2019-12-11,598.9600219726562
2019-12-12,599.7100219726562
2019-12-13,602.8599853515625
2019-12-16,610.6699829101562
2019-12-17,606.22998046875
2019-12-18,606.0399780273438
2019-12-19,605.77001953125
2019-12-20,609.260009765625
2019-12-23,609.219970703125
2019-12-24,609.3300170898438
2019-12-27,611.010009765625
2019-12-30,605.8300170898438
2019-12-31,604.5800170898438
2020-01-02,612.8699951171875
2020-01-03,611.0599975585938
2020-01-06,607.239990234375
2020-01-07,609.7100219726562
2020-01-08,610.47998046875
2020-01-09,612.5499877929688
2020-01-10,610.4299926757812
2020-01-13,608.9000244140625
2020-01-14,611.1500244140625
2020-01-15,611.5599975585938
2020-01-16,612.0599975585938
2020-01-17,615.5700073242188
2020-01-20,614.22998046875
2020-01-21,611.8900146484375
2020-01-22,611.5599975585938
2020-01-23,605.6199951171875
2020-01-24,614.239990234375
2020-01-27,598.6900024414062
2020-01-28,602.9600219726562
2020-01-29,605.219970703125
2020-01-30,598.9500122070312
2020-01-31,589.5
2020-02-03,592.3599853515625
2020-02-04,605.4000244140625
2020-02-05,613.4099731445312
2020-02-06,618.75
2020-02-07,616.4600219726562
2020-02-10,617.0999755859375
2020-02-11,623.8499755859375
2020-02-12,629.030029296875
2020-02-13,629.1400146484375
2020-02-14,629.22998046875
2020-02-17,629.1699829101562
2020-02-18,625.4299926757812
2020-02-19,628.760009765625
2020-02-20,622.1199951171875
2020-02-21,617.3300170898438
2020-02-24,593.2999877929688
2020-02-25,582.7100219726562
2020-02-26,581.780029296875
2020-02-27,559.97998046875
2020-02-28,539.3800048828125
2020-03-02,542.1699829101562
2020-03-03,550.219970703125
2020-03-04,557.72998046875
2020-03-05,552.5399780273438
2020-03-06,531.2899780273438
2020-03-09,490.6600036621094
2020-03-10,484.70001220703125
2020-03-11,484.1600036621094
2020-03-12,432.1000061035156
2020-03-13,432.8500061035156
2020-03-16,416.7699890136719
2020-03-17,424.260009765625
2020-03-18,404.1000061035156
2020-03-19,422.75
2020-03-20,431.9800109863281
2020-03-23,423.7200012207031
2020-03-24,461.7300109863281
2020-03-25,475.3999938964844
2020-03-26,482.989990234375
2020-03-27,464.92999267578125
2020-03-30,475.9800109863281
2020-03-31,483.44000244140625
2020-04-01,471.29998779296875
2020-04-02,478.2799987792969
2020-04-03,471.4599914550781
2020-04-06,489.82000732421875
2020-04-07,499.8500061035156
2020-04-08,500.7099914550781
2020-04-09,508.0400085449219
2020-04-14,507.739990234375
2020-04-15,491.1300048828125
2020-04-16,496.0799865722656
2020-04-17,505.82000732421875
2020-04-20,512.760009765625
2020-04-21,495.760009765625
2020-04-22,509.6199951171875
2020-04-23,512.72998046875
2020-04-24,504.94000244140625
2020-04-27,512.1900024414062
2020-04-28,519.969970703125
2020-04-29,526.9600219726562
2020-04-30,512.9199829101562
2020-05-04,496.30999755859375
2020-05-05,509.8299865722656
2020-05-06,505.54998779296875
2020-05-07,516.260009765625
2020-05-08,520.5700073242188
2020-05-11,520.3300170898438
2020-05-12,520.4400024414062
2020-05-13,512.1900024414062
2020-05-14,499.0299987792969
2020-05-15,500.30999755859375
2020-05-18,519.8900146484375
2020-05-19,520.4500122070312
2020-05-20,531.0599975585938
2020-05-21,522.8099975585938
2020-05-22,524.3800048828125
2020-05-25,532.8200073242188
2020-05-26,531.2999877929688
2020-05-27,528.9600219726562
2020-05-28,538.6199951171875
2020-05-29,532.5700073242188
2020-06-01,539.5399780273438
2020-06-02,546.1199951171875
2020-06-03,561.2999877929688
2020-06-04,559.1300048828125
2020-06-05,572.7999877929688
2020-06-08,566.2000122070312
2020-06-09,561.75
2020-06-10,559.280029296875
2020-06-11,540.260009765625
2020-06-12,545.1599731445312
2020-06-15,541.9199829101562
2020-06-16,560.010009765625
2020-06-17,566.47998046875
2020-06-18,562.6099853515625
2020-06-19,567.8300170898438
2020-06-22,565.0700073242188
2020-06-23,574.1900024414062
2020-06-24,557.3300170898438
2020-06-25,560.4099731445312
2020-06-26,559.8200073242188
2020-06-29,560.1599731445312
2020-06-30,559.72998046875
2020-07-01,562.6699829101562
2020-07-02,570.75
2020-07-03,568.6300048828125
2020-07-06,578.52001953125
2020-07-07,575.52001953125
2020-07-08,572.1799926757812
2020-07-09,567.3800048828125
2020-07-10,570.52001953125
2020-07-13,578.8499755859375
2020-07-14,572.510009765625
2020-07-15,577.5599975585938
2020-07-16,573.9400024414062
2020-07-17,573.7999877929688
2020-07-20,579.1400146484375
2020-07-21,581.2899780273438
2020-07-22,572.9000244140625
2020-07-23,576.6699829101562
2020-07-24,563.9500122070312
2020-07-27,564.3699951171875
2020-07-28,566.3300170898438
2020-07-29,564.1099853515625
2020-07-30,549.2000122070312
2020-07-31,545.2899780273438
2020-08-03,557.72998046875
2020-08-04,557.9400024414062
2020-08-05,563.0499877929688
2020-08-06,558.4600219726562
2020-08-07,559.5700073242188
2020-08-10,557.0800170898438
2020-08-11,565.5599975585938
2020-08-12,575.0599975585938
2020-08-13,569.9500122070312
2020-08-14,560.8400268554688
2020-08-17,562.9400024414062
2020-08-18,559.4400024414062
2020-08-19,560.22998046875
2020-08-20,552.4400024414062
2020-08-21,551.3699951171875
2020-08-24,560.989990234375
2020-08-25,559.8099975585938
2020-08-26,566.22998046875
2020-08-27,562.4099731445312
2020-08-28,556.7999877929688
2020-08-31,549.2000122070312
2020-09-01,552.219970703125
2020-09-02,561.27001953125
2020-09-03,549.5999755859375
2020-09-04,540.27001953125
2020-09-07,547.1400146484375
2020-09-08,540.7899780273438
2020-09-09,552.0499877929688
2020-09-10,550.5
2020-09-11,552.010009765625
2020-09-14,552.4400024414062
2020-09-15,555.9500122070312
2020-09-16,558.4299926757812
2020-09-17,552.47998046875
2020-09-18,550.8499755859375
2020-09-21,536.010009765625
2020-09-22,540.780029296875
2020-09-23,545.6799926757812
2020-09-24,541.1099853515625
2020-09-25,540.9099731445312
2020-09-28,551.6699829101562
2020-09-29,548.9199829101562
2020-09-30,547.7000122070312
2020-10-01,550.5399780273438
2020-10-02,553.1199951171875
2020-10-05,557.9199829101562
2020-10-06,555.3800048828125
2020-10-07,554.5999755859375
2020-10-08,559.9400024414062
2020-10-09,567.1699829101562
2020-10-12,572.3099975585938
2020-10-13,572.469970703125
2020-10-14,571.97998046875
2020-10-15,560.469970703125
2020-10-16,568.1799926757812
2020-10-19,567.52001953125
2020-10-20,564.0
2020-10-21,557.4000244140625
2020-10-22,554.2000122070312
2020-10-23,554.3400268554688
2020-10-26,545.9500122070312
2020-10-27,545.6500244140625
2020-10-28,534.0900268554688
2020-10-29,534.4299926757812
2020-10-30,533.8800048828125
2020-11-02,543.9099731445312
2020-11-03,554.47998046875
2020-11-04,565.260009765625
2020-11-05,571.5999755859375
2020-11-06,572.9000244140625
2020-11-09,593.9299926757812
2020-11-10,591.8699951171875
2020-11-11,599.2100219726562
2020-11-12,600.0499877929688
2020-11-13,596.8699951171875
2020-11-16,601.6699829101562
2020-11-17,600.9400024414062
2020-11-18,600.8800048828125
2020-11-19,596.010009765625
2020-11-20,601.6199951171875
2020-11-23,601.3699951171875
2020-11-24,607.4600219726562
2020-11-25,606.3900146484375
2020-11-26,607.3900146484375
2020-11-27,611.6699829101562
2020-11-30,606.02001953125
2020-12-01,611.4099731445312
2020-12-02,610.9400024414062
2020-12-03,610.47998046875
2020-12-04,615.6699829101562
2020-12-07,616.2000122070312
2020-12-08,616.5900268554688
2020-12-09,619.719970703125
2020-12-10,618.0999755859375
2020-12-11,614.4600219726562
2020-12-14,612.8800048828125
2020-12-15,617.3400268554688
2020-12-16,621.8599853515625
2020-12-17,624.75
2020-12-18,625.25
2020-12-21,609.3900146484375
2020-12-22,617.5
2020-12-23,622.4199829101562
2020-12-24,626.3699951171875
2020-12-28,627.5900268554688
2020-12-29,629.1400146484375
2020-12-30,628.0599975585938
2020-12-31,624.6099853515625
2021-01-04,631.030029296875
2021-01-05,633.6199951171875
2021-01-06,639.1599731445312
2021-01-07,637.4099731445312
2021-01-08,645.5999755859375
2021-01-11,642.4199829101562
2021-01-12,643.5800170898438
2021-01-13,644.3800048828125
2021-01-14,656.6599731445312
2021-01-15,651.72998046875
2021-01-18,650.2999877929688
2021-01-19,651.280029296875
2021-01-20,659.2999877929688
2021-01-21,663.8800048828125
2021-01-22,660.530029296875
2021-01-25,658.239990234375
2021-01-26,658.5399780273438
2021-01-27,647.9199829101562
2021-01-28,649.0
2021-01-29,637.1099853515625
2021-02-01,647.3400268554688
2021-02-02,652.8699951171875
2021-02-03,654.8900146484375
2021-02-04,654.3800048828125
2021-02-05,653.239990234375
2021-02-08,656.3900146484375
2021-02-09,657.0700073242188
2021-02-10,657.22998046875
2021-02-11,664.3400268554688
2021-02-12,676.8300170898438
2021-02-15,685.1799926757812
2021-02-16,687.4299926757812
2021-02-17,681.0399780273438
2021-02-18,672.8099975585938
2021-02-19,678.47998046875
2021-02-22,671.75
2021-02-23,664.0599975585938
2021-02-24,664.5399780273438
2021-02-25,664.47998046875
2021-02-26,651.260009765625
2021-03-01,664.5800170898438
2021-03-02,663.260009765625
2021-03-03,663.3499755859375
2021-03-04,657.6699829101562
2021-03-05,653.8699951171875
2021-03-08,665.6500244140625
2021-03-09,675.0999755859375
2021-03-10,678.030029296875
2021-03-11,683.7100219726562
2021-03-12,677.4099731445312
2021-03-15,678.7999877929688
2021-03-16,683.6500244140625
2021-03-17,680.7100219726562
2021-03-18,682.3900146484375
2021-03-19,681.7000122070312
2021-03-22,684.2100219726562
2021-03-23,681.739990234375
2021-03-24,686.1300048828125
2021-03-25,685.3300170898438
2021-03-26,696.6199951171875
2021-03-29,697.9400024414062
2021-03-30,701.1199951171875
2021-03-31,699.8499755859375
2021-04-01,708.4299926757812
2021-04-06,713.280029296875
2021-04-07,710.0800170898438
2021-04-08,713.3800048828125
2021-04-09,713.3599853515625
2021-04-12,707.3499755859375
2021-04-13,708.5999755859375
2021-04-14,712.5499877929688
2021-04-15,713.7999877929688
2021-04-16,716.7999877929688
2021-04-19,711.9400024414062
2021-04-20,700.1900024414062
2021-04-21,709.3599853515625
2021-04-22,712.9400024414062
2021-04-23,715.77001953125
2021-04-26,715.4600219726562
2021-04-27,712.219970703125
2021-04-28,711.8400268554688
2021-04-29,710.469970703125
2021-04-30,707.5599975585938
2021-05-03,712.1300048828125
2021-05-04,696.97998046875
2021-05-05,714.1400146484375
2021-05-06,712.4600219726562
2021-05-07,718.4099731445312
2021-05-10,711.9099731445312
2021-05-11,695.9400024414062
2021-05-12,694.760009765625
2021-05-13,694.219970703125
2021-05-14,703.3300170898438
2021-05-17,703.219970703125
2021-05-18,705.010009765625
2021-05-19,693.719970703125
2021-05-20,704.0900268554688
2021-05-21,706.9600219726562
2021-05-24,710.4600219726562
2021-05-25,712.25
2021-05-26,711.1699829101562
2021-05-27,708.3599853515625
2021-05-28,713.280029296875
2021-05-31,709.3599853515625
2021-06-01,715.9400024414062
2021-06-02,718.9299926757812
2021-06-03,717.0800170898438
2021-06-04,720.1799926757812
2021-06-07,718.6099853515625
2021-06-08,719.4299926757812
2021-06-09,722.7100219726562
2021-06-10,725.4500122070312
2021-06-11,728.47998046875
2021-06-14,730.0999755859375
2021-06-15,730.97998046875
2021-06-16,733.5
2021-06-17,734.8900146484375
2021-06-18,719.6300048828125
2021-06-21,723.77001953125
2021-06-22,728.5900268554688
2021-06-23,725.0499877929688
2021-06-24,732.7000122070312
2021-06-25,733.1400146484375
2021-06-28,730.8599853515625
2021-06-29,734.1900024414062
2021-06-30,729.52001953125
2021-07-01,731.3300170898438
2021-07-02,733.5499877929688
2021-07-05,733.989990234375
2021-07-06,731.47998046875
2021-07-07,737.6400146484375
2021-07-08,723.1099853515625
2021-07-09,732.1500244140625
2021-07-12,738.4400024414062
2021-07-13,742.8599853515625
2021-07-14,744.9500122070312
2021-07-15,739.4199829101562
2021-07-16,736.52001953125
2021-07-19,721.0900268554688
2021-07-20,722.030029296875
2021-07-21,733.739990234375
2021-07-22,739.030029296875
2021-07-23,749.4199829101562
2021-07-26,745.0999755859375
2021-07-27,737.239990234375
2021-07-28,747.6599731445312
2021-07-29,758.0800170898438
2021-07-30,754.3099975585938
2021-08-02,758.219970703125
2021-08-03,760.0800170898438
2021-08-04,766.239990234375
2021-08-05,768.22998046875
2021-08-06,767.8200073242188
2021-08-09,771.7999877929688
2021-08-10,775.1199951171875
2021-08-11,775.8400268554688
2021-08-12,775.239990234375
2021-08-13,774.8300170898438
2021-08-16,769.780029296875
2021-08-17,770.7899780273438
2021-08-18,771.47998046875
2021-08-19,765.8300170898438
2021-08-20,771.4099731445312
2021-08-23,780.280029296875
2021-08-24,783.1500244140625
2021-08-25,781.9299926757812
2021-08-26,780.3099975585938
2021-08-27,787.0399780273438
2021-08-30,789.1400146484375
2021-08-31,787.6199951171875
2021-09-01,790.0
2021-09-02,793.3200073242188
2021-09-03,789.5499877929688
2021-09-06,798.5499877929688
2021-09-07,794.72998046875
2021-09-08,789.0
2021-09-09,787.1699829101562
2021-09-10,788.489990234375
2021-09-13,791.4500122070312
2021-09-14,797.7100219726562
2021-09-15,794.1900024414062
2021-09-16,798.1500244140625
2021-09-17,789.489990234375
2021-09-20,778.280029296875
2021-09-21,786.3099975585938
2021-09-22,792.4000244140625
2021-09-23,800.6099853515625
2021-09-24,791.4500122070312
2021-09-27,788.6699829101562
2021-09-28,773.7100219726562
2021-09-29,775.8400268554688
2021-09-30,771.9400024414062
2021-10-01,766.6900024414062
2021-10-04,757.2000122070312
2021-10-05,771.1900024414062
2021-10-06,761.219970703125
2021-10-07,777.1799926757812
2021-10-08,772.0499877929688
2021-10-11,773.7899780273438
2021-10-12,771.469970703125
2021-10-13,777.52001953125
2021-10-14,790.8400268554688
2021-10-15,800.4099731445312
2021-10-18,796.739990234375
2021-10-19,802.489990234375
2021-10-20,805.469970703125
2021-10-21,807.6400146484375
2021-10-22,812.969970703125
2021-10-25,813.02001953125
2021-10-26,816.9099731445312
2021-10-27,815.2899780273438
2021-10-28,812.22998046875
2021-10-29,810.9099731445312
2021-11-01,811.739990234375
2021-11-02,812.2899780273438
2021-11-03,816.010009765625
2021-11-04,820.3800048828125
2021-11-05,819.719970703125
2021-11-08,817.5900268554688
2021-11-09,815.1699829101562
2021-11-10,814.6300048828125
2021-11-11,816.3499755859375
2021-11-12,820.2999877929688
2021-11-15,823.2100219726562
2021-11-16,826.5
2021-11-17,827.5700073242188
2021-11-18,825.0599975585938
2021-11-19,821.7999877929688
2021-11-22,815.3400268554688
2021-11-23,802.239990234375
2021-11-24,802.9600219726562
2021-11-25,807.5499877929688
2021-11-26,781.6300048828125
2021-11-29,787.010009765625
2021-11-30,777.3900146484375
2021-12-01,790.7000122070312
2021-12-02,778.7999877929688
2021-12-03,772.219970703125
2021-12-06,778.4299926757812
2021-12-07,805.780029296875
2021-12-08,797.719970703125
2021-12-09,791.9099731445312
2021-12-10,788.010009765625
2021-12-13,783.0
2021-12-14,775.75
2021-12-15,775.4600219726562
2021-12-16,781.5900268554688
2021-12-17,771.7000122070312
2021-12-20,763.030029296875
2021-12-21,774.9500122070312
2021-12-22,782.0800170898438
2021-12-23,792.2999877929688
2021-12-24,790.47998046875
2021-12-27,797.2999877929688
2021-12-28,800.9500122070312
2021-12-29,796.1199951171875
2021-12-30,800.25
2021-12-31,797.9299926757812
2022-01-03,803.3099975585938
2022-01-04,804.280029296875
2022-01-05,800.75
2022-01-06,785.9000244140625
2022-01-07,788.4299926757812
2022-01-10,773.1300048828125
2022-01-11,782.3499755859375
2022-01-12,790.4400024414062
2022-01-13,791.3300170898438
2022-01-14,783.530029296875
2022-01-17,781.3200073242188
2022-01-18,769.7000122070312
2022-01-19,772.5599975585938
2022-01-20,778.260009765625
2022-01-21,763.7000122070312
2022-01-24,738.6599731445312
2022-01-25,739.8599853515625
2022-01-26,752.4299926757812
2022-01-27,753.7899780273438
2022-01-28,744.260009765625
2022-01-31,755.2000122070312
2022-02-01,765.219970703125
2022-02-02,765.5599975585938
2022-02-03,748.8099975585938
2022-02-04,747.1699829101562
2022-02-07,755.6900024414062
2022-02-08,755.7899780273438
2022-02-09,769.9400024414062
2022-02-10,762.6500244140625
2022-02-11,761.5
2022-02-14,747.8900146484375
2022-02-15,755.219970703125
2022-02-16,758.9199829101562
2022-02-17,751.2000122070312
2022-02-18,744.8900146484375
2022-02-21,729.72998046875
2022-02-22,731.9600219726562
2022-02-23,727.9099731445312
2022-02-24,708.5499877929688
2022-02-25,727.8499755859375
2022-02-28,729.719970703125
2022-03-01,713.4600219726562
2022-03-02,721.0
2022-03-03,705.4199829101562
2022-03-04,671.72998046875
2022-03-07,669.0399780273438
2022-03-08,656.739990234375
2022-03-09,688.3300170898438
2022-03-10,671.8499755859375
2022-03-11,674.7999877929688
2022-03-14,674.2999877929688
2022-03-15,676.3800048828125
2022-03-16,703.52001953125
2022-03-17,707.4500122070312
2022-03-18,716.3599853515625
2022-03-21,718.3699951171875
2022-03-22,728.27001953125
2022-03-23,721.8099975585938
2022-03-24,720.8499755859375
2022-03-25,723.9000244140625
2022-03-28,720.3599853515625
2022-03-29,735.1500244140625
2022-03-30,733.8800048828125
2022-03-31,724.2000122070312
2022-04-01,728.0
2022-04-04,737.7999877929688
2022-04-05,736.02001953125
2022-04-06,719.6699829101562
2022-04-07,716.530029296875
2022-04-08,724.75
2022-04-11,714.739990234375
2022-04-12,716.3800048828125
2022-04-13,718.0700073242188
2022-04-14,719.7000122070312
2022-04-19,716.5700073242188
2022-04-20,725.6099853515625
2022-04-21,729.0499877929688
2022-04-22,717.260009765625
2022-04-25,699.1699829101562
2022-04-26,695.5700073242188
2022-04-27,696.3499755859375
2022-04-28,705.9299926757812
2022-04-29,710.97998046875
2022-05-02,694.4400024414062
2022-05-03,705.9500122070312
2022-05-04,698.6799926757812
2022-05-05,696.1900024414062
2022-05-06,682.1900024414062
2022-05-09,666.1699829101562
2022-05-10,669.739990234375
2022-05-11,682.7000122070312
2022-05-12,675.0900268554688
2022-05-13,694.1300048828125
2022-05-16,694.6199951171875
2022-05-17,702.5800170898438
2022-05-18,693.030029296875
2022-05-19,678.3499755859375
2022-05-20,682.9600219726562
2022-05-23,694.02001953125
2022-05-24,679.8800048828125
2022-05-25,684.1099853515625
2022-05-26,692.7999877929688
2022-05-27,702.280029296875
2022-05-30,708.3400268554688
2022-05-31,712.8800048828125
2022-06-01,701.1900024414062
2022-06-02,703.4400024414062
2022-06-03,700.6900024414062
2022-06-06,711.8200073242188
2022-06-07,709.1400146484375
2022-06-08,710.989990234375
2022-06-09,699.5800170898438
2022-06-10,681.969970703125
2022-06-13,661.5399780273438
2022-06-14,652.8699951171875
2022-06-15,663.2100219726562
2022-06-16,638.3400268554688
2022-06-17,635.75
2022-06-20,641.4299926757812
2022-06-21,648.030029296875
2022-06-22,641.8699951171875
2022-06-23,635.9299926757812
2022-06-24,660.3200073242188
2022-06-27,670.530029296875
2022-06-28,669.010009765625
2022-06-29,666.5700073242188
2022-06-30,659.22998046875
2022-07-01,655.6799926757812
2022-07-04,659.6099853515625
2022-07-05,644.219970703125
2022-07-06,656.7100219726562
2022-07-07,671.4199829101562
2022-07-08,674.219970703125
2022-07-11,669.1699829101562
2022-07-12,670.6799926757812
2022-07-13,665.9099731445312
2022-07-14,659.7100219726562
2022-07-15,671.9199829101562
2022-07-18,681.0999755859375
2022-07-19,689.469970703125
2022-07-20,694.4099731445312
2022-07-21,704.6099853515625
2022-07-22,705.0399780273438
2022-07-25,707.010009765625
2022-07-26,706.260009765625
2022-07-27,713.530029296875
2022-07-28,722.3800048828125
2022-07-29,729.4400024414062
2022-08-01,728.1799926757812
2022-08-02,725.75
2022-08-03,734.530029296875
2022-08-04,731.5800170898438
2022-08-05,722.739990234375
2022-08-08,727.8699951171875
2022-08-09,716.9299926757812
2022-08-10,724.27001953125
2022-08-11,725.7899780273438
2022-08-12,725.760009765625
2022-08-15,728.8800048828125
2022-08-16,728.1099853515625
2022-08-17,723.0900268554688
2022-08-18,725.8599853515625
2022-08-19,719.52001953125
2022-08-22,711.0399780273438
2022-08-23,710.8699951171875
2022-08-24,713.8099975585938
2022-08-25,718.25
2022-08-26,705.0800170898438
2022-08-29,698.3300170898438
2022-08-30,690.3099975585938
2022-08-31,680.3099975585938
2022-09-01,666.9400024414062
2022-09-02,678.5700073242188
2022-09-05,674.1199951171875
2022-09-06,675.27001953125
2022-09-07,671.27001953125
2022-09-08,674.4000244140625
2022-09-09,685.969970703125
2022-09-12,696.8699951171875
2022-09-13,684.22998046875
2022-09-14,680.8599853515625
2022-09-15,674.739990234375
2022-09-16,664.8300170898438
2022-09-19,665.4299926757812
2022-09-20,661.6099853515625
2022-09-21,669.7899780273438
2022-09-22,657.4000244140625
2022-09-23,639.280029296875
2022-09-26,640.4099731445312
2022-09-27,642.719970703125
2022-09-28,641.0900268554688
2022-09-29,633.5499877929688
2022-09-30,640.6199951171875
2022-10-03,645.7999877929688
2022-10-04,669.5900268554688
2022-10-05,664.4500122070312
2022-10-06,661.3800048828125
2022-10-07,647.1099853515625
2022-10-10,641.2100219726562
2022-10-11,636.3099975585938
2022-10-12,631.1799926757812
2022-10-13,633.010009765625
2022-10-14,630.5800170898438
2022-10-17,640.9500122070312
2022-10-18,642.47998046875
2022-10-19,645.3900146484375
2022-10-20,652.0399780273438
2022-10-21,652.4600219726562
2022-10-24,653.5399780273438
2022-10-25,666.2100219726562
2022-10-26,665.6300048828125
2022-10-27,669.4000244140625
2022-10-28,667.52001953125
2022-10-31,670.6199951171875
2022-11-01,673.3200073242188
2022-11-02,667.239990234375
2022-11-03,661.1799926757812
2022-11-04,671.8800048828125
2022-11-07,676.0599975585938
2022-11-08,683.9600219726562
2022-11-09,677.260009765625
2022-11-10,700.6500244140625
2022-11-11,702.9099731445312
2022-11-14,706.6699829101562
2022-11-15,716.4299926757812
2022-11-16,709.1099853515625
2022-11-17,708.3800048828125
2022-11-18,712.5499877929688
2022-11-21,710.3800048828125
2022-11-22,716.3300170898438
2022-11-23,721.4500122070312
2022-11-24,722.739990234375
2022-11-25,722.9299926757812
2022-11-28,720.510009765625
2022-11-29,717.739990234375
2022-11-30,724.0999755859375
2022-12-01,731.739990234375
2022-12-02,731.0399780273438
2022-12-05,727.0900268554688
2022-12-06,723.6799926757812
2022-12-07,718.3400268554688
2022-12-08,719.8300170898438
2022-12-09,724.1699829101562
2022-12-12,720.6900024414062
2022-12-13,732.9500122070312
2022-12-14,730.8699951171875
2022-12-15,707.5999755859375
2022-12-16,700.0
2022-12-19,700.7100219726562
2022-12-20,697.25
2022-12-21,709.5800170898438
2022-12-22,700.4000244140625
2022-12-23,701.0599975585938
2022-12-27,701.0599975585938
2022-12-28,694.8400268554688
2022-12-29,701.010009765625
2022-12-30,689.010009765625
2023-01-02,701.1599731445312
2023-01-03,707.6300048828125
2023-01-04,717.510009765625
2023-01-05,714.3200073242188
2023-01-06,724.260009765625
2023-01-09,736.1799926757812
2023-01-10,733.030029296875
2023-01-11,738.8300170898438
2023-01-12,741.9000244140625
2023-01-13,748.0399780273438
2023-01-16,748.3499755859375
2023-01-17,748.8099975585938
2023-01-18,749.1199951171875
2023-01-19,735.6799926757812
2023-01-20,738.6400146484375
2023-01-23,747.8699951171875
2023-01-24,746.4000244140625
2023-01-25,741.3400268554688
2023-01-26,747.2100219726562
2023-01-27,750.6699829101562
2023-01-30,744.8300170898438
2023-01-31,745.1900024414062
2023-02-01,747.6799926757812
2023-02-02,758.6099853515625
2023-02-03,763.8599853515625
2023-02-06,752.4000244140625
2023-02-07,753.0900268554688
2023-02-08,748.4000244140625
2023-02-09,757.0499877929688
2023-02-10,752.219970703125
2023-02-13,762.6400146484375
2023-02-14,762.969970703125
2023-02-15,769.72998046875
2023-02-16,771.6900024414062
2023-02-17,765.0399780273438
2023-02-20,762.6300048828125
2023-02-21,757.6599731445312
2023-02-22,756.6300048828125
2023-02-23,755.719970703125
2023-02-24,746.4099731445312
2023-02-27,756.989990234375
2023-02-28,752.9299926757812
2023-03-01,749.3800048828125
2023-03-02,755.1699829101562
2023-03-03,760.5700073242188
2023-03-06,759.8300170898438
2023-03-07,751.52001953125
2023-03-08,753.3499755859375
2023-03-09,753.2000122070312
2023-03-10,743.030029296875
2023-03-13,727.25
2023-03-14,737.52001953125
2023-03-15,716.469970703125
2023-03-16,727.0599975585938
2023-03-17,722.4299926757812
2023-03-20,729.0499877929688
2023-03-21,736.1799926757812
2023-03-22,741.7999877929688
2023-03-23,743.5900268554688
2023-03-24,731.8099975585938
2023-03-27,735.9099731445312
2023-03-28,733.8099975585938
2023-03-29,745.5399780273438
2023-03-30,752.4600219726562
2023-03-31,756.1799926757812
2023-04-03,758.4099731445312
2023-04-04,758.3599853515625
2023-04-05,755.760009765625
2023-04-06,759.8400268554688
2023-04-11,763.3200073242188
2023-04-12,759.5399780273438
2023-04-13,760.5700073242188
2023-04-14,761.4000244140625
2023-04-17,758.5
2023-04-18,763.1500244140625
2023-04-19,760.219970703125
2023-04-20,761.0999755859375
2023-04-21,762.1900024414062
2023-04-24,762.489990234375
2023-04-25,755.4500122070312
2023-04-26,749.5999755859375
2023-04-27,752.5999755859375
2023-04-28,758.489990234375
2023-05-02,744.3099975585938
2023-05-03,744.239990234375
2023-05-04,741.219970703125
2023-05-05,750.47998046875
2023-05-08,752.6799926757812
2023-05-09,748.3800048828125
2023-05-10,748.2899780273438
2023-05-11,751.1199951171875
2023-05-12,752.989990234375
2023-05-15,756.1799926757812
2023-05-16,756.219970703125
2023-05-17,758.280029296875
2023-05-18,765.280029296875
2023-05-19,767.0999755859375
2023-05-22,767.6099853515625
2023-05-23,765.97998046875
2023-05-24,754.1300048828125
2023-05-25,755.2100219726562
2023-05-26,767.8599853515625
2023-05-29,764.0999755859375
2023-05-30,756.6699829101562
2023-05-31,748.8599853515625
2023-06-01,756.3499755859375
2023-06-02,764.9199829101562
2023-06-05,763.3400268554688
2023-06-06,762.219970703125
2023-06-07,761.6099853515625
2023-06-08,760.9400024414062
2023-06-09,759.3200073242188
2023-06-12,760.3400268554688
2023-06-13,767.7100219726562
2023-06-14,771.4099731445312
2023-06-15,772.6400146484375
2023-06-16,772.719970703125
2023-06-19,768.97998046875
2023-06-20,763.0900268554688
2023-06-21,759.1599731445312
2023-06-22,759.1699829101562
2023-06-23,756.5999755859375
2023-06-26,757.5
2023-06-27,760.5599975585938
2023-06-28,767.77001953125
2023-06-29,768.9400024414062
2023-06-30,773.9400024414062
2023-07-03,776.4400024414062
2023-07-04,778.719970703125
2023-07-05,769.8900146484375
2023-07-06,753.3400268554688
2023-07-07,753.52001953125
2023-07-10,755.760009765625
2023-07-11,755.8200073242188
2023-07-12,768.1400146484375
2023-07-13,774.7999877929688
2023-07-14,778.9299926757812
2023-07-17,773.4500122070312
2023-07-18,774.47998046875
2023-07-19,775.030029296875
2023-07-20,769.6199951171875
2023-07-21,773.75
2023-07-24,771.5499877929688
2023-07-25,779.8099975585938
2023-07-26,775.4600219726562
2023-07-27,792.0599975585938
2023-07-28,794.27001953125
2023-07-31,792.0
2023-08-01,786.1400146484375
2023-08-02,775.030029296875
2023-08-03,770.0700073242188
2023-08-04,772.7100219726562
2023-08-07,772.1300048828125
2023-08-08,767.0
2023-08-09,770.219970703125
2023-08-10,777.7899780273438
2023-08-11,765.1599731445312
2023-08-14,766.2100219726562
2023-08-15,759.280029296875
2023-08-16,756.8499755859375
2023-08-17,737.6300048828125
2023-08-18,735.0399780273438
2023-08-21,733.5900268554688
2023-08-22,738.2100219726562
2023-08-23,740.72998046875
2023-08-24,733.989990234375
2023-08-25,733.3699951171875
2023-08-28,741.760009765625
2023-08-29,745.8900146484375
2023-08-30,745.4299926757812
2023-08-31,743.6199951171875
2023-09-01,746.0499877929688
2023-09-04,747.4299926757812
2023-09-05,747.1099853515625
2023-09-06,745.4299926757812
2023-09-07,739.7100219726562
2023-09-08,739.0900268554688
2023-09-11,738.8900146484375
2023-09-12,736.6900024414062
2023-09-13,734.9299926757812
2023-09-14,744.4600219726562
2023-09-15,741.510009765625
2023-09-18,735.8499755859375
2023-09-19,734.9299926757812
2023-09-20,738.3200073242188
2023-09-21,731.719970703125
2023-09-22,730.0900268554688
2023-09-25,726.6400146484375
2023-09-26,721.4299926757812
2023-09-27,721.739990234375
2023-09-28,725.989990234375
2023-09-29,728.7899780273438
2023-10-02,724.1799926757812
2023-10-03,719.6699829101562
2023-10-04,720.8599853515625
2023-10-05,721.75
2023-10-06,726.7000122070312
2023-10-09,726.0
2023-10-10,738.8900146484375
2023-10-11,737.780029296875
2023-10-12,741.52001953125
2023-10-13,733.9000244140625
2023-10-16,735.3900146484375
2023-10-17,736.77001953125
2023-10-18,729.5700073242188
2023-10-19,727.6099853515625
2023-10-20,716.239990234375
2023-10-23,719.1799926757812
2023-10-24,721.72998046875
2023-10-25,722.239990234375
2023-10-26,719.2999877929688
2023-10-27,714.25
2023-10-30,714.0499877929688
2023-10-31,718.5999755859375
2023-11-01,722.22998046875
2023-11-02,736.030029296875
2023-11-03,736.3099975585938
2023-11-06,735.3400268554688
2023-11-07,735.739990234375
2023-11-08,734.6400146484375
2023-11-09,749.1599731445312
2023-11-10,746.3099975585938
2023-11-13,753.4099731445312
2023-11-14,758.1500244140625
2023-11-15,762.8200073242188
2023-11-16,753.9099731445312
2023-11-17,758.5900268554688
2023-11-20,759.469970703125
2023-11-21,758.5599975585938
2023-11-22,760.0399780273438
2023-11-23,762.3200073242188
2023-11-24,765.6599731445312
2023-11-27,764.219970703125
2023-11-28,761.3699951171875
2023-11-29,761.989990234375
2023-11-30,765.0399780273438
2023-12-01,771.3699951171875
2023-12-04,770.6099853515625
2023-12-05,774.0700073242188
2023-12-06,776.1799926757812
2023-12-07,776.3400268554688
2023-12-08,781.8499755859375
2023-12-11,786.4500122070312
2023-12-12,786.1300048828125
2023-12-13,787.02001953125
2023-12-14,789.9099731445312
2023-12-15,793.1300048828125
2023-12-18,789.1500244140625
2023-12-19,792.47998046875
2023-12-20,793.6900024414062
2023-12-21,789.8800048828125
2023-12-22,785.4500122070312
2023-12-27,786.8400268554688
2023-12-28,787.0399780273438
2023-12-29,786.8200073242188
2024-01-02,783.1099853515625
2024-01-03,779.75
2024-01-04,780.3099975585938
2024-01-05,778.7000122070312
2024-01-08,779.0900268554688
2024-01-09,777.5800170898438
2024-01-10,775.02001953125
2024-01-11,774.5399780273438
2024-01-12,781.8599853515625
2024-01-15,779.489990234375
2024-01-16,778.5399780273438
2024-01-17,771.4299926757812
2024-01-18,778.1699829101562
2024-01-19,778.8900146484375
2024-01-22,785.5999755859375
2024-01-23,787.77001953125
2024-01-24,806.9299926757812
2024-01-25,814.8699951171875
2024-01-26,817.739990234375
2024-01-29,819.9099731445312
2024-01-30,820.6400146484375
2024-01-31,818.2100219726562
2024-02-01,822.0900268554688
2024-02-02,822.530029296875
2024-02-05,824.2899780273438
2024-02-06,831.0900268554688
2024-02-07,830.1300048828125
2024-02-08,843.75
2024-02-09,851.77001953125
2024-02-12,854.8800048828125
2024-02-13,842.6199951171875
2024-02-14,843.6699829101562
2024-02-15,847.5900268554688
2024-02-16,858.1099853515625
2024-02-19,855.8499755859375
2024-02-20,848.280029296875
2024-02-21,846.7899780273438
2024-02-22,857.510009765625
2024-02-23,854.969970703125
2024-02-26,852.8699951171875
2024-02-27,852.97998046875
2024-02-28,847.4600219726562
2024-02-29,848.4400024414062
2024-03-01,854.0999755859375
2024-03-04,856.5499877929688
2024-03-05,851.1599731445312
2024-03-06,857.02001953125
2024-03-07,868.739990234375
2024-03-08,861.9600219726562
2024-03-11,852.3200073242188
2024-03-12,860.969970703125
2024-03-13,860.3300170898438
2024-03-14,858.75
2024-03-15,851.780029296875
2024-03-18,853.760009765625
2024-03-19,860.6900024414062
2024-03-20,860.5399780273438
2024-03-21,875.4199829101562
2024-03-22,876.3400268554688
2024-03-25,877.1500244140625
2024-03-26,878.4000244140625
2024-03-27,879.0999755859375
2024-03-28,881.780029296875
2024-04-02,881.4199829101562
2024-04-03,884.0499877929688
2024-04-04,884.1699829101562
2024-04-05,880.6300048828125
2024-04-08,884.8599853515625
2024-04-09,881.030029296875
2024-04-10,886.6699829101562
2024-04-11,883.7899780273438
2024-04-12,883.4500122070312
2024-04-15,884.0700073242188
2024-04-16,874.6699829101562
2024-04-17,865.3499755859375
2024-04-18,865.3599853515625
2024-04-19,860.010009765625
2024-04-22,866.510009765625
2024-04-23,874.7899780273438
2024-04-24,874.02001953125
2024-04-25,870.27001953125
2024-04-26,882.6300048828125
2024-04-29,882.27001953125
2024-04-30,878.8300170898438
2024-05-02,878.7100219726562
2024-05-03,887.4400024414062
2024-05-06,891.1300048828125
2024-05-07,900.0599975585938
2024-05-08,899.5999755859375
2024-05-09,904.2100219726562
2024-05-10,910.5900268554688
2024-05-13,911.9099731445312
2024-05-14,910.6300048828125
2024-05-15,913.3900146484375
2024-05-16,913.5599975585938
2024-05-17,913.25
2024-05-20,914.9500122070312
2024-05-21,911.510009765625
2024-05-22,910.52001953125
2024-05-23,914.27001953125
2024-05-24,915.2100219726562
2024-05-27,916.0399780273438
2024-05-28,912.22998046875
2024-05-29,905.8300170898438
2024-05-30,905.5800170898438
2024-05-31,903.6099853515625
2024-06-03,905.0999755859375
2024-06-04,901.6799926757812
2024-06-05,918.6699829101562
2024-06-06,923.3599853515625
2024-06-07,923.7100219726562
2024-06-10,924.7000122070312
2024-06-11,921.25
2024-06-12,931.7899780273438
2024-06-13,924.6099853515625
2024-06-14,918.719970703125
2024-06-17,923.1199951171875
2024-06-18,928.1900024414062
2024-06-19,924.780029296875
2024-06-20,933.8400268554688
2024-06-21,925.22998046875
2024-06-24,926.4000244140625
2024-06-25,926.6400146484375
2024-06-26,923.1300048828125
2024-06-27,925.1099853515625
2024-06-28,923.8499755859375
2024-07-01,923.0499877929688
2024-07-02,924.6099853515625
2024-07-03,931.0900268554688
2024-07-04,934.8200073242188
2024-07-05,933.760009765625
2024-07-08,932.8499755859375
2024-07-09,930.7000122070312
2024-07-10,939.6199951171875
2024-07-11,936.0599975585938
2024-07-12,944.9099731445312
2024-07-15,937.469970703125
2024-07-16,933.469970703125
2024-07-17,916.5399780273438
2024-07-18,916.0399780273438
2024-07-19,907.3099975585938
2024-07-22,916.9500122070312
2024-07-23,914.969970703125
2024-07-24,903.4600219726562
2024-07-25,898.5700073242188
2024-07-26,906.6400146484375
2024-07-29,904.1199951171875
2024-07-30,907.989990234375
2024-07-31,920.6199951171875
2024-08-01,907.1400146484375
2024-08-02,878.9099731445312
2024-08-05,860.4400024414062
2024-08-06,866.7000122070312
2024-08-07,886.0800170898438
2024-08-08,884.489990234375
2024-08-09,883.3699951171875
2024-08-12,885.6500244140625
2024-08-13,888.9099731445312
2024-08-14,890.239990234375
2024-08-15,905.8599853515625
2024-08-16,905.6699829101562
2024-08-19,908.8499755859375
2024-08-20,903.0399780273438
2024-08-21,907.6500244140625
2024-08-22,908.3599853515625
2024-08-23,908.5599975585938
2024-08-26,907.489990234375
2024-08-27,907.9400024414062
2024-08-28,910.739990234375
2024-08-29,923.780029296875
2024-08-30,918.6599731445312
2024-09-02,920.6900024414062
2024-09-03,908.8499755859375
2024-09-04,896.97998046875
2024-09-05,891.8599853515625
2024-09-06,879.2899780273438
2024-09-09,888.3099975585938
2024-09-10,881.8400268554688
2024-09-11,884.5
2024-09-12,893.25
2024-09-13,899.5999755859375
2024-09-16,895.75
2024-09-17,900.3200073242188
2024-09-18,892.6300048828125
2024-09-19,908.4199829101562
2024-09-20,897.5499877929688
2024-09-23,903.469970703125
2024-09-24,907.1599731445312
2024-09-25,906.030029296875
2024-09-26,911.6599731445312
2024-09-27,917.4299926757812
2024-09-30,910.1199951171875
2024-10-01,910.1300048828125
2024-10-02,916.8599853515625
2024-10-03,910.3499755859375
2024-10-04,911.8099975585938
2024-10-07,912.77001953125
2024-10-08,910.1900024414062
2024-10-09,915.6799926757812
2024-10-10,911.3200073242188
2024-10-11,915.9600219726562
2024-10-14,922.6300048828125
2024-10-15,899.4199829101562
2024-10-16,892.739990234375
2024-10-17,898.6300048828125
2024-10-18,903.4099731445312
2024-10-21,898.3300170898438
2024-10-22,897.2999877929688
2024-10-23,889.969970703125
2024-10-24,895.9000244140625
2024-10-25,898.8200073242188
2024-10-28,896.8099975585938
2024-10-29,894.6400146484375
2024-10-30,881.27001953125
2024-10-31,874.1799926757812
2024-11-01,883.6199951171875
2024-11-04,879.510009765625
2024-11-05,882.760009765625
2024-11-06,875.4099731445312
2024-11-07,878.5399780273438
2024-11-08,874.1799926757812
2024-11-11,878.2899780273438
2024-11-12,865.1900024414062
2024-11-13,862.97998046875
2024-11-14,874.47998046875
2024-11-15,862.5
2024-11-18,865.3699951171875
2024-11-19,861.97998046875
2024-11-20,858.5700073242188
2024-11-21,866.1300048828125
2024-11-22,879.7999877929688
2024-11-25,879.4000244140625
2024-11-26,875.1400146484375
2024-11-27,874.47998046875
2024-11-28,876.5800170898438
2024-11-29,881.72998046875
2024-12-02,887.6500244140625
2024-12-03,889.9199829101562
2024-12-04,891.6300048828125
2024-12-05,894.4000244140625
2024-12-06,891.6699829101562
2024-12-09,894.719970703125
2024-12-10,893.4199829101562
2024-12-11,896.1400146484375
2024-12-12,894.4199829101562
2024-12-13,893.5499877929688
2024-12-16,891.47998046875
2024-12-17,889.6599731445312
2024-12-18,892.6599731445312
2024-12-19,878.8300170898438
2024-12-20,875.4400024414062
2024-12-23,872.219970703125
2024-12-24,876.260009765625
2024-12-27,879.7000122070312
2024-12-30,871.7999877929688
2024-12-31,878.6300048828125
2025-01-02,887.1699829101562
2025-01-03,884.5900268554688
2025-01-06,891.5599975585938
2025-01-07,893.9600219726562
2025-01-08,889.0
2025-01-09,895.8300170898438
2025-01-10,890.2999877929688
2025-01-13,885.280029296875
2025-01-14,884.97998046875
2025-01-15,893.9400024414062
2025-01-16,907.6599731445312
2025-01-17,914.239990234375
2025-01-20,917.510009765625
2025-01-21,914.6400146484375
2025-01-22,914.4500122070312
2025-01-23,909.1099853515625
2025-01-24,901.3300170898438
2025-01-27,894.8400268554688
2025-01-28,898.4099731445312
2025-01-29,904.9400024414062
2025-01-30,919.0
2025-01-31,921.9400024414062
2025-02-03,916.27001953125
2025-02-04,919.469970703125
2025-02-05,919.4500122070312
2025-02-06,925.1300048828125
2025-02-07,924.0999755859375
2025-02-10,931.72998046875
2025-02-11,938.9199829101562
2025-02-12,942.6099853515625
2025-02-13,946.5800170898438
2025-02-14,946.6099853515625
2025-02-17,948.5399780273438
2025-02-18,947.0599975585938
2025-02-19,942.280029296875
2025-02-20,938.5800170898438
2025-02-21,937.5800170898438
2025-02-24,934.4199829101562
2025-02-25,929.780029296875
2025-02-26,932.0900268554688
2025-02-27,925.9099731445312
2025-02-28,921.9199829101562
2025-03-03,930.4099731445312
2025-03-04,914.0499877929688
2025-03-05,909.510009765625
2025-03-06,910.719970703125
2025-03-07,911.3400268554688
2025-03-10,902.5399780273438
2025-03-11,889.6900024414062
2025-03-12,899.239990234375
2025-03-13,897.969970703125
2025-03-14,905.6300048828125
2025-03-17,913.9500122070312
2025-03-18,913.969970703125
2025-03-19,922.75
2025-03-20,919.260009765625
2025-03-21,914.8300170898438
2025-03-24,915.6699829101562
2025-03-25,921.0
2025-03-26,917.0900268554688
2025-03-27,914.6799926757812
2025-03-28,907.4600219726562
2025-03-31,898.7999877929688
2025-04-01,905.239990234375
2025-04-02,901.52001953125
2025-04-03,877.4199829101562
2025-04-04,841.2899780273438
2025-04-07,801.260009765625
2025-04-08,823.8900146484375
2025-04-09,796.4500122070312
2025-04-10,819.239990234375
2025-04-11,819.5599975585938
2025-04-14,839.2899780273438
2025-04-15,857.1199951171875
2025-04-16,853.5599975585938
2025-04-17,852.2000122070312
2025-04-22,857.2100219726562
2025-04-23,869.6699829101562
2025-04-24,871.989990234375
2025-04-25,872.8400268554688
2025-04-28,872.6900024414062
2025-04-29,874.739990234375
2025-04-30,877.8900146484375
2025-05-02,897.6300048828125
2025-05-05,896.4400024414062
2025-05-06,895.5800170898438
2025-05-07,896.02001953125
2025-05-08,901.9000244140625
2025-05-09,905.739990234375
2025-05-12,922.0800170898438
2025-05-13,927.4600219726562
2025-05-14,929.239990234375
2025-05-15,929.0
2025-05-16,930.9000244140625
2025-05-19,929.52001953125
2025-05-20,931.0499877929688
2025-05-21,933.3200073242188
2025-05-22,926.9099731445312
2025-05-23,917.3900146484375
2025-05-26,924.8800048828125
2025-05-27,930.0599975585938
2025-05-28,924.4099731445312
2025-05-29,924.219970703125
2025-05-30,922.9299926757812
2025-06-02,918.3599853515625
2025-06-03,920.2999877929688
2025-06-04,924.010009765625
2025-06-05,925.530029296875
2025-06-06,929.9299926757812
2025-06-09,932.1099853515625
2025-06-10,938.6300048828125
2025-06-11,935.5
2025-06-12,930.47998046875
2025-06-13,922.6199951171875
2025-06-16,924.9299926757812
2025-06-17,920.6300048828125
2025-06-18,917.0999755859375
2025-06-19,909.2999877929688
2025-06-20,908.52001953125
2025-06-23,916.7899780273438
2025-06-24,924.6199951171875
2025-06-25,917.8599853515625
2025-06-26,910.6900024414062
2025-06-27,920.1400146484375
2025-06-30,913.280029296875
2025-07-01,909.1900024414062
2025-07-02,910.52001953125
2025-07-03,915.2899780273438
2025-07-04,908.4400024414062
2025-07-07,913.97998046875
2025-07-08,916.760009765625
2025-07-09,918.77001953125
2025-07-10,927.3200073242188
2025-07-11,921.489990234375
2025-07-14,920.5
2025-07-15,923.2899780273438
2025-07-16,902.1099853515625
2025-07-17,914.469970703125
2025-07-18,911.8499755859375
2025-07-21,908.4199829101562
2025-07-22,901.1900024414062
2025-07-23,908.1500244140625
2025-07-24,914.010009765625
2025-07-25,905.3699951171875
2025-07-28,908.0399780273438
2025-07-29,909.989990234375
2025-07-30,909.4099731445312
2025-07-31,902.0599975585938
2025-08-01,884.8699951171875
2025-08-04,888.75
2025-08-05,887.0700073242188
2025-08-06,883.9299926757812
2025-08-07,892.510009765625
2025-08-08,891.3599853515625
2025-08-11,894.1300048828125
2025-08-12,895.1099853515625
2025-08-13,900.1099853515625
2025-08-14,898.3400268554688
2025-08-15,895.77001953125
2025-08-18,896.9500122070312
2025-08-19,901.9500122070312
2025-08-20,908.7899780273438
2025-08-21,907.530029296875
2025-08-22,912.9199829101562
2025-08-25,911.1099853515625
2025-08-26,904.9099731445312
2025-08-27,907.7000122070312
2025-08-28,903.4600219726562
2025-08-29,896.6199951171875
2025-09-01,896.260009765625
2025-09-02,883.8900146484375
2025-09-03,888.27001953125
2025-09-04,900.1900024414062
2025-09-05,898.6799926757812
2025-09-08,904.6799926757812
2025-09-09,907.6900024414062
2025-09-10,901.510009765625
2025-09-11,905.72998046875
2025-09-12,908.8900146484375
2025-09-15,919.1300048828125
2025-09-16,911.52001953125
2025-09-17,914.8099975585938
2025-09-18,933.2999877929688
2025-09-19,929.9400024414062
2025-09-22,930.6199951171875
2025-09-23,934.6599731445312
2025-09-24,935.4000244140625
2025-09-25,934.3599853515625
2025-09-26,938.3499755859375
2025-09-29,941.72998046875
2025-09-30,942.780029296875
2025-10-01,948.1799926757812
2025-10-02,958.9400024414062
2025-10-03,961.510009765625
2025-10-06,966.9400024414062
2025-10-07,960.7100219726562
2025-10-08,960.6199951171875
2025-10-09,958.4000244140625
2025-10-10,940.4600219726562
2025-10-13,951.8300170898438
2025-10-14,949.4199829101562
2025-10-15,955.2100219726562
2025-10-16,959.0
2025-10-17,955.8599853515625
2025-10-20,966.4199829101562
2025-10-21,966.5800170898438
2025-10-22,966.0
2025-10-23,973.9199829101562
2025-10-24,978.969970703125
2025-10-27,982.0
2025-10-28,974.5999755859375
2025-10-29,975.3499755859375
2025-10-30,981.6099853515625
2025-10-31,971.4600219726562
2025-11-03,970.969970703125
2025-11-04,969.2000122070312
2025-11-05,970.8900146484375
2025-11-06,961.0599975585938
2025-11-07,950.77001953125
2025-11-10,961.0800170898438
2025-11-11,970.5900268554688
2025-11-12,968.510009765625
2025-11-13,961.510009765625
2025-11-14,951.9199829101562
2025-11-17,945.3699951171875
2025-11-18,930.8800048828125
2025-11-19,933.3400268554688
2025-11-20,934.9299926757812
2025-11-21,926.6900024414062
2025-11-24,926.9199829101562
2025-11-25,932.760009765625
2025-11-26,943.6799926757812
2025-11-27,939.8300170898438
2025-11-28,943.3699951171875
2025-12-01,947.6400146484375
2025-12-02,944.8400268554688
2025-12-03,949.6400146484375
2025-12-04,947.77001953125
2025-12-05,947.5
2025-12-08,945.1199951171875
2025-12-09,947.0800170898438
2025-12-10,943.739990234375
2025-12-11,947.02001953125
2025-12-12,939.5900268554688
2025-12-15,945.77001953125
2025-12-16,935.1400146484375
2025-12-17,929.5999755859375
2025-12-18,940.0499877929688
2025-12-19,944.5900268554688
2025-12-22,942.7000122070312
2025-12-23,942.260009765625
2025-12-24,941.3699951171875
2025-12-29,946.1599731445312
2025-12-30,951.27001953125
2025-12-31,951.2899780273438
2026-01-02,967.5900268554688
2026-01-05,985.1199951171875
2026-01-06,991.6699829101562
2026-01-07,979.1500244140625
2026-01-08,965.030029296875
2026-01-09,988.1699829101562
2026-01-12,993.5399780273438
2026-01-13,997.1699829101562
2026-01-14,996.75
2026-01-15,1011.010009765625
2026-01-16,1010.2100219726562
2026-01-19,992.72998046875
2026-01-20,991.1699829101562
2026-01-21,993.9400024414062
2026-01-22,1000.219970703125
2026-01-23,1000.1199951171875
2026-01-26,998.739990234375
2026-01-27,1001.6799926757812
2026-01-28,997.1300048828125
2026-01-29,996.9299926757812
2026-01-30,1001.6500244140625
2026-02-02,1009.510009765625
2026-02-03,993.989990234375
2026-02-04,990.3200073242188
2026-02-05,985.1400146484375
2026-02-06,995.3499755859375
2026-02-09,999.030029296875
2026-02-10,1004.1400146484375
2026-02-11,1008.9600219726562
2026-02-12,988.030029296875
2026-02-13,993.8200073242188
2026-02-16,993.0999755859375
2026-02-17,995.7999877929688
2026-02-18,1010.5399780273438
2026-02-19,1007.6900024414062
2026-02-20,1017.6599731445312
2026-02-23,1016.4500122070312
2026-02-24,1019.8699951171875
2026-02-25,1030.06005859375
2026-02-26,1022.4000244140625
2026-02-27,1027.02001953125
2026-03-02,1016.1500244140625
2026-03-03,990.239990234375
2026-03-04,1000.02001953125
2026-03-05,995.52001953125
2026-03-06,980.3400268554688
2026-03-09,983.0
2026-03-10,1002.4199829101562
2026-03-11,1002.9000244140625
2026-03-12,1000.6199951171875
2026-03-13,1001.6599731445312
2026-03-16,1007.7999877929688
2026-03-17,1012.8099975585938
2026-03-18,999.97998046875
2026-03-19,977.6300048828125
2026-03-20,961.6199951171875
2026-03-23,966.719970703125
2026-03-24,974.219970703125
2026-03-25,983.1300048828125
2026-03-26,970.780029296875
2026-03-27,960.219970703125
2026-03-30,964.47998046875
2026-03-31,959.7999877929688
2026-04-01,976.72998046875
2026-04-02,975.8599853515625
2026-04-07,971.8800048828125
2026-04-08,1003.2000122070312
2026-04-09,1005.1199951171875
2026-04-10,1010.25
2026-04-13,1012.1799926757812
2026-04-14,1019.8200073242188
2026-04-15,1015.5700073242188
2026-04-16,1016.7100219726562
2026-04-17,1023.6799926757812
2026-04-20,1021.9600219726562
2026-04-21,1019.0499877929688
2026-04-22,1021.260009765625
2026-04-23,1014.0800170898438
2026-04-24,1020.5999755859375
2026-04-27,1008.9099731445312
2026-04-28,1001.010009765625
2026-04-29,997.1799926757812
2026-04-30,1014.0900268554688
2026-05-04,1004.97998046875
2026-05-05,1014.5
2026-05-06,1031.43994140625
2026-05-07,1019.4199829101562
2026-05-08,1017.5
2026-05-11,1015.1300048828125
2026-05-12,999.4400024414062
2026-05-13,1010.1199951171875
2026-05-14,1021.5399780273438
2026-05-15,1010.4400024414062
2026-05-18,1015.719970703125
2026-05-19,1018.8200073242188
2026-05-20,1033.72998046875
2026-05-21,1034.97998046875
2026-05-22,1045.050048828125
2026-05-25,1053.27001953125
2026-05-26,1042.1800537109375
2026-05-27,1039.949951171875
2026-05-28,1037.18994140625
2026-05-29,1034.9300537109375
2026-06-01,1036.02001953125
2026-06-02,1049.06005859375
2026-06-03,1043.949951171875
2026-06-04,1046.8199462890625
2026-06-05,1041.0999755859375
2026-06-08,1044.989990234375
2026-06-09,1046.8599853515625
2026-06-10,1051.9200439453125
2026-06-11,1063.0899658203125
2026-06-12,1081.1800537109375
2026-06-15,1075.52001953125
2026-06-16,1070.050048828125
2026-06-17,1082.699951171875
2026-06-18,1081.4100341796875
2026-06-19,1078.1600341796875
2026-06-22,1082.9300537109375
2026-06-23,1065.6300048828125
2026-06-24,1065.3499755859375
2026-06-25,1067.7099609375
2026-06-26,1060.72998046875
2026-06-29,1065.3399658203125
2026-06-30,1080.1700439453125
2026-07-01,1073.1400146484375
2026-07-02,1072.739990234375
2026-07-03,1083.1800537109375
2026-07-06,1082.4100341796875
2026-07-07,1079.0
2026-07-08,1076.1500244140625
2026-07-09,1083.3199462890625
2026-07-10,1084.22998046875
2026-07-13,1085.4000244140625
2026-07-14,1089.8599853515625
2026-07-15,1097.9000244140625
2026-07-16,1102.3800048828125
2026-07-17,1091.969970703125
2026-07-20,1090.530029296875
2026-07-21,1096.739990234375
2026-07-22,1100.81005859375
2026-07-23,1086.6700439453125
2026-07-24,1090.0400390625
2026-07-27,1081.1300048828125
2026-07-28,1092.5
2026-07-29,1093.0999755859375
2026-07-30,1104.68994140625
2026-07-31,1099.1800537109375
2026-08-03,1102.219970703125
2026-08-04,1112.489990234375
2026-08-05,1111.3399658203125
2026-08-06,1112.469970703125
2026-08-07,1111.469970703125
2026-08-10,1113.3499755859375
2026-08-11,1116.77001953125
2026-08-12,1112.280029296875
2026-08-13,1119.5899658203125
2026-08-14,1117.8199462890625
2026-08-17,1114.800048828125
2026-08-18,1107.3199462890625
2026-08-19,1102.4300537109375
2026-08-20,1102.780029296875
2026-08-21,1105.969970703125
2026-08-24,1109.949951171875
2026-08-25,1108.3399658203125
2026-08-26,1107.760009765625
2026-08-27,1103.3800048828125
2026-08-28,1112.280029296875
2026-08-31,1105.77001953125
2026-09-01,1101.9200439453125
2026-09-02,1103.6700439453125
2026-09-03,1104.6199951171875
2026-09-04,1113.5
2026-09-07,1115.4200439453125
2026-09-08,1116.050048828125
2026-09-09,1101.8900146484375
2026-09-10,1093.27001953125
2026-09-11,1098.760009765625
2026-09-14,1098.3499755859375
2026-09-15,1095.8699951171875
2026-09-16,1096.1400146484375
2026-09-17,1100.800048828125
2026-09-18,1095.0899658203125
2026-09-21,1102.3499755859375
2026-09-22,1110.9300537109375
2026-09-23,1107.9300537109375
2026-09-24,1106.8399658203125
2026-09-25,1112.0899658203125
2026-09-28,1116.1199951171875
2026-09-29,1123.5999755859375
