date,close
2009-06-01,9630.900390625
2009-06-02,9664.7998046875
2009-06-03,9464.7998046875
2009-06-04,9454.599609375
2009-06-05,9519.0
2009-06-08,9396.2001953125
2009-06-09,9497.7001953125
2009-06-10,9627.599609375
2009-06-11,9708.400390625
2009-06-12,9714.400390625
2009-06-15,9518.7001953125
2009-06-16,9497.900390625
2009-06-17,9283.2001953125
2009-06-18,9384.0
2009-06-19,9580.900390625
2009-06-22,9338.5
2009-06-23,9348.7001953125
2009-06-24,9617.599609375
2009-06-25,9667.2001953125
2009-06-26,9686.900390625
2009-06-29,9845.7001953125
2009-06-30,9787.7998046875
2009-07-01,9903.7001953125
2009-07-02,9643.5
2009-07-03,9707.7998046875
2009-07-06,9569.0
2009-07-07,9520.0
2009-07-08,9360.599609375
2009-07-09,9443.099609375
2009-07-10,9344.900390625
2009-07-13,9567.400390625
2009-07-14,9634.0
2009-07-15,9905.2998046875
2009-07-16,9997.599609375
2009-07-17,10041.900390625
2009-07-20,10142.7998046875
2009-07-21,10122.2001953125
2009-07-22,10153.400390625
2009-07-23,10369.7998046875
2009-07-24,10438.599609375
2009-07-27,10591.7001953125
2009-07-28,10664.0
2009-07-29,10661.599609375
2009-07-30,10874.400390625
2009-07-31,10855.099609375
2009-08-03,10901.0
2009-08-04,10876.7998046875
2009-08-05,10704.400390625
2009-08-06,10776.0
2009-08-07,10947.599609375
2009-08-10,10923.0
2009-08-11,10831.900390625
2009-08-12,10933.7998046875
2009-08-13,11046.7998046875
2009-08-14,10901.900390625
2009-08-17,10598.5
2009-08-18,10708.2998046875
2009-08-19,10695.5
2009-08-20,10892.5
2009-08-21,11161.0
2009-08-24,11303.7998046875
2009-08-25,11427.7998046875
2009-08-26,11376.400390625
2009-08-27,11356.900390625
2009-08-28,11442.7001953125
2009-08-31,11365.099609375
2009-09-01,11173.0
2009-09-02,10999.7001953125
2009-09-03,11018.099609375
2009-09-04,11222.7001953125
2009-09-07,11388.599609375
2009-09-08,11366.599609375
2009-09-09,11462.0
2009-09-10,11340.7998046875
2009-09-11,11452.599609375
2009-09-14,11492.599609375
2009-09-15,11593.2998046875
2009-09-16,11746.900390625
2009-09-17,11771.0
2009-09-18,11777.2998046875
2009-09-21,11727.400390625
2009-09-22,11816.7001953125
2009-09-23,11853.2998046875
2009-09-24,11695.900390625
2009-09-25,11643.7998046875
2009-09-28,11891.2001953125
2009-09-29,11853.7001953125
2009-09-30,11756.099609375
2009-10-01,11518.2001953125
2009-10-02,11326.7001953125
2009-10-05,11557.0
2009-10-06,11817.099609375
2009-10-07,11721.400390625
2009-10-08,11814.2998046875
2009-10-09,11743.2001953125
2009-10-12,11748.7998046875
2009-10-13,11608.2998046875
2009-10-14,11870.900390625
2009-10-15,11849.7001953125
2009-10-16,11676.400390625
2009-10-19,11885.2998046875
2009-10-20,11790.2001953125
2009-10-21,11875.2001953125
2009-10-22,11828.599609375
2009-10-23,11739.7998046875
2009-10-26,11622.599609375
2009-10-27,11634.0
2009-10-28,11429.7998046875
2009-10-29,11683.400390625
2009-10-30,11414.7998046875
2009-11-02,11465.7998046875
2009-11-03,11242.400390625
2009-11-04,11387.7001953125
2009-11-05,11548.900390625
2009-11-06,11580.599609375
2009-11-09,11816.7998046875
2009-11-10,11814.0
2009-11-11,11801.400390625
2009-11-12,11834.5
2009-11-13,11867.0
2009-11-16,11986.900390625
2009-11-17,11959.400390625
2009-11-18,12034.400390625
2009-11-19,11846.2001953125
2009-11-20,11719.2998046875
2009-11-23,11940.5
2009-11-24,11905.2001953125
2009-11-25,11965.7998046875
2009-11-26,11657.5
2009-11-27,11776.7998046875
2009-11-30,11644.7001953125
2009-12-01,11862.099609375
2009-12-02,11868.7998046875
2009-12-03,11905.2998046875
2009-12-04,12032.2001953125
2009-12-07,12011.7998046875
2009-12-08,11808.900390625
2009-12-09,11541.2001953125
2009-12-10,11594.7001953125
2009-12-11,11616.0
2009-12-14,11705.900390625
2009-12-15,11735.5
2009-12-16,11863.2001953125
2009-12-17,11696.900390625
2009-12-18,11645.0
2009-12-21,11830.7998046875
2009-12-22,11890.7998046875
2009-12-23,11967.5
2009-12-28,12023.2001953125
2009-12-29,12035.099609375
2009-12-30,11940.0
2010-01-04,12145.099609375
2010-01-05,12204.400390625
2010-01-06,12222.5
2010-01-07,12166.2998046875
2010-01-08,12163.0
2010-01-11,12074.5
2010-01-12,11966.099609375
2010-01-13,11958.2998046875
2010-01-14,11999.7998046875
2010-01-15,11845.0
2010-01-18,11870.7001953125
2010-01-19,12022.599609375
2010-01-20,11709.0
2010-01-21,11444.0
2010-01-22,11373.400390625
2010-01-25,11249.2998046875
2010-01-26,11347.2998046875
2010-01-27,11042.2001953125
2010-01-28,10829.2998046875
2010-01-29,10947.7001953125
2010-02-01,10995.2001953125
2010-02-02,11140.900390625
2010-02-03,10888.400390625
2010-02-04,10241.7001953125
2010-02-05,10103.2998046875
2010-02-08,10206.2998046875
2010-02-09,10275.400390625
2010-02-10,10455.0
2010-02-11,10281.7001953125
2010-02-12,10224.900390625
2010-02-15,10293.599609375
2010-02-16,10393.900390625
2010-02-17,10498.599609375
2010-02-18,10574.2001953125
2010-02-19,10676.7001953125
2010-02-22,10570.5
2010-02-23,10312.900390625
2010-02-24,10254.0
2010-02-25,10126.2001953125
2010-02-26,10333.599609375
2010-03-01,10434.900390625
2010-03-02,10521.5
2010-03-03,10664.5
2010-03-04,10745.2998046875
2010-03-05,11019.7998046875
2010-03-08,11078.2998046875
2010-03-09,11002.7998046875
2010-03-10,11121.0
2010-03-11,11045.400390625
2010-03-12,11077.0
2010-03-15,10957.7998046875
2010-03-16,11059.2998046875
2010-03-17,11166.7998046875
2010-03-18,11073.5
2010-03-19,10990.7998046875
2010-03-22,10861.900390625
2010-03-23,10996.2001953125
2010-03-24,10866.2998046875
2010-03-25,11091.400390625
2010-03-26,11071.099609375
2010-03-29,11091.0
2010-03-30,10980.7001953125
2010-03-31,10871.2998046875
2010-04-01,11067.900390625
2010-04-06,11160.599609375
2010-04-07,11191.2998046875
2010-04-08,11076.2998046875
2010-04-09,11394.2001953125
2010-04-12,11460.7998046875
2010-04-13,11461.0
2010-04-14,11503.7001953125
2010-04-15,11523.5
2010-04-16,11259.7001953125
2010-04-19,11199.5
2010-04-20,11305.599609375
2010-04-21,11064.7001953125
2010-04-22,10821.900390625
2010-04-23,10918.2001953125
2010-04-26,10939.2998046875
2010-04-27,10480.900390625
2010-04-28,10167.0
2010-04-29,10441.0
2010-04-30,10492.2001953125
2010-05-03,10422.7998046875
2010-05-04,9859.099609375
2010-05-05,9635.2001953125
2010-05-06,9352.599609375
2010-05-07,9046.099609375
2010-05-10,10351.900390625
2010-05-11,10008.599609375
2010-05-12,10089.7998046875
2010-05-13,9977.5
2010-05-14,9314.7001953125
2010-05-17,9286.099609375
2010-05-18,9627.599609375
2010-05-19,9376.5
2010-05-20,9270.5
2010-05-21,9407.2998046875
2010-05-24,9287.900390625
2010-05-25,9004.400390625
2010-05-26,9042.599609375
2010-05-27,9334.900390625
2010-05-28,9425.5
2010-05-31,9359.400390625
2010-06-01,9299.7001953125
2010-06-02,9268.0
2010-06-03,9276.2001953125
2010-06-04,8923.400390625
2010-06-07,8795.2998046875
2010-06-08,8669.7998046875
2010-06-09,8868.7001953125
2010-06-10,9198.2001953125
2010-06-11,9561.7001953125
2010-06-14,9584.0
2010-06-15,9742.0
2010-06-16,9683.2998046875
2010-06-17,9755.099609375
2010-06-18,9971.7998046875
2010-06-21,10071.900390625
2010-06-22,10016.099609375
2010-06-23,9886.0
2010-06-24,9586.5
2010-06-25,9535.0
2010-06-28,9688.5
2010-06-29,9160.400390625
2010-06-30,9263.400390625
2010-07-01,9178.2001953125
2010-07-02,9250.7998046875
2010-07-05,9281.5
2010-07-06,9615.0
2010-07-07,9987.400390625
2010-07-08,10080.5
2010-07-09,10127.2998046875
2010-07-12,10058.2001953125
2010-07-13,10259.5
2010-07-14,10278.5
2010-07-15,10160.2001953125
2010-07-16,9991.7001953125
2010-07-19,9929.7998046875
2010-07-20,10061.2998046875
2010-07-21,10040.7998046875
2010-07-22,10302.900390625
2010-07-23,10388.2001953125
2010-07-26,10506.7001953125
2010-07-27,10645.0
2010-07-28,10643.900390625
2010-07-29,10659.5
2010-07-30,10499.7998046875
2010-08-02,10835.400390625
2010-08-03,10871.400390625
2010-08-04,10843.2998046875
2010-08-05,10840.0
2010-08-06,10651.099609375
2010-08-09,10812.599609375
2010-08-10,10718.5
2010-08-11,10374.7998046875
2010-08-12,10342.400390625
2010-08-13,10275.7998046875
2010-08-16,10258.2998046875
2010-08-17,10369.5
2010-08-18,10391.0
2010-08-19,10238.0
2010-08-20,10094.2998046875
2010-08-23,10221.2001953125
2010-08-24,10052.2998046875
2010-08-25,9894.0
2010-08-26,10004.400390625
2010-08-27,10148.2001953125
2010-08-30,10136.0
2010-08-31,10187.0
2010-09-01,10544.7998046875
2010-09-02,10537.599609375
2010-09-03,10599.400390625
2010-09-06,10622.7001953125
2010-09-07,10479.099609375
2010-09-08,10586.2001953125
2010-09-09,10712.900390625
2010-09-10,10689.599609375
2010-09-13,10765.2001953125
2010-09-14,10806.599609375
2010-09-15,10751.7998046875
2010-09-16,10716.7998046875
2010-09-17,10588.599609375
2010-09-20,10743.099609375
2010-09-21,10762.5
2010-09-22,10555.2001953125
2010-09-23,10501.5
2010-09-24,10727.599609375
2010-09-27,10613.0
2010-09-28,10590.7001953125
2010-09-29,10486.7998046875
2010-09-30,10514.5
2010-10-01,10450.099609375
2010-10-04,10383.0
2010-10-05,10651.2001953125
2010-10-06,10700.2001953125
2010-10-07,10740.2998046875
2010-10-08,10720.7998046875
2010-10-11,10700.7998046875
2010-10-12,10648.2001953125
2010-10-13,10866.099609375
2010-10-14,10849.7001953125
2010-10-15,10868.2001953125
2010-10-18,10897.7001953125
2010-10-19,10895.2998046875
2010-10-20,10896.900390625
2010-10-21,10892.2998046875
2010-10-22,10924.7998046875
2010-10-25,10870.2998046875
2010-10-26,10797.7998046875
2010-10-27,10700.099609375
2010-10-28,10753.5
2010-10-29,10812.900390625
2010-11-01,10649.5
2010-11-02,10762.099609375
2010-11-03,10569.5
2010-11-04,10602.7998046875
2010-11-05,10428.099609375
2010-11-08,10291.7998046875
2010-11-09,10409.7998046875
2010-11-10,10235.400390625
2010-11-11,10149.5
2010-11-12,10226.7998046875
2010-11-15,10349.7001953125
2010-11-16,10095.400390625
2010-11-17,10189.2998046875
2010-11-18,10325.2998046875
2010-11-19,10271.7001953125
2010-11-22,9996.400390625
2010-11-23,9691.7998046875
2010-11-24,9742.599609375
2010-11-25,9721.7998046875
2010-11-26,9547.2001953125
2010-11-29,9324.7001953125
2010-11-30,9267.2001953125
2010-12-01,9678.400390625
2010-12-02,9947.599609375
2010-12-03,10014.7998046875
2010-12-06,9889.900390625
2010-12-07,9924.7001953125
2010-12-08,10078.400390625
2010-12-09,10185.5
2010-12-10,10121.900390625
2010-12-13,10151.2001953125
2010-12-14,10162.7001953125
2010-12-15,10009.7998046875
2010-12-16,10010.2998046875
2010-12-17,9898.099609375
2010-12-20,9996.099609375
2010-12-21,10203.400390625
2010-12-22,10183.5
2010-12-23,10106.900390625
2010-12-27,9899.0
2010-12-28,9903.5
2010-12-29,9981.5
2010-12-30,9859.099609375
2011-01-03,9888.2998046875
2011-01-04,9888.400390625
2011-01-05,9801.400390625
2011-01-06,9702.7001953125
2011-01-07,9560.7001953125
2011-01-10,9437.7998046875
2011-01-11,9582.099609375
2011-01-12,10101.2001953125
2011-01-13,10370.7998046875
2011-01-14,10385.099609375
2011-01-17,10280.0
2011-01-18,10583.400390625
2011-01-19,10556.5
2011-01-20,10636.900390625
2011-01-21,10829.099609375
2011-01-24,10815.400390625
2011-01-25,10664.400390625
2011-01-26,10670.7001953125
2011-01-27,10828.7001953125
2011-01-28,10747.0
2011-01-31,10806.0
2011-02-01,10967.900390625
2011-02-02,11010.2001953125
2011-02-03,10860.7001953125
2011-02-04,10854.7001953125
2011-02-07,10922.599609375
2011-02-08,10965.099609375
2011-02-09,10935.599609375
2011-02-10,10791.900390625
2011-02-11,10803.599609375
2011-02-14,10774.7001953125
2011-02-15,10826.2001953125
2011-02-16,11047.7998046875
2011-02-17,11113.0
2011-02-18,11068.099609375
2011-02-21,10810.5
2011-02-22,10701.900390625
2011-02-23,10633.400390625
2011-02-24,10647.599609375
2011-02-25,10822.7001953125
2011-02-28,10850.7998046875
2011-03-01,10761.900390625
2011-03-02,10643.7998046875
2011-03-03,10566.900390625
2011-03-04,10498.7001953125
2011-03-07,10495.7001953125
2011-03-08,10568.7001953125
2011-03-09,10559.5
2011-03-10,10435.599609375
2011-03-11,10398.400390625
2011-03-14,10415.900390625
2011-03-15,10329.7001953125
2011-03-16,10092.599609375
2011-03-17,10325.599609375
2011-03-18,10328.400390625
2011-03-21,10574.400390625
2011-03-22,10576.099609375
2011-03-23,10638.0
2011-03-24,10755.599609375
2011-03-25,10710.400390625
2011-03-28,10751.0
2011-03-29,10735.0
2011-03-30,10732.2998046875
2011-03-31,10576.5
2011-04-01,10729.900390625
2011-04-04,10756.099609375
2011-04-05,10678.599609375
2011-04-06,10845.099609375
2011-04-07,10849.099609375
2011-04-08,10913.2001953125
2011-04-11,10878.2998046875
2011-04-12,10784.5
2011-04-13,10786.0
2011-04-14,10622.7001953125
2011-04-15,10558.599609375
2011-04-18,10344.900390625
2011-04-19,10376.5
2011-04-20,10535.400390625
2011-04-21,10584.099609375
2011-04-26,10650.599609375
2011-04-27,10740.900390625
2011-04-28,10867.7998046875
2011-04-29,10878.900390625
2011-05-02,10877.2998046875
2011-05-03,10825.599609375
2011-05-04,10712.599609375
2011-05-05,10627.2998046875
2011-05-06,10610.5
2011-05-09,10396.2998046875
2011-05-10,10474.400390625
2011-05-11,10531.5
2011-05-12,10487.599609375
2011-05-13,10356.5
2011-05-16,10363.900390625
2011-05-17,10306.400390625
2011-05-18,10343.7001953125
2011-05-19,10376.7998046875
2011-05-20,10226.599609375
2011-05-23,10082.7001953125
2011-05-24,10115.900390625
2011-05-25,10217.400390625
2011-05-26,10203.2001953125
2011-05-27,10261.2001953125
2011-05-30,10257.599609375
2011-05-31,10476.0
2011-06-01,10339.2998046875
2011-06-02,10261.0
2011-06-03,10285.7001953125
2011-06-06,10157.7001953125
2011-06-07,10168.099609375
2011-06-08,10082.5
2011-06-09,10121.7001953125
2011-06-10,9950.7998046875
2011-06-13,9946.2001953125
2011-06-14,10132.599609375
2011-06-15,9933.099609375
2011-06-16,9918.5
2011-06-17,10135.2001953125
2011-06-20,10038.099609375
2011-06-21,10231.900390625
2011-06-22,10226.2001953125
2011-06-23,9942.599609375
2011-06-24,9812.7001953125
2011-06-27,9872.2001953125
2011-06-28,9936.7001953125
2011-06-29,10143.599609375
2011-06-30,10359.900390625
2011-07-01,10492.0
2011-07-04,10468.0
2011-07-05,10330.099609375
2011-07-06,10204.5
2011-07-07,10196.2001953125
2011-07-08,9938.2001953125
2011-07-11,9670.599609375
2011-07-12,9603.400390625
2011-07-13,9666.900390625
2011-07-14,9598.599609375
2011-07-15,9484.2001953125
2011-07-18,9347.7998046875
2011-07-19,9443.7998046875
2011-07-20,9732.7998046875
2011-07-21,10017.599609375
2011-07-22,10059.2998046875
2011-07-25,9866.2001953125
2011-07-26,9833.400390625
2011-07-27,9643.2998046875
2011-07-28,9657.0
2011-07-29,9630.7001953125
2011-08-01,9318.2001953125
2011-08-02,9114.900390625
2011-08-03,9037.7001953125
2011-08-04,8686.5
2011-08-05,8671.2001953125
2011-08-08,8459.400390625
2011-08-09,8428.900390625
2011-08-10,7966.0
2011-08-11,8249.400390625
2011-08-12,8647.2998046875
2011-08-15,8709.0
2011-08-16,8674.2998046875
2011-08-17,8728.2001953125
2011-08-18,8317.7001953125
2011-08-19,8141.89990234375
2011-08-22,8293.900390625
2011-08-23,8279.7998046875
2011-08-24,8369.099609375
2011-08-25,8299.099609375
2011-08-26,8185.5
2011-08-29,8395.0
2011-08-30,8444.7998046875
2011-08-31,8718.599609375
2011-09-01,8761.099609375
2011-09-02,8463.5
2011-09-05,8066.5
2011-09-06,7936.39990234375
2011-09-07,8156.60009765625
2011-09-08,8277.7998046875
2011-09-09,7910.2001953125
2011-09-12,7640.7001953125
2011-09-13,7834.2001953125
2011-09-14,8045.7001953125
2011-09-15,8337.900390625
2011-09-16,8388.400390625
2011-09-19,8222.7001953125
2011-09-20,8362.2001953125
2011-09-21,8210.2998046875
2011-09-22,7830.7998046875
2011-09-23,7996.89990234375
2011-09-26,8201.7001953125
2011-09-27,8531.900390625
2011-09-28,8480.2001953125
2011-09-29,8592.5
2011-09-30,8546.599609375
2011-10-03,8353.7998046875
2011-10-04,8225.400390625
2011-10-05,8477.2998046875
2011-10-06,8704.7998046875
2011-10-07,8798.400390625
2011-10-10,8892.400390625
2011-10-11,8845.5
2011-10-12,9026.5
2011-10-13,8943.5
2011-10-14,8975.5
2011-10-17,8864.2998046875
2011-10-18,8811.2998046875
2011-10-19,8849.5
2011-10-20,8608.2001953125
2011-10-21,8853.0
2011-10-24,8957.099609375
2011-10-25,8879.599609375
2011-10-26,8832.5
2011-10-27,9270.5
2011-10-28,9224.400390625
2011-10-31,8954.900390625
2011-11-01,8579.599609375
2011-11-02,8574.5
2011-11-03,8712.599609375
2011-11-04,8596.400390625
2011-11-07,8476.400390625
2011-11-08,8518.5
2011-11-09,8340.599609375
2011-11-10,8310.900390625
2011-11-11,8556.099609375
2011-11-14,8372.2001953125
2011-11-15,8237.599609375
2011-11-16,8304.099609375
2011-11-17,8270.599609375
2011-11-18,8310.099609375
2011-11-21,8021.0
2011-11-22,7904.89990234375
2011-11-23,7739.2998046875
2011-11-24,7721.7998046875
2011-11-25,7763.5
2011-11-28,8119.89990234375
2011-11-29,8128.0
2011-11-30,8449.5
2011-12-01,8421.0
2011-12-02,8558.599609375
2011-12-05,8705.7998046875
2011-12-06,8712.7998046875
2011-12-07,8644.2998046875
2011-12-08,8461.2001953125
2011-12-09,8649.7001953125
2011-12-12,8381.0
2011-12-13,8327.7998046875
2011-12-14,8182.0
2011-12-15,8250.400390625
2011-12-16,8203.400390625
2011-12-19,8253.0
2011-12-20,8454.400390625
2011-12-21,8378.400390625
2011-12-22,8462.900390625
2011-12-23,8542.7001953125
2011-12-27,8529.599609375
2011-12-28,8358.400390625
2011-12-29,8487.900390625
2011-12-30,8566.2998046875
2012-01-03,8732.400390625
2012-01-04,8581.7998046875
2012-01-05,8329.599609375
2012-01-06,8289.099609375
2012-01-09,8278.900390625
2012-01-10,8472.900390625
2012-01-11,8426.7998046875
2012-01-12,8427.0
2012-01-13,8450.599609375
2012-01-16,8449.599609375
2012-01-17,8535.2998046875
2012-01-18,8420.7001953125
2012-01-19,8603.7998046875
2012-01-20,8561.900390625
2012-01-23,8619.599609375
2012-01-24,8591.400390625
2012-01-25,8555.400390625
2012-01-26,8713.7998046875
2012-01-27,8657.2998046875
2012-01-30,8517.0
2012-01-31,8509.2001953125
2012-02-01,8696.599609375
2012-02-02,8772.2998046875
2012-02-03,8861.2001953125
2012-02-06,8835.2998046875
2012-02-07,8846.900390625
2012-02-08,8849.2998046875
2012-02-09,8902.099609375
2012-02-10,8797.099609375
2012-02-13,8788.2998046875
2012-02-14,8771.900390625
2012-02-15,8741.599609375
2012-02-16,8558.099609375
2012-02-17,8657.0
2012-02-20,8818.099609375
2012-02-21,8767.099609375
2012-02-22,8657.0
2012-02-23,8527.7001953125
2012-02-24,8527.7001953125
2012-02-27,8537.2001953125
2012-02-28,8526.7001953125
2012-02-29,8465.900390625
2012-03-01,8547.7001953125
2012-03-02,8563.400390625
2012-03-05,8453.5
2012-03-06,8166.60009765625
2012-03-07,8161.7998046875
2012-03-08,8307.400390625
2012-03-09,8282.7001953125
2012-03-12,8180.2001953125
2012-03-13,8376.7998046875
2012-03-14,8391.099609375
2012-03-15,8426.7001953125
2012-03-16,8486.2998046875
2012-03-19,8591.7998046875
2012-03-20,8567.5
2012-03-21,8490.900390625
2012-03-22,8353.599609375
2012-03-23,8281.7998046875
2012-03-26,8224.7001953125
2012-03-27,8140.2998046875
2012-03-28,7980.7998046875
2012-03-29,7911.0
2012-03-30,8008.0
2012-04-02,8042.7998046875
2012-04-03,7824.5
2012-04-04,7660.7001953125
2012-04-05,7660.5
2012-04-10,7433.60009765625
2012-04-11,7576.7001953125
2012-04-12,7520.0
2012-04-13,7250.60009765625
2012-04-16,7209.10009765625
2012-04-17,7373.2998046875
2012-04-18,7079.2001953125
2012-04-19,6908.10009765625
2012-04-20,7040.60009765625
2012-04-23,6846.60009765625
2012-04-24,6999.89990234375
2012-04-25,7118.89990234375
2012-04-26,7027.10009765625
2012-04-27,7145.7998046875
2012-04-30,7011.0
2012-05-02,6831.89990234375
2012-05-03,6851.89990234375
2012-05-04,6876.0
2012-05-07,7063.2001953125
2012-05-08,7006.89990234375
2012-05-09,6812.7001953125
2012-05-10,7045.7001953125
2012-05-11,6995.60009765625
2012-05-14,6809.39990234375
2012-05-15,6700.7001953125
2012-05-16,6611.5
2012-05-17,6537.89990234375
2012-05-18,6566.7001953125
2012-05-21,6524.0
2012-05-22,6661.2998046875
2012-05-23,6440.5
2012-05-24,6534.39990234375
2012-05-25,6543.0
2012-05-28,6401.2001953125
2012-05-29,6251.7001953125
2012-05-30,6090.39990234375
2012-05-31,6089.7998046875
2012-06-01,6065.0
2012-06-04,6239.5
2012-06-05,6267.7998046875
2012-06-06,6418.89990234375
2012-06-07,6438.10009765625
2012-06-08,6552.0
2012-06-11,6516.39990234375
2012-06-12,6522.5
2012-06-13,6615.2998046875
2012-06-14,6696.0
2012-06-15,6719.0
2012-06-18,6519.89990234375
2012-06-19,6693.89990234375
2012-06-20,6796.10009765625
2012-06-21,6773.5
2012-06-22,6876.2998046875
2012-06-25,6624.0
2012-06-26,6528.39990234375
2012-06-27,6666.89990234375
2012-06-28,6721.7001953125
2012-06-29,7102.2001953125
2012-07-02,7124.0
2012-07-03,7219.5
2012-07-04,7168.5
2012-07-05,6954.2001953125
2012-07-06,6738.89990234375
2012-07-09,6688.2998046875
2012-07-10,6726.89990234375
2012-07-11,6805.89990234375
2012-07-12,6630.10009765625
2012-07-13,6664.60009765625
2012-07-16,6532.10009765625
2012-07-17,6558.2001953125
2012-07-18,6591.2001953125
2012-07-19,6632.60009765625
2012-07-20,6246.2998046875
2012-07-23,6177.39990234375
2012-07-24,5956.2998046875
2012-07-25,6004.89990234375
2012-07-26,6368.7998046875
2012-07-27,6617.60009765625
2012-07-30,6801.7998046875
2012-07-31,6738.10009765625
2012-08-01,6720.0
2012-08-02,6373.39990234375
2012-08-03,6755.7001953125
2012-08-06,7053.60009765625
2012-08-07,7211.10009765625
2012-08-08,7150.2001953125
2012-08-09,7110.2001953125
2012-08-10,7047.7001953125
2012-08-13,7069.60009765625
2012-08-14,7124.7998046875
2012-08-15,7128.89990234375
2012-08-16,7417.2998046875
2012-08-17,7561.0
2012-08-20,7469.60009765625
2012-08-21,7544.5
2012-08-22,7340.7001953125
2012-08-23,7282.89990234375
2012-08-24,7310.2998046875
2012-08-27,7398.89990234375
2012-08-28,7333.5
2012-08-29,7306.0
2012-08-30,7195.0
2012-08-31,7420.5
2012-09-03,7434.2001953125
2012-09-04,7488.2001953125
2012-09-05,7494.0
2012-09-06,7862.0
2012-09-07,7882.7998046875
2012-09-10,7857.7001953125
2012-09-11,7930.39990234375
2012-09-12,7992.10009765625
2012-09-13,7935.89990234375
2012-09-14,8154.5
2012-09-17,8148.0
2012-09-18,8058.2998046875
2012-09-19,8098.7998046875
2012-09-20,8022.10009765625
2012-09-21,8230.7001953125
2012-09-24,8138.39990234375
2012-09-25,8175.0
2012-09-26,7854.39990234375
2012-09-27,7842.2998046875
2012-09-28,7708.5
2012-10-01,7784.10009765625
2012-10-02,7867.10009765625
2012-10-03,7826.7001953125
2012-10-04,7812.7998046875
2012-10-05,7954.39990234375
2012-10-08,7891.0
2012-10-09,7745.39990234375
2012-10-10,7668.0
2012-10-11,7734.7001953125
2012-10-12,7652.39990234375
2012-10-15,7678.5
2012-10-16,7940.2001953125
2012-10-17,8128.2001953125
2012-10-18,8100.2998046875
2012-10-19,7913.39990234375
2012-10-22,7877.10009765625
2012-10-23,7747.7001953125
2012-10-24,7791.5
2012-10-25,7779.2001953125
2012-10-26,7775.60009765625
2012-10-29,7728.60009765625
2012-10-30,7833.89990234375
2012-10-31,7842.89990234375
2012-11-01,7886.39990234375
2012-11-02,7968.89990234375
2012-11-05,7818.60009765625
2012-11-06,7837.60009765625
2012-11-07,7660.7001953125
2012-11-08,7624.10009765625
2012-11-09,7636.60009765625
2012-11-12,7567.7998046875
2012-11-13,7693.39990234375
2012-11-14,7673.0
2012-11-15,7695.5
2012-11-16,7588.2001953125
2012-11-19,7763.7998046875
2012-11-20,7778.7001953125
2012-11-21,7805.39990234375
2012-11-22,7875.60009765625
2012-11-23,7909.60009765625
2012-11-26,7874.7998046875
2012-11-27,7863.7001953125
2012-11-28,7837.60009765625
2012-11-29,7973.7001953125
2012-11-30,7934.60009765625
2012-12-03,7889.2001953125
2012-12-04,7902.39990234375
2012-12-05,7883.2001953125
2012-12-06,7910.7998046875
2012-12-07,7848.5
2012-12-10,7804.39990234375
2012-12-11,7920.89990234375
2012-12-12,7986.7998046875
2012-12-13,8017.10009765625
2012-12-14,8024.10009765625
2012-12-17,8040.2998046875
2012-12-18,8168.7998046875
2012-12-19,8264.2001953125
2012-12-20,8264.2001953125
2012-12-21,8291.0
2012-12-24,8299.5
2012-12-27,8280.900390625
2012-12-28,8131.0
2012-12-31,8167.5
2013-01-02,8447.599609375
2013-01-03,8403.400390625
2013-01-04,8435.7998046875
2013-01-07,8419.0
2013-01-08,8453.0
2013-01-09,8606.400390625
2013-01-10,8618.900390625
2013-01-11,8664.7001953125
2013-01-14,8632.099609375
2013-01-15,8601.0
2013-01-16,8581.099609375
2013-01-17,8628.900390625
2013-01-18,8604.0
2013-01-21,8665.900390625
2013-01-22,8632.099609375
2013-01-23,8613.2998046875
2013-01-24,8665.599609375
2013-01-25,8724.599609375
2013-01-28,8672.5
2013-01-29,8643.0
2013-01-30,8571.900390625
2013-01-31,8362.2998046875
2013-02-01,8229.7001953125
2013-02-04,7919.60009765625
2013-02-05,8093.60009765625
2013-02-06,8056.2001953125
2013-02-07,8014.60009765625
2013-02-08,8174.89990234375
2013-02-11,8078.60009765625
2013-02-12,8234.7001953125
2013-02-13,8306.2001953125
2013-02-14,8247.400390625
2013-02-15,8150.2001953125
2013-02-18,8108.89990234375
2013-02-19,8225.2998046875
2013-02-20,8163.0
2013-02-21,8014.5
2013-02-22,8179.0
2013-02-25,8244.5
2013-02-26,7980.7001953125
2013-02-27,8136.7001953125
2013-02-28,8230.2998046875
2013-03-01,8187.10009765625
2013-03-04,8246.2998046875
2013-03-05,8423.2998046875
2013-03-06,8358.900390625
2013-03-07,8389.099609375
2013-03-08,8628.099609375
2013-03-11,8554.400390625
2013-03-12,8532.2998046875
2013-03-13,8498.2998046875
2013-03-14,8657.900390625
2013-03-15,8619.099609375
2013-03-18,8507.7998046875
2013-03-19,8321.0
2013-03-20,8416.2998046875
2013-03-21,8351.2001953125
2013-03-22,8329.5
2013-03-25,8140.60009765625
2013-03-26,7990.5
2013-03-27,7900.39990234375
2013-03-28,7920.0
2013-04-02,8050.39990234375
2013-04-03,7904.2998046875
2013-04-04,7847.89990234375
2013-04-05,7798.39990234375
2013-04-08,7787.10009765625
2013-04-09,7872.5
2013-04-10,8136.39990234375
2013-04-11,8159.5
2013-04-12,8040.39990234375
2013-04-15,8014.10009765625
2013-04-16,7948.7001953125
2013-04-17,7803.0
2013-04-18,7812.5
2013-04-19,7915.5
2013-04-22,8027.7001953125
2013-04-23,8289.2998046875
2013-04-24,8389.2998046875
2013-04-25,8365.099609375
2013-04-26,8297.0
2013-04-29,8450.900390625
2013-04-30,8419.0
2013-05-02,8406.400390625
2013-05-03,8544.7998046875
2013-05-06,8503.7998046875
2013-05-07,8544.0
2013-05-08,8597.0
2013-05-09,8572.7001953125
2013-05-10,8544.5
2013-05-13,8457.7998046875
2013-05-14,8474.599609375
2013-05-15,8582.5
2013-05-16,8542.2998046875
2013-05-17,8582.400390625
2013-05-20,8515.2001953125
2013-05-21,8464.5
2013-05-22,8462.400390625
2013-05-23,8343.599609375
2013-05-24,8264.599609375
2013-05-27,8363.599609375
2013-05-28,8511.2998046875
2013-05-29,8441.7001953125
2013-05-30,8433.5
2013-05-31,8320.599609375
2013-06-03,8284.400390625
2013-06-04,8363.0
2013-06-05,8290.7001953125
2013-06-06,8216.7001953125
2013-06-07,8266.599609375
2013-06-10,8227.400390625
2013-06-11,8089.2998046875
2013-06-12,8123.7998046875
2013-06-13,8071.7001953125
2013-06-14,8070.89990234375
2013-06-17,8136.2998046875
2013-06-18,8180.2001953125
2013-06-19,8098.2998046875
2013-06-20,7822.10009765625
2013-06-21,7700.2001953125
2013-06-24,7553.2001953125
2013-06-25,7607.7001953125
2013-06-26,7823.0
2013-06-27,7844.39990234375
2013-06-28,7762.7001953125
2013-07-01,7907.10009765625
2013-07-02,7886.60009765625
2013-07-03,7763.7998046875
2013-07-04,8002.0
2013-07-05,7868.39990234375
2013-07-08,8017.60009765625
2013-07-09,8014.7998046875
2013-07-10,7995.0
2013-07-11,8030.7001953125
2013-07-12,7844.7001953125
2013-07-15,7855.10009765625
2013-07-16,7798.2001953125
2013-07-17,7812.7001953125
2013-07-18,7957.2998046875
2013-07-19,7943.2001953125
2013-07-22,7966.0
2013-07-23,8073.7001953125
2013-07-24,8192.5
2013-07-25,8282.099609375
2013-07-26,8353.599609375
2013-07-29,8376.099609375
2013-07-30,8456.5
2013-07-31,8433.400390625
2013-08-01,8540.2001953125
2013-08-02,8574.0
2013-08-05,8560.7998046875
2013-08-06,8529.5
2013-08-07,8574.099609375
2013-08-08,8671.7998046875
2013-08-09,8735.5
2013-08-12,8717.7001953125
2013-08-13,8758.5
2013-08-14,8789.2998046875
2013-08-15,8737.599609375
2013-08-16,8821.2998046875
2013-08-19,8657.099609375
2013-08-20,8502.400390625
2013-08-21,8461.7998046875
2013-08-22,8629.7001953125
2013-08-23,8686.7998046875
2013-08-26,8649.900390625
2013-08-27,8394.0
2013-08-28,8398.099609375
2013-08-29,8432.099609375
2013-08-30,8290.5
2013-09-02,8429.599609375
2013-09-03,8445.2001953125
2013-09-04,8490.2998046875
2013-09-05,8550.0
2013-09-06,8655.0
2013-09-09,8632.5
2013-09-10,8801.599609375
2013-09-11,8875.2001953125
2013-09-12,8924.2001953125
2013-09-13,8941.599609375
2013-09-16,8999.5
2013-09-17,8992.0
2013-09-18,9062.5
2013-09-19,9153.7001953125
2013-09-20,9171.7998046875
2013-09-23,9109.5
2013-09-24,9167.599609375
2013-09-25,9242.900390625
2013-09-26,9272.400390625
2013-09-27,9228.400390625
2013-09-30,9186.099609375
2013-10-01,9341.5
2013-10-02,9350.0
2013-10-03,9295.7001953125
2013-10-04,9420.900390625
2013-10-07,9381.900390625
2013-10-08,9318.900390625
2013-10-09,9439.0
2013-10-10,9660.5
2013-10-11,9668.5
2013-10-14,9696.0
2013-10-15,9805.2998046875
2013-10-16,9879.0
2013-10-17,9918.0
2013-10-18,10001.7998046875
2013-10-21,10037.7998046875
2013-10-22,10012.900390625
2013-10-23,9828.2998046875
2013-10-24,9915.400390625
2013-10-25,9815.5
2013-10-28,9736.2001953125
2013-10-29,9863.900390625
2013-10-30,9778.7001953125
2013-10-31,9907.900390625
2013-11-01,9838.2998046875
2013-11-04,9873.7998046875
2013-11-05,9795.7001953125
2013-11-06,9837.099609375
2013-11-07,9740.400390625
2013-11-08,9747.2001953125
2013-11-11,9789.5
2013-11-12,9707.599609375
2013-11-13,9675.2001953125
2013-11-14,9708.7001953125
2013-11-15,9695.900390625
2013-11-18,9783.099609375
2013-11-19,9629.7998046875
2013-11-20,9559.5
2013-11-21,9599.2998046875
2013-11-22,9677.400390625
2013-11-25,9689.099609375
2013-11-26,9714.599609375
2013-11-27,9808.400390625
2013-11-28,9859.7998046875
2013-11-29,9837.599609375
2013-12-02,9745.5
2013-12-03,9605.0
2013-12-04,9540.5
2013-12-05,9392.099609375
2013-12-06,9400.5
2013-12-09,9487.400390625
2013-12-10,9438.2998046875
2013-12-11,9358.7001953125
2013-12-12,9272.099609375
2013-12-13,9272.7001953125
2013-12-16,9429.5
2013-12-17,9343.400390625
2013-12-18,9443.599609375
2013-12-19,9617.099609375
2013-12-20,9689.900390625
2013-12-23,9758.400390625
2013-12-24,9819.5
2013-12-27,9900.099609375
2013-12-30,9901.900390625
2013-12-31,9916.7001953125
2014-01-02,9760.2998046875
2014-01-03,9798.0
2014-01-06,9888.5
2014-01-07,10178.7001953125
2014-01-08,10253.599609375
2014-01-09,10234.2001953125
2014-01-10,10290.599609375
2014-01-13,10365.5
2014-01-14,10382.0
2014-01-15,10525.0
2014-01-16,10455.5
2014-01-17,10465.7001953125
2014-01-20,10454.099609375
2014-01-21,10357.400390625
2014-01-22,10279.7001953125
2014-01-23,10241.2001953125
2014-01-24,9868.900390625
2014-01-27,9758.400390625
2014-01-28,9879.099609375
2014-01-29,9896.2001953125
2014-01-30,9964.5
2014-01-31,9920.2001953125
2014-02-03,9725.400390625
2014-02-04,9754.2998046875
2014-02-05,9775.0
2014-02-06,9964.599609375
2014-02-07,10072.400390625
2014-02-10,9982.7001953125
2014-02-11,10091.2001953125
2014-02-12,10080.7998046875
2014-02-13,10098.900390625
2014-02-14,10132.7998046875
2014-02-17,10118.599609375
2014-02-18,10042.7001953125
2014-02-19,10053.7998046875
2014-02-20,10062.2001953125
2014-02-21,10071.0
2014-02-24,10193.099609375
2014-02-25,10242.5
2014-02-26,10224.2998046875
2014-02-27,10164.099609375
2014-02-28,10114.2001953125
2014-03-03,9878.7001953125
2014-03-04,10126.7001953125
2014-03-05,10215.2001953125
2014-03-06,10304.0
2014-03-07,10164.2001953125
2014-03-10,10194.599609375
2014-03-11,10163.2998046875
2014-03-12,10070.400390625
2014-03-13,9950.2998046875
2014-03-14,9812.0
2014-03-17,9975.0
2014-03-18,10051.400390625
2014-03-19,10093.2998046875
2014-03-20,10079.900390625
2014-03-21,10053.099609375
2014-03-24,9913.099609375
2014-03-25,9990.5
2014-03-26,10140.7998046875
2014-03-27,10199.0
2014-03-28,10328.900390625
2014-03-31,10340.5
2014-04-01,10463.099609375
2014-04-02,10435.7998046875
2014-04-03,10584.099609375
2014-04-04,10677.2001953125
2014-04-07,10606.2001953125
2014-04-08,10480.5
2014-04-09,10485.2001953125
2014-04-10,10336.099609375
2014-04-11,10205.400390625
2014-04-14,10188.2001953125
2014-04-15,10103.5
2014-04-16,10267.900390625
2014-04-17,10292.400390625
2014-04-22,10437.7998046875
2014-04-23,10424.400390625
2014-04-24,10462.0
2014-04-25,10306.2001953125
2014-04-28,10320.900390625
2014-04-29,10461.0
2014-04-30,10459.0
2014-05-02,10474.5
2014-05-05,10477.0
2014-05-06,10481.400390625
2014-05-07,10413.7998046875
2014-05-08,10591.2001953125
2014-05-09,10487.2001953125
2014-05-12,10567.0
2014-05-13,10587.2001953125
2014-05-14,10613.900390625
2014-05-15,10365.0
2014-05-16,10478.7001953125
2014-05-19,10425.5
2014-05-20,10453.7998046875
2014-05-21,10531.400390625
2014-05-22,10520.599609375
2014-05-23,10558.900390625
2014-05-26,10687.5
2014-05-27,10714.2001953125
2014-05-28,10757.2001953125
2014-05-29,10734.7998046875
2014-05-30,10798.7001953125
2014-06-02,10827.400390625
2014-06-03,10776.7001953125
2014-06-04,10755.599609375
2014-06-05,10876.400390625
2014-06-06,11064.2998046875
2014-06-09,11164.099609375
2014-06-10,11153.5
2014-06-11,11074.900390625
2014-06-12,11088.5
2014-06-13,11113.7001953125
2014-06-16,11008.2001953125
2014-06-17,11058.5
2014-06-18,11112.2998046875
2014-06-19,11187.7998046875
2014-06-20,11155.099609375
2014-06-23,11118.2998046875
2014-06-24,11105.900390625
2014-06-25,10966.7001953125
2014-06-26,10989.0
2014-06-27,10959.900390625
2014-06-30,10923.5
2014-07-01,11007.7998046875
2014-07-02,11016.2001953125
2014-07-03,11090.0
2014-07-04,11009.400390625
2014-07-07,10888.5
2014-07-08,10689.099609375
2014-07-09,10746.900390625
2014-07-10,10533.599609375
2014-07-11,10538.7998046875
2014-07-14,10606.2998046875
2014-07-15,10475.900390625
2014-07-16,10668.400390625
2014-07-17,10543.2998046875
2014-07-18,10527.0
2014-07-21,10482.0
2014-07-22,10648.900390625
2014-07-23,10659.099609375
2014-07-24,10860.7001953125
2014-07-25,10888.099609375
2014-07-28,10879.7998046875
2014-07-29,10901.2001953125
2014-07-30,10937.400390625
2014-07-31,10707.2001953125
2014-08-01,10514.0
2014-08-04,10496.2001953125
2014-08-05,10353.7998046875
2014-08-06,10246.2001953125
2014-08-07,10078.599609375
2014-08-08,10104.7998046875
2014-08-11,10193.5
2014-08-12,10241.5
2014-08-13,10304.0
2014-08-14,10294.7998046875
2014-08-15,10222.2001953125
2014-08-18,10353.400390625
2014-08-19,10386.5
2014-08-20,10420.900390625
2014-08-21,10556.400390625
2014-08-22,10500.2001953125
2014-08-25,10690.099609375
2014-08-26,10826.900390625
2014-08-27,10837.400390625
2014-08-28,10722.2001953125
2014-08-29,10728.7998046875
2014-09-01,10746.5
2014-09-02,10755.0
2014-09-03,10886.7998046875
2014-09-04,11100.099609375
2014-09-05,11148.900390625
2014-09-08,11102.599609375
2014-09-09,10951.599609375
2014-09-10,10937.7998046875
2014-09-11,10886.2998046875
2014-09-12,10888.900390625
2014-09-15,10841.2998046875
2014-09-16,10798.7001953125
2014-09-17,10907.400390625
2014-09-18,10991.0
2014-09-19,11001.900390625
2014-09-22,10947.900390625
2014-09-23,10801.7998046875
2014-09-24,10856.900390625
2014-09-25,10783.099609375
2014-09-26,10851.400390625
2014-09-29,10686.0
2014-09-30,10825.5
2014-10-01,10753.2001953125
2014-10-02,10418.099609375
2014-10-03,10567.599609375
2014-10-06,10645.7001953125
2014-10-07,10430.7001953125
2014-10-08,10339.0
2014-10-09,10273.7001953125
2014-10-10,10150.5
2014-10-13,10187.2998046875
2014-10-14,10204.900390625
2014-10-15,9838.5
2014-10-16,9669.7001953125
2014-10-17,9956.7998046875
2014-10-20,9915.2001953125
2014-10-21,10152.099609375
2014-10-22,10249.900390625
2014-10-23,10333.7001953125
2014-10-24,10339.2998046875
2014-10-27,10195.2001953125
2014-10-28,10394.7998046875
2014-10-29,10247.7998046875
2014-10-30,10263.7001953125
2014-10-31,10477.7998046875
2014-11-03,10374.400390625
2014-11-04,10154.400390625
2014-11-05,10276.900390625
2014-11-06,10261.7998046875
2014-11-07,10126.2998046875
2014-11-10,10273.0
2014-11-11,10338.7998046875
2014-11-12,10157.2998046875
2014-11-13,10140.400390625
2014-11-14,10148.0
2014-11-17,10309.0
2014-11-18,10432.900390625
2014-11-19,10376.7998046875
2014-11-20,10209.2001953125
2014-11-21,10520.7998046875
2014-11-24,10642.5
2014-11-25,10699.599609375
2014-11-26,10647.0
2014-11-27,10727.599609375
2014-11-28,10770.7001953125
2014-12-01,10672.7998046875
2014-12-02,10749.2001953125
2014-12-03,10875.900390625
2014-12-04,10619.900390625
2014-12-05,10900.7001953125
2014-12-08,10805.2001953125
2014-12-09,10461.599609375
2014-12-10,10396.900390625
2014-12-11,10431.7998046875
2014-12-12,10145.0
2014-12-15,9903.900390625
2014-12-16,10081.900390625
2014-12-17,10049.5
2014-12-18,10391.2998046875
2014-12-19,10363.599609375
2014-12-22,10371.0
2014-12-23,10477.7001953125
2014-12-24,10481.7998046875
2014-12-29,10394.2001953125
2014-12-30,10279.2001953125
2014-12-31,10279.5
2015-01-02,10350.7998046875
2015-01-05,9993.2998046875
2015-01-06,9871.099609375
2015-01-07,9891.400390625
2015-01-08,10115.0
2015-01-09,9719.0
2015-01-12,9797.5
2015-01-13,9966.0
2015-01-14,9846.0
2015-01-15,9982.5
2015-01-16,10038.900390625
2015-01-19,10157.5
2015-01-20,10283.900390625
2015-01-21,10335.2998046875
2015-01-22,10510.599609375
2015-01-23,10581.5
2015-01-26,10696.099609375
2015-01-27,10598.900390625
2015-01-28,10456.900390625
2015-01-29,10507.599609375
2015-01-30,10403.2998046875
2015-02-02,10328.099609375
2015-02-03,10598.2001953125
2015-02-04,10577.7998046875
2015-02-05,10535.5
2015-02-06,10573.099609375
2015-02-09,10364.900390625
2015-02-10,10500.099609375
2015-02-11,10364.7998046875
2015-02-12,10562.2001953125
2015-02-13,10739.5
2015-02-16,10689.5
2015-02-17,10698.0
2015-02-18,10805.2998046875
2015-02-19,10910.400390625
2015-02-20,10879.2998046875
2015-02-23,10990.099609375
2015-02-24,11064.5
2015-02-25,11049.5
2015-02-26,11139.5
2015-02-27,11178.2998046875
2015-03-02,11178.5
2015-03-03,11014.7001953125
2015-03-04,11051.2998046875
2015-03-05,11124.400390625
2015-03-06,11091.900390625
2015-03-09,11054.2001953125
2015-03-10,10902.2001953125
2015-03-11,11021.7998046875
2015-03-12,11011.7998046875
2015-03-13,11033.7998046875
2015-03-16,11114.7001953125
2015-03-17,11028.099609375
2015-03-18,11050.0
2015-03-19,11091.0
2015-03-20,11419.599609375
2015-03-23,11452.7998046875
2015-03-24,11579.2998046875
2015-03-25,11464.7001953125
2015-03-26,11453.7998046875
2015-03-27,11427.400390625
2015-03-30,11529.099609375
2015-03-31,11521.099609375
2015-04-01,11569.7998046875
2015-04-02,11634.0
2015-04-07,11730.5
2015-04-08,11655.5
2015-04-09,11734.599609375
2015-04-10,11749.2998046875
2015-04-13,11866.400390625
2015-04-14,11704.7001953125
2015-04-15,11778.400390625
2015-04-16,11611.7001953125
2015-04-17,11359.400390625
2015-04-20,11384.599609375
2015-04-21,11422.2998046875
2015-04-22,11399.2001953125
2015-04-23,11425.7998046875
2015-04-24,11505.400390625
2015-04-27,11640.2001953125
2015-04-28,11607.7001953125
2015-04-29,11378.900390625
2015-04-30,11385.0
2015-05-04,11429.099609375
2015-05-05,11115.599609375
2015-05-06,11163.599609375
2015-05-07,11180.2998046875
2015-05-08,11424.7001953125
2015-05-11,11445.7998046875
2015-05-12,11322.599609375
2015-05-13,11324.599609375
2015-05-14,11398.7001953125
2015-05-15,11317.2998046875
2015-05-18,11345.0
2015-05-19,11497.7001953125
2015-05-20,11574.099609375
2015-05-21,11595.400390625
2015-05-22,11554.2001953125
2015-05-25,11322.2998046875
2015-05-26,11240.2998046875
2015-05-27,11431.099609375
2015-05-28,11382.7998046875
2015-05-29,11217.599609375
2015-06-01,11238.099609375
2015-06-02,11271.400390625
2015-06-03,11267.599609375
2015-06-04,11146.099609375
2015-06-05,11062.0
2015-06-08,10917.2998046875
2015-06-09,10938.099609375
2015-06-10,11097.5
2015-06-11,11156.7001953125
2015-06-12,11030.5
2015-06-15,10842.099609375
2015-06-16,10871.400390625
2015-06-17,10813.400390625
2015-06-18,10871.900390625
2015-06-19,10944.2998046875
2015-06-22,11368.2001953125
2015-06-23,11402.5
2015-06-24,11321.900390625
2015-06-25,11308.400390625
2015-06-26,11372.2998046875
2015-06-29,10853.900390625
2015-06-30,10769.5
2015-07-01,10911.5
2015-07-02,10846.400390625
2015-07-03,10779.7998046875
2015-07-06,10540.099609375
2015-07-07,10346.0
2015-07-08,10430.2998046875
2015-07-09,10706.400390625
2015-07-10,11036.099609375
2015-07-13,11224.2001953125
2015-07-14,11258.2998046875
2015-07-15,11335.7001953125
2015-07-16,11510.599609375
2015-07-17,11480.7001953125
2015-07-20,11556.099609375
2015-07-21,11458.599609375
2015-07-22,11484.2998046875
2015-07-23,11441.900390625
2015-07-24,11309.2998046875
2015-07-27,11145.400390625
2015-07-28,11252.400390625
2015-07-29,11282.900390625
2015-07-30,11168.599609375
2015-07-31,11180.7001953125
2015-08-03,11265.900390625
2015-08-04,11150.5
2015-08-05,11279.5
2015-08-06,11253.599609375
2015-08-07,11178.2001953125
2015-08-10,11311.7001953125
2015-08-11,11152.2998046875
2015-08-12,10880.099609375
2015-08-13,10947.900390625
2015-08-14,10879.2998046875
2015-08-17,10900.2998046875
2015-08-18,10897.900390625
2015-08-19,10782.400390625
2015-08-20,10587.0
2015-08-21,10271.7001953125
2015-08-24,9756.599609375
2015-08-25,10115.400390625
2015-08-26,9984.5
2015-08-27,10290.2001953125
2015-08-28,10352.900390625
2015-08-31,10259.0
2015-09-01,9992.7998046875
2015-09-02,9938.2998046875
2015-09-03,10042.400390625
2015-09-04,9821.7998046875
2015-09-07,9805.400390625
2015-09-08,9866.2001953125
2015-09-09,10037.7998046875
2015-09-10,9859.0
2015-09-11,9737.900390625
2015-09-14,9696.400390625
2015-09-15,9782.5
2015-09-16,9976.7998046875
2015-09-17,10106.599609375
2015-09-18,9847.2001953125
2015-09-21,9856.7998046875
2015-09-22,9550.2001953125
2015-09-23,9474.599609375
2015-09-24,9291.400390625
2015-09-25,9519.5
2015-09-28,9394.2001953125
2015-09-29,9393.900390625
2015-09-30,9559.900390625
2015-10-01,9567.2998046875
2015-10-02,9603.599609375
2015-10-05,9971.2998046875
2015-10-06,10103.2998046875
2015-10-07,10170.0
2015-10-08,10181.2001953125
2015-10-09,10309.599609375
2015-10-12,10246.400390625
2015-10-13,10115.2998046875
2015-10-14,10037.599609375
2015-10-15,10101.7001953125
2015-10-16,10231.5
2015-10-19,10207.2998046875
2015-10-20,10100.599609375
2015-10-21,10157.5
2015-10-22,10365.400390625
2015-10-23,10476.2998046875
2015-10-26,10478.2998046875
2015-10-27,10322.400390625
2015-10-28,10421.900390625
2015-10-29,10397.2001953125
2015-10-30,10360.7001953125
2015-11-02,10418.2001953125
2015-11-03,10465.2001953125
2015-11-04,10473.5
2015-11-05,10431.2001953125
2015-11-06,10453.2001953125
2015-11-09,10325.2001953125
2015-11-10,10336.7998046875
2015-11-11,10377.2001953125
2015-11-12,10144.0
2015-11-13,10111.400390625
2015-11-16,10124.5
2015-11-17,10363.7998046875
2015-11-18,10261.099609375
2015-11-19,10354.7001953125
2015-11-20,10290.2998046875
2015-11-23,10277.400390625
2015-11-24,10207.2001953125
2015-11-25,10227.2998046875
2015-11-26,10332.2998046875
2015-11-27,10310.7001953125
2015-11-30,10386.900390625
2015-12-01,10379.2001953125
2015-12-02,10342.0
2015-12-03,10092.900390625
2015-12-04,10078.7001953125
2015-12-07,10042.400390625
2015-12-08,9837.099609375
2015-12-09,9835.5
2015-12-10,9778.7001953125
2015-12-11,9630.7001953125
2015-12-14,9428.5
2015-12-15,9711.599609375
2015-12-16,9711.0
2015-12-17,9878.5
2015-12-18,9717.099609375
2015-12-21,9365.7998046875
2015-12-22,9415.599609375
2015-12-23,9641.0
2015-12-24,9682.900390625
2015-12-28,9552.5
2015-12-29,9670.400390625
2015-12-30,9641.900390625
2015-12-31,9544.2001953125
2016-01-04,9313.2001953125
2016-01-05,9335.2001953125
2016-01-06,9197.400390625
2016-01-07,9059.2998046875
2016-01-08,8909.2001953125
2016-01-11,8886.099609375
2016-01-12,8915.400390625
2016-01-13,8934.5
2016-01-14,8787.7001953125
2016-01-15,8543.599609375
2016-01-18,8469.2998046875
2016-01-19,8554.900390625
2016-01-20,8281.400390625
2016-01-21,8444.2001953125
2016-01-22,8722.900390625
2016-01-25,8567.7001953125
2016-01-26,8692.5
2016-01-27,8741.0
2016-01-28,8590.599609375
2016-01-29,8815.7998046875
2016-02-01,8788.5
2016-02-02,8528.7001953125
2016-02-03,8314.5
2016-02-04,8468.099609375
2016-02-05,8499.5
2016-02-08,8122.10009765625
2016-02-09,7927.60009765625
2016-02-10,8143.7001953125
2016-02-11,7746.2998046875
2016-02-12,7920.7998046875
2016-02-15,8179.2001953125
2016-02-16,8137.60009765625
2016-02-17,8364.900390625
2016-02-18,8295.400390625
2016-02-19,8194.2001953125
2016-02-22,8387.0
2016-02-23,8267.599609375
2016-02-24,8013.7001953125
2016-02-25,8215.599609375
2016-02-26,8349.2001953125
2016-02-29,8461.400390625
2016-03-01,8611.0
2016-03-02,8764.5
2016-03-03,8767.0
2016-03-04,8811.599609375
2016-03-07,8786.7998046875
2016-03-08,8740.2998046875
2016-03-09,8761.099609375
2016-03-10,8766.900390625
2016-03-11,9090.599609375
2016-03-14,9142.7001953125
2016-03-15,8988.2998046875
2016-03-16,8962.7998046875
2016-03-17,8978.7998046875
2016-03-18,9051.099609375
2016-03-21,9021.0
2016-03-22,8992.0
2016-03-23,8927.099609375
2016-03-24,8789.7998046875
2016-03-29,8808.2998046875
2016-03-30,8870.2001953125
2016-03-31,8723.099609375
2016-04-01,8602.2998046875
2016-04-04,8597.5
2016-04-05,8387.7001953125
2016-04-06,8398.599609375
2016-04-07,8292.900390625
2016-04-08,8427.599609375
2016-04-11,8497.599609375
2016-04-12,8546.2998046875
2016-04-13,8820.7001953125
2016-04-14,8861.5
2016-04-15,8850.900390625
2016-04-18,8881.599609375
2016-04-19,8971.2998046875
2016-04-20,9147.2001953125
2016-04-21,9197.2001953125
2016-04-22,9232.7998046875
2016-04-25,9140.0
2016-04-26,9283.0
2016-04-27,9332.599609375
2016-04-28,9269.0
2016-04-29,9025.7001953125
2016-05-02,9022.099609375
2016-05-03,8764.900390625
2016-05-04,8654.2998046875
2016-05-05,8689.400390625
2016-05-06,8702.099609375
2016-05-09,8660.7998046875
2016-05-10,8775.2001953125
2016-05-11,8663.900390625
2016-05-12,8663.099609375
2016-05-13,8721.5
2016-05-16,8682.099609375
2016-05-17,8698.7001953125
2016-05-18,8775.099609375
2016-05-19,8674.7001953125
2016-05-20,8771.2001953125
2016-05-23,8714.0
2016-05-24,8918.099609375
2016-05-25,9125.0
2016-05-26,9079.2001953125
2016-05-27,9107.2998046875
2016-05-30,9116.900390625
2016-05-31,9034.0
2016-06-01,8916.900390625
2016-06-02,8957.900390625
2016-06-03,8801.599609375
2016-06-06,8823.5
2016-06-07,8894.5
2016-06-08,8831.400390625
2016-06-09,8769.5
2016-06-10,8490.5
2016-06-13,8303.7998046875
2016-06-14,8126.7001953125
2016-06-15,8250.7998046875
2016-06-16,8199.900390625
2016-06-17,8362.0
2016-06-20,8647.099609375
2016-06-21,8667.2998046875
2016-06-22,8702.0
2016-06-23,8885.2998046875
2016-06-24,7787.7001953125
2016-06-27,7645.5
2016-06-28,7835.0
2016-06-29,8105.2998046875
2016-06-30,8163.2998046875
2016-07-01,8268.900390625
2016-07-04,8255.900390625
2016-07-05,8067.60009765625
2016-07-06,7926.2001953125
2016-07-07,8008.2001953125
2016-07-08,8185.89990234375
2016-07-11,8305.099609375
2016-07-12,8506.0
2016-07-13,8473.900390625
2016-07-14,8552.2998046875
2016-07-15,8531.0
2016-07-18,8524.400390625
2016-07-19,8485.2001953125
2016-07-20,8575.5
2016-07-21,8583.599609375
2016-07-22,8599.900390625
2016-07-25,8575.7001953125
2016-07-26,8560.2001953125
2016-07-27,8661.400390625
2016-07-28,8479.2001953125
2016-07-29,8587.2001953125
2016-08-01,8513.400390625
2016-08-02,8277.2998046875
2016-08-03,8263.5
2016-08-04,8385.5
2016-08-05,8539.400390625
2016-08-08,8562.5
2016-08-09,8665.400390625
2016-08-10,8658.900390625
2016-08-11,8719.5
2016-08-12,8716.400390625
2016-08-15,8720.599609375
2016-08-16,8621.7001953125
2016-08-17,8487.0
2016-08-18,8550.099609375
2016-08-19,8450.599609375
2016-08-22,8468.0
2016-08-23,8580.900390625
2016-08-24,8655.5
2016-08-25,8599.5
2016-08-26,8659.5
2016-08-29,8616.400390625
2016-08-30,8685.400390625
2016-08-31,8716.7998046875
2016-09-01,8762.7998046875
2016-09-02,8908.900390625
2016-09-05,8953.2998046875
2016-09-06,8899.5
2016-09-07,9015.2998046875
2016-09-08,9101.099609375
2016-09-09,9025.5
2016-09-12,8866.599609375
2016-09-13,8724.2001953125
2016-09-14,8702.400390625
2016-09-15,8720.5
2016-09-16,8633.400390625
2016-09-19,8715.5
2016-09-20,8686.099609375
2016-09-21,8758.5
2016-09-22,8934.900390625
2016-09-23,8823.599609375
2016-09-26,8711.400390625
2016-09-27,8688.2001953125
2016-09-28,8740.400390625
2016-09-29,8796.2998046875
2016-09-30,8779.400390625
2016-10-03,8751.599609375
2016-10-04,8769.0
2016-10-05,8778.2998046875
2016-10-06,8757.400390625
2016-10-07,8624.2998046875
2016-10-10,8701.5
2016-10-11,8693.2001953125
2016-10-12,8686.5
2016-10-13,8608.7001953125
2016-10-14,8767.900390625
2016-10-17,8740.7001953125
2016-10-18,8865.2998046875
2016-10-19,8950.099609375
2016-10-20,9061.2001953125
2016-10-21,9100.400390625
2016-10-24,9216.2001953125
2016-10-25,9139.7001953125
2016-10-26,9173.2998046875
2016-10-27,9197.2001953125
2016-10-28,9201.2998046875
2016-10-31,9143.2998046875
2016-11-01,9040.7001953125
2016-11-02,8873.400390625
2016-11-03,8879.900390625
2016-11-04,8791.599609375
2016-11-07,8918.7998046875
2016-11-08,8937.0
2016-11-09,8901.5
2016-11-10,8756.7998046875
2016-11-11,8639.2001953125
2016-11-14,8658.2001953125
2016-11-15,8687.099609375
2016-11-16,8638.5
2016-11-17,8718.0
2016-11-18,8622.900390625
2016-11-21,8614.599609375
2016-11-22,8651.5
2016-11-23,8627.5
2016-11-24,8657.2001953125
2016-11-25,8674.400390625
2016-11-28,8619.2998046875
2016-11-29,8667.0
2016-11-30,8688.2001953125
2016-12-01,8669.2001953125
2016-12-02,8607.099609375
2016-12-05,8664.7001953125
2016-12-06,8893.2998046875
2016-12-07,8960.400390625
2016-12-08,9145.400390625
2016-12-09,9169.599609375
2016-12-12,9186.400390625
2016-12-13,9331.2998046875
2016-12-14,9218.400390625
2016-12-15,9340.7998046875
2016-12-16,9412.7998046875
2016-12-19,9336.7001953125
2016-12-20,9407.900390625
2016-12-21,9371.7001953125
2016-12-22,9333.599609375
2016-12-23,9367.7001953125
2016-12-27,9376.599609375
2016-12-28,9344.900390625
2016-12-29,9327.099609375
2016-12-30,9352.099609375
2017-01-03,9494.7001953125
2017-01-04,9462.900390625
2017-01-05,9488.2001953125
2017-01-06,9515.900390625
2017-01-09,9492.7998046875
2017-01-10,9452.0
2017-01-11,9408.599609375
2017-01-12,9407.400390625
2017-01-13,9511.599609375
2017-01-16,9410.0
2017-01-17,9394.900390625
2017-01-18,9386.2001953125
2017-01-19,9379.099609375
2017-01-20,9380.099609375
2017-01-23,9304.7998046875
2017-01-24,9387.2001953125
2017-01-25,9549.2998046875
2017-01-26,9512.7998046875
2017-01-27,9504.099609375
2017-01-30,9361.2998046875
2017-01-31,9315.2001953125
2017-02-01,9330.7998046875
2017-02-02,9406.400390625
2017-02-03,9462.7001953125
2017-02-06,9357.2998046875
2017-02-07,9331.5
2017-02-08,9329.7001953125
2017-02-09,9438.400390625
2017-02-10,9378.099609375
2017-02-13,9484.099609375
2017-02-14,9510.2001953125
2017-02-15,9584.099609375
2017-02-16,9554.7001953125
2017-02-17,9500.2998046875
2017-02-20,9526.599609375
2017-02-21,9561.0
2017-02-22,9477.2001953125
2017-02-23,9493.400390625
2017-02-24,9453.5
2017-02-27,9464.2998046875
2017-02-28,9555.5
2017-03-01,9751.5
2017-03-02,9716.0
2017-03-03,9798.5
2017-03-06,9804.099609375
2017-03-07,9801.7001953125
2017-03-08,9850.5
2017-03-09,9998.400390625
2017-03-10,10006.400390625
2017-03-13,9995.900390625
2017-03-14,9905.099609375
2017-03-15,9983.2001953125
2017-03-16,10168.0
2017-03-17,10245.7998046875
2017-03-20,10214.0
2017-03-21,10211.900390625
2017-03-22,10229.2998046875
2017-03-23,10324.900390625
2017-03-24,10309.400390625
2017-03-27,10302.900390625
2017-03-28,10389.0
2017-03-29,10367.599609375
2017-03-30,10405.900390625
2017-03-31,10462.900390625
2017-04-03,10325.2998046875
2017-04-04,10361.2001953125
2017-04-05,10402.7001953125
2017-04-06,10518.900390625
2017-04-07,10529.0
2017-04-10,10437.7001953125
2017-04-11,10416.2998046875
2017-04-12,10360.5
2017-04-13,10326.099609375
2017-04-18,10264.5
2017-04-19,10370.2998046875
2017-04-20,10372.5
2017-04-21,10377.0
2017-04-24,10766.7998046875
2017-04-25,10783.099609375
2017-04-26,10763.400390625
2017-04-27,10683.900390625
2017-04-28,10715.7998046875
2017-05-02,10820.2998046875
2017-05-03,10837.0
2017-05-04,11012.900390625
2017-05-05,11135.400390625
2017-05-08,11096.2998046875
2017-05-09,11049.2001953125
2017-05-10,11034.7998046875
2017-05-11,10861.400390625
2017-05-12,10897.0
2017-05-15,10957.7998046875
2017-05-16,10982.400390625
2017-05-17,10786.099609375
2017-05-18,10684.900390625
2017-05-19,10835.400390625
2017-05-22,10793.400390625
2017-05-23,10916.2998046875
2017-05-24,10907.400390625
2017-05-25,10937.7001953125
2017-05-26,10904.2001953125
2017-05-29,10884.0
2017-05-30,10876.900390625
2017-05-31,10880.0
2017-06-01,10881.0
2017-06-02,10905.900390625
2017-06-05,10884.7001953125
2017-06-06,10879.7001953125
2017-06-07,10871.7001953125
2017-06-08,10953.099609375
2017-06-09,10978.2998046875
2017-06-12,10842.400390625
2017-06-13,10882.099609375
2017-06-14,10775.7998046875
2017-06-15,10699.599609375
2017-06-16,10759.400390625
2017-06-19,10848.900390625
2017-06-20,10746.099609375
2017-06-21,10740.7001953125
2017-06-22,10709.900390625
2017-06-23,10630.7998046875
2017-06-26,10696.599609375
2017-06-27,10647.900390625
2017-06-28,10702.7001953125
2017-06-29,10531.099609375
2017-06-30,10444.5
2017-07-03,10604.2001953125
2017-07-04,10566.7001953125
2017-07-05,10523.599609375
2017-07-06,10498.400390625
2017-07-07,10488.7998046875
2017-07-10,10509.5
2017-07-11,10449.099609375
2017-07-12,10560.400390625
2017-07-13,10658.2998046875
2017-07-14,10655.099609375
2017-07-17,10651.2001953125
2017-07-18,10524.5
2017-07-19,10588.099609375
2017-07-20,10564.7998046875
2017-07-21,10426.599609375
2017-07-24,10446.5
2017-07-25,10523.400390625
2017-07-26,10575.400390625
2017-07-27,10603.400390625
2017-07-28,10536.099609375
2017-07-31,10502.2001953125
2017-08-01,10586.7001953125
2017-08-02,10513.900390625
2017-08-03,10549.099609375
2017-08-04,10658.400390625
2017-08-07,10676.5
2017-08-08,10734.7001953125
2017-08-09,10596.0
2017-08-10,10450.0
2017-08-11,10282.900390625
2017-08-14,10461.2001953125
2017-08-15,10481.5
2017-08-16,10544.2998046875
2017-08-17,10443.7998046875
2017-08-18,10385.7001953125
2017-08-21,10360.2001953125
2017-08-22,10409.7998046875
2017-08-23,10338.099609375
2017-08-24,10357.400390625
2017-08-25,10345.2998046875
2017-08-28,10285.900390625
2017-08-29,10192.599609375
2017-08-30,10245.7998046875
2017-08-31,10299.5
2017-09-01,10325.5
2017-09-04,10243.2001953125
2017-09-05,10179.7998046875
2017-09-06,10131.0
2017-09-07,10124.900390625
2017-09-08,10129.599609375
2017-09-11,10322.599609375
2017-09-12,10336.2001953125
2017-09-13,10371.0
2017-09-14,10361.099609375
2017-09-15,10317.400390625
2017-09-18,10338.400390625
2017-09-19,10378.400390625
2017-09-20,10292.099609375
2017-09-21,10297.0
2017-09-22,10305.0
2017-09-25,10216.5
2017-09-26,10189.599609375
2017-09-27,10368.900390625
2017-09-28,10328.5
2017-09-29,10381.5
2017-10-02,10255.7001953125
2017-10-03,10257.5
2017-10-04,9964.900390625
2017-10-05,10214.7001953125
2017-10-06,10185.5
2017-10-09,10236.0
2017-10-10,10142.2998046875
2017-10-11,10278.400390625
2017-10-12,10275.900390625
2017-10-13,10258.0
2017-10-16,10181.400390625
2017-10-17,10216.7998046875
2017-10-18,10273.400390625
2017-10-19,10197.5
2017-10-20,10222.7001953125
2017-10-23,10161.400390625
2017-10-24,10205.7001953125
2017-10-25,10153.2998046875
2017-10-26,10347.7998046875
2017-10-27,10197.5
2017-10-30,10446.0
2017-10-31,10523.5
2017-11-01,10506.7001953125
2017-11-02,10457.7998046875
2017-11-03,10357.7998046875
2017-11-06,10316.5
2017-11-07,10230.7001953125
2017-11-08,10228.7001953125
2017-11-09,10141.099609375
2017-11-10,10092.7001953125
2017-11-13,10049.900390625
2017-11-14,9990.400390625
2017-11-15,10013.900390625
2017-11-16,10088.7001953125
2017-11-17,10010.400390625
2017-11-20,10025.5
2017-11-21,9993.400390625
2017-11-22,10013.900390625
2017-11-23,10032.7998046875
2017-11-24,10053.5
2017-11-27,10063.099609375
2017-11-28,10144.400390625
2017-11-29,10267.7001953125
2017-11-30,10211.0
2017-12-01,10085.0
2017-12-04,10208.599609375
2017-12-05,10211.2998046875
2017-12-06,10184.0
2017-12-07,10262.599609375
2017-12-08,10321.099609375
2017-12-11,10306.900390625
2017-12-12,10288.2998046875
2017-12-13,10260.5
2017-12-14,10176.5
2017-12-15,10150.400390625
2017-12-18,10244.099609375
2017-12-19,10234.2998046875
2017-12-20,10207.7001953125
2017-12-21,10304.599609375
2017-12-22,10182.0
2017-12-27,10165.2001953125
2017-12-28,10093.099609375
2017-12-29,10043.900390625
2018-01-02,10079.099609375
2018-01-03,10116.0
2018-01-04,10314.400390625
2018-01-05,10411.400390625
2018-01-08,10398.400390625
2018-01-09,10426.5
2018-01-10,10428.2998046875
2018-01-11,10435.2001953125
2018-01-12,10462.400390625
2018-01-15,10467.2001953125
2018-01-16,10520.400390625
2018-01-17,10474.599609375
2018-01-18,10432.7001953125
2018-01-19,10479.5
2018-01-22,10584.0
2018-01-23,10609.5
2018-01-24,10563.0
2018-01-25,10595.2998046875
2018-01-26,10595.400390625
2018-01-29,10555.599609375
2018-01-30,10428.2001953125
2018-01-31,10451.5
2018-02-01,10399.0
2018-02-02,10211.2001953125
2018-02-05,10064.5
2018-02-06,9810.0
2018-02-07,9976.900390625
2018-02-08,9756.2998046875
2018-02-09,9639.599609375
2018-02-12,9771.099609375
2018-02-13,9650.7001953125
2018-02-14,9686.2001953125
2018-02-15,9714.900390625
2018-02-16,9832.099609375
2018-02-19,9806.2001953125
2018-02-20,9895.2998046875
2018-02-21,9823.2998046875
2018-02-22,9876.5
2018-02-23,9822.400390625
2018-02-26,9902.400390625
2018-02-27,9900.2001953125
2018-02-28,9840.2998046875
2018-03-01,9738.599609375
2018-03-02,9531.099609375
2018-03-05,9590.7998046875
2018-03-06,9586.7998046875
2018-03-07,9599.2998046875
2018-03-08,9646.2001953125
2018-03-09,9686.099609375
2018-03-12,9727.5
2018-03-13,9691.7001953125
2018-03-14,9688.5
2018-03-15,9684.2001953125
2018-03-16,9761.0
2018-03-19,9664.099609375
2018-03-20,9681.599609375
2018-03-21,9630.900390625
2018-03-22,9487.400390625
2018-03-23,9393.099609375
2018-03-26,9381.0
2018-03-27,9473.599609375
2018-03-28,9555.0
2018-03-29,9600.400390625
2018-04-03,9549.599609375
2018-04-04,9513.2998046875
2018-04-05,9740.900390625
2018-04-06,9682.7998046875
2018-04-09,9742.7998046875
2018-04-10,9763.5
2018-04-11,9735.7998046875
2018-04-12,9747.0
2018-04-13,9767.2998046875
2018-04-16,9766.099609375
2018-04-17,9803.900390625
2018-04-18,9857.2998046875
2018-04-19,9868.0
2018-04-20,9884.2001953125
2018-04-23,9922.0
2018-04-24,9883.400390625
2018-04-25,9858.0
2018-04-26,9902.2998046875
2018-04-27,9925.400390625
2018-04-30,9980.599609375
2018-05-02,10088.900390625
2018-05-03,10038.7998046875
2018-05-04,10104.099609375
2018-05-07,10140.900390625
2018-05-08,10168.099609375
2018-05-09,10221.2001953125
2018-05-10,10246.599609375
2018-05-11,10271.400390625
2018-05-14,10257.7998046875
2018-05-15,10207.599609375
2018-05-16,10111.0
2018-05-17,10216.400390625
2018-05-18,10112.400390625
2018-05-21,10066.5
2018-05-22,10138.7998046875
2018-05-23,10025.0
2018-05-24,9996.0
2018-05-25,9826.5
2018-05-28,9764.400390625
2018-05-29,9521.2998046875
2018-05-30,9566.2001953125
2018-05-31,9465.5
2018-06-01,9632.400390625
2018-06-04,9750.2998046875
2018-06-05,9686.400390625
2018-06-06,9791.599609375
2018-06-07,9829.0
2018-06-08,9746.2998046875
2018-06-11,9898.2998046875
2018-06-12,9914.400390625
2018-06-13,9899.099609375
2018-06-14,9957.7001953125
2018-06-15,9851.0
2018-06-18,9769.400390625
2018-06-19,9755.400390625
2018-06-20,9788.900390625
2018-06-21,9702.099609375
2018-06-22,9792.099609375
2018-06-25,9617.900390625
2018-06-26,9637.400390625
2018-06-27,9658.599609375
2018-06-28,9589.0
2018-06-29,9622.7001953125
2018-07-02,9558.2998046875
2018-07-03,9660.900390625
2018-07-04,9757.5
2018-07-05,9866.2001953125
2018-07-06,9905.0
2018-07-09,9927.0
2018-07-10,9889.2998046875
2018-07-11,9733.599609375
2018-07-12,9767.400390625
2018-07-13,9734.7998046875
2018-07-16,9716.900390625
2018-07-17,9719.400390625
2018-07-18,9753.2001953125
2018-07-19,9721.099609375
2018-07-20,9724.7998046875
2018-07-23,9726.099609375
2018-07-24,9773.099609375
2018-07-25,9703.099609375
2018-07-26,9780.0
2018-07-27,9867.900390625
2018-07-30,9854.099609375
2018-07-31,9870.7001953125
2018-08-01,9799.2998046875
2018-08-02,9698.2001953125
2018-08-03,9739.7998046875
2018-08-06,9722.7001953125
2018-08-07,9772.7998046875
2018-08-08,9747.099609375
2018-08-09,9754.599609375
2018-08-10,9602.099609375
2018-08-13,9530.400390625
2018-08-14,9507.0
2018-08-15,9386.7998046875
2018-08-16,9427.400390625
2018-08-17,9417.2998046875
2018-08-20,9468.599609375
2018-08-21,9549.0
2018-08-22,9580.2001953125
2018-08-23,9567.2998046875
2018-08-24,9589.5
2018-08-27,9659.7998046875
2018-08-28,9606.5
2018-08-29,9569.5
2018-08-30,9467.599609375
2018-08-31,9399.099609375
2018-09-03,9376.099609375
2018-09-04,9376.2998046875
2018-09-05,9301.2998046875
2018-09-06,9208.7001953125
2018-09-07,9171.2001953125
2018-09-10,9270.7998046875
2018-09-11,9284.099609375
2018-09-12,9306.7998046875
2018-09-13,9329.2001953125
2018-09-14,9365.2998046875
2018-09-17,9404.599609375
2018-09-18,9447.5
2018-09-19,9486.2998046875
2018-09-20,9583.7001953125
2018-09-21,9590.400390625
2018-09-24,9512.7998046875
2018-09-25,9493.599609375
2018-09-26,9524.7998046875
2018-09-27,9527.5
2018-09-28,9389.2001953125
2018-10-01,9407.0
2018-10-02,9305.5
2018-10-03,9361.099609375
2018-10-04,9314.5
2018-10-05,9253.900390625
2018-10-08,9199.2001953125
2018-10-09,9260.5
2018-10-10,9162.900390625
2018-10-11,9007.900390625
2018-10-12,8902.0
2018-10-15,8923.7001953125
2018-10-16,9074.7001953125
2018-10-17,8997.2001953125
2018-10-18,8889.599609375
2018-10-19,8892.099609375
2018-10-22,8806.5
2018-10-23,8726.099609375
2018-10-24,8677.400390625
2018-10-25,8785.2001953125
2018-10-26,8730.400390625
2018-10-29,8821.2001953125
2018-10-30,8806.099609375
2018-10-31,8893.5
2018-11-01,8954.7998046875
2018-11-02,8993.0
2018-11-05,9010.7001953125
2018-11-06,8988.900390625
2018-11-07,9167.900390625
2018-11-08,9177.0
2018-11-09,9134.7998046875
2018-11-12,9076.2998046875
2018-11-13,9145.400390625
2018-11-14,9106.599609375
2018-11-15,9073.5
2018-11-16,9056.7998046875
2018-11-19,9006.2998046875
2018-11-20,8866.5
2018-11-21,8960.599609375
2018-11-22,8906.2001953125
2018-11-23,8916.7001953125
2018-11-26,9091.2001953125
2018-11-27,9085.599609375
2018-11-28,9102.7001953125
2018-11-29,9098.900390625
2018-11-30,9077.2001953125
2018-12-03,9179.599609375
2018-12-04,9061.7001953125
2018-12-05,9012.2001953125
2018-12-06,8764.5
2018-12-07,8815.5
2018-12-10,8660.0
2018-12-11,8735.5
2018-12-12,8853.400390625
2018-12-13,8926.2998046875
2018-12-14,8886.099609375
2018-12-17,8812.5
2018-12-18,8700.7998046875
2018-12-19,8769.099609375
2018-12-20,8596.5
2018-12-21,8556.7998046875
2018-12-24,8480.599609375
2018-12-27,8363.900390625
2018-12-28,8493.7001953125
2018-12-31,8539.900390625
2019-01-02,8550.0
2019-01-03,8523.2998046875
2019-01-04,8737.7998046875
2019-01-07,8776.2998046875
2019-01-08,8847.2998046875
2019-01-09,8823.599609375
2019-01-10,8856.7998046875
2019-01-11,8877.099609375
2019-01-14,8818.599609375
2019-01-15,8850.099609375
2019-01-16,8912.7001953125
2019-01-17,8908.599609375
2019-01-18,9069.099609375
2019-01-21,9053.7998046875
2019-01-22,9037.5
2019-01-23,9128.7998046875
2019-01-24,9150.0
2019-01-25,9185.2001953125
2019-01-28,9062.400390625
2019-01-29,9119.099609375
2019-01-30,9071.5
2019-01-31,9056.7001953125
2019-02-01,9019.400390625
2019-02-04,8975.2001953125
2019-02-05,9092.0
2019-02-06,9100.900390625
2019-02-07,8938.2998046875
2019-02-08,8856.7998046875
2019-02-11,8936.400390625
2019-02-12,8983.099609375
2019-02-13,8982.400390625
2019-02-14,8952.5
2019-02-15,9123.2001953125
2019-02-18,9155.5
2019-02-19,9136.400390625
2019-02-20,9181.099609375
2019-02-21,9191.2001953125
2019-02-22,9204.599609375
2019-02-25,9204.2998046875
2019-02-26,9227.2001953125
2019-02-27,9211.7001953125
2019-02-28,9277.7001953125
2019-03-01,9267.7001953125
2019-03-04,9259.7998046875
2019-03-05,9258.2001953125
2019-03-06,9296.7001953125
2019-03-07,9249.900390625
2019-03-08,9129.2998046875
2019-03-11,9171.900390625
2019-03-12,9161.7001953125
2019-03-13,9192.7001953125
2019-03-14,9209.7998046875
2019-03-15,9342.2001953125
2019-03-18,9409.099609375
2019-03-19,9492.2998046875
2019-03-20,9405.599609375
2019-03-21,9355.599609375
2019-03-22,9199.400390625
2019-03-25,9179.900390625
2019-03-26,9183.099609375
2019-03-27,9229.900390625
2019-03-28,9174.7001953125
2019-03-29,9240.2998046875
2019-04-01,9341.7001953125
2019-04-02,9363.5
2019-04-03,9487.7998046875
2019-04-04,9534.099609375
2019-04-05,9510.2998046875
2019-04-08,9437.7001953125
2019-04-09,9407.7998046875
2019-04-10,9406.5
2019-04-11,9445.400390625
2019-04-12,9468.5
2019-04-15,9497.099609375
2019-04-16,9497.2998046875
2019-04-17,9549.7998046875
2019-04-18,9581.900390625
2019-04-23,9527.2001953125
2019-04-24,9456.400390625
2019-04-25,9501.2001953125
2019-04-26,9506.0
2019-04-29,9517.2001953125
2019-04-30,9570.599609375
2019-05-02,9418.2001953125
2019-05-03,9409.599609375
2019-05-06,9331.0
2019-05-07,9235.099609375
2019-05-08,9227.0
2019-05-09,9095.2001953125
2019-05-10,9117.5
2019-05-13,9046.7998046875
2019-05-14,9127.599609375
2019-05-15,9177.099609375
2019-05-16,9304.2998046875
2019-05-17,9280.099609375
2019-05-20,9199.7001953125
2019-05-21,9239.099609375
2019-05-22,9232.2001953125
2019-05-23,9114.0
2019-05-24,9174.599609375
2019-05-27,9216.400390625
2019-05-28,9191.7998046875
2019-05-29,9080.5
2019-05-30,9157.7998046875
2019-05-31,9004.2001953125
2019-06-03,9022.7998046875
2019-06-04,9117.599609375
2019-06-05,9150.5
2019-06-06,9169.2001953125
2019-06-07,9236.099609375
2019-06-10,9294.099609375
2019-06-11,9282.099609375
2019-06-12,9238.5
2019-06-13,9247.099609375
2019-06-14,9194.2001953125
2019-06-17,9131.7001953125
2019-06-18,9240.7001953125
2019-06-19,9231.2001953125
2019-06-20,9208.5
2019-06-21,9227.2001953125
2019-06-24,9192.5
2019-06-25,9159.7998046875
2019-06-26,9157.400390625
2019-06-27,9147.7998046875
2019-06-28,9198.7998046875
2019-07-01,9264.599609375
2019-07-02,9281.5
2019-07-03,9394.400390625
2019-07-04,9401.0
2019-07-05,9335.0
2019-07-08,9284.7001953125
2019-07-09,9273.900390625
2019-07-10,9252.900390625
2019-07-11,9280.2998046875
2019-07-12,9293.2001953125
2019-07-15,9323.599609375
2019-07-16,9377.099609375
2019-07-17,9284.2001953125
2019-07-18,9225.7001953125
2019-07-19,9170.5
2019-07-22,9163.5
2019-07-23,9281.599609375
2019-07-24,9329.7001953125
2019-07-25,9289.900390625
2019-07-26,9225.5
2019-07-29,9215.400390625
2019-07-30,8986.599609375
2019-07-31,8971.0
2019-08-01,9038.2001953125
2019-08-02,8897.599609375
2019-08-05,8777.2001953125
2019-08-06,8699.400390625
2019-08-07,8746.099609375
2019-08-08,8869.0
2019-08-09,8757.7998046875
2019-08-12,8676.400390625
2019-08-13,8695.099609375
2019-08-14,8522.7001953125
2019-08-15,8519.0
2019-08-16,8670.400390625
2019-08-19,8733.2998046875
2019-08-20,8618.2998046875
2019-08-21,8701.5
2019-08-22,8716.400390625
2019-08-23,8649.5
2019-08-26,8679.2001953125
2019-08-27,8728.900390625
2019-08-28,8747.099609375
2019-08-29,8794.2998046875
2019-08-30,8812.900390625
2019-09-02,8815.5
2019-09-03,8809.2001953125
2019-09-04,8856.599609375
2019-09-05,8992.7001953125
2019-09-06,8990.099609375
2019-09-09,9010.599609375
2019-09-10,9078.2001953125
2019-09-11,9059.5
2019-09-12,9082.2998046875
2019-09-13,9137.900390625
2019-09-16,9052.0
2019-09-17,9004.2001953125
2019-09-18,9031.7001953125
2019-09-19,9136.0
2019-09-20,9179.0
2019-09-23,9093.599609375
2019-09-24,9118.2001953125
2019-09-25,9085.2998046875
2019-09-26,9129.7001953125
2019-09-27,9184.099609375
2019-09-30,9244.599609375
2019-10-01,9165.900390625
2019-10-02,8912.2001953125
2019-10-03,8902.2001953125
2019-10-04,8961.7998046875
2019-10-07,9044.099609375
2019-10-08,8940.099609375
2019-10-09,8991.900390625
2019-10-10,9104.400390625
2019-10-11,9273.7998046875
2019-10-14,9246.5
2019-10-15,9356.099609375
2019-10-16,9386.7001953125
2019-10-17,9340.0
2019-10-18,9329.7998046875
2019-10-21,9402.2998046875
2019-10-22,9380.2001953125
2019-10-23,9385.0
2019-10-24,9391.7998046875
2019-10-25,9430.2001953125
2019-10-28,9433.0
2019-10-29,9400.099609375
2019-10-30,9284.5
2019-10-31,9257.5
2019-11-01,9328.0
2019-11-04,9416.400390625
2019-11-05,9407.900390625
2019-11-06,9398.400390625
2019-11-07,9447.2998046875
2019-11-08,9393.7001953125
2019-11-11,9388.5
2019-11-12,9306.7001953125
2019-11-13,9194.5
2019-11-14,9173.2998046875
2019-11-15,9261.400390625
2019-11-18,9258.0
2019-11-19,9259.2001953125
2019-11-20,9225.400390625
2019-11-21,9214.0
2019-11-22,9254.7001953125
2019-11-25,9319.900390625
2019-11-26,9324.7998046875
2019-11-27,9362.7001953125
2019-11-28,9359.0
2019-11-29,9352.0
2019-12-02,9156.2998046875
2019-12-03,9135.7001953125
2019-12-04,9270.7998046875
2019-12-05,9243.400390625
2019-12-06,9382.7001953125
2019-12-09,9354.599609375
2019-12-10,9321.099609375
2019-12-11,9392.5
2019-12-12,9468.5
2019-12-13,9563.7001953125
2019-12-16,9680.599609375
2019-12-17,9615.900390625
2019-12-18,9621.7998046875
2019-12-19,9617.2001953125
2019-12-20,9675.5
2019-12-23,9659.599609375
2019-12-24,9661.7998046875
2019-12-27,9700.5
2019-12-30,9612.599609375
2019-12-31,9549.2001953125
2020-01-02,9691.2001953125
2020-01-03,9646.599609375
2020-01-06,9600.900390625
2020-01-07,9579.7998046875
2020-01-08,9591.400390625
2020-01-09,9581.7998046875
2020-01-10,9573.599609375
2020-01-13,9543.900390625
2020-01-14,9528.2998046875
2020-01-15,9511.7001953125
2020-01-16,9572.5
2020-01-17,9681.2998046875
2020-01-20,9658.7998046875
2020-01-21,9611.2998046875
2020-01-22,9573.7001953125
2020-01-23,9518.5
2020-01-24,9562.0
2020-01-27,9366.2998046875
2020-01-28,9484.2001953125
2020-01-29,9546.7001953125
2020-01-30,9477.900390625
2020-01-31,9367.900390625
2020-02-03,9404.7001953125
2020-02-04,9562.900390625
2020-02-05,9717.7998046875
2020-02-06,9811.2998046875
2020-02-07,9811.0
2020-02-10,9816.0
2020-02-11,9882.599609375
2020-02-12,9940.400390625
2020-02-13,9909.7998046875
2020-02-14,9956.7998046875
2020-02-17,10022.2001953125
2020-02-18,10005.7998046875
2020-02-19,10083.599609375
2020-02-20,9931.0
2020-02-21,9886.2001953125
2020-02-24,9483.5
2020-02-25,9250.7998046875
2020-02-26,9316.7998046875
2020-02-27,8985.900390625
2020-02-28,8723.2001953125
2020-03-02,8741.5
2020-03-03,8811.599609375
2020-03-04,8910.0
2020-03-05,8683.0
2020-03-06,8375.599609375
2020-03-09,7708.7001953125
2020-03-10,7461.5
2020-03-11,7436.39990234375
2020-03-12,6390.89990234375
2020-03-13,6629.60009765625
2020-03-16,6107.2001953125
2020-03-17,6498.5
2020-03-18,6274.7998046875
2020-03-19,6395.7998046875
2020-03-20,6443.2998046875
2020-03-23,6230.2001953125
2020-03-24,6717.2998046875
2020-03-25,6942.39990234375
2020-03-26,7033.2001953125
2020-03-27,6777.89990234375
2020-03-30,6659.89990234375
2020-03-31,6785.39990234375
2020-04-01,6579.39990234375
2020-04-02,6574.10009765625
2020-04-03,6581.60009765625
2020-04-06,6844.2998046875
2020-04-07,7002.0
2020-04-08,6951.7998046875
2020-04-09,7070.60009765625
2020-04-14,7108.60009765625
2020-04-15,6839.5
2020-04-16,6763.39990234375
2020-04-17,6875.7998046875
2020-04-20,6831.5
2020-04-21,6634.89990234375
2020-04-22,6719.7998046875
2020-04-23,6746.5
2020-04-24,6613.89990234375
2020-04-27,6731.7998046875
2020-04-28,6836.39990234375
2020-04-29,7055.7001953125
2020-04-30,6922.2998046875
2020-05-04,6673.2998046875
2020-05-05,6747.7001953125
2020-05-06,6671.7001953125
2020-05-07,6730.89990234375
2020-05-08,6783.10009765625
2020-05-11,6672.2001953125
2020-05-12,6762.7001953125
2020-05-13,6631.39990234375
2020-05-14,6545.60009765625
2020-05-15,6474.89990234375
2020-05-18,6779.2998046875
2020-05-19,6609.10009765625
2020-05-20,6683.60009765625
2020-05-21,6686.10009765625
2020-05-22,6697.5
2020-05-25,6856.7998046875
2020-05-26,7003.89990234375
2020-05-27,7174.5
2020-05-28,7224.10009765625
2020-05-29,7096.5
2020-06-01,7221.39990234375
2020-06-02,7408.10009765625
2020-06-03,7626.39990234375
2020-06-04,7566.7998046875
2020-06-05,7872.60009765625
2020-06-08,7896.10009765625
2020-06-09,7752.2998046875
2020-06-10,7663.89990234375
2020-06-11,7278.0
2020-06-12,7292.7001953125
2020-06-15,7259.2998046875
2020-06-16,7495.2998046875
2020-06-17,7478.7001953125
2020-06-18,7390.2001953125
2020-06-19,7414.2001953125
2020-06-22,7345.7001953125
2020-06-23,7438.39990234375
2020-06-24,7195.5
2020-06-25,7270.2998046875
2020-06-26,7178.39990234375
2020-06-29,7278.10009765625
2020-06-30,7231.39990234375
2020-07-01,7227.39990234375
2020-07-02,7498.60009765625
2020-07-03,7403.5
2020-07-06,7556.2001953125
2020-07-07,7447.39990234375
2020-07-08,7326.39990234375
2020-07-09,7236.89990234375
2020-07-10,7321.10009765625
2020-07-13,7426.89990234375
2020-07-14,7352.0
2020-07-15,7487.60009765625
2020-07-16,7474.7001953125
2020-07-17,7440.39990234375
2020-07-20,7478.0
2020-07-21,7494.5
2020-07-22,7390.10009765625
2020-07-23,7384.89990234375
2020-07-24,7294.7001953125
2020-07-27,7170.60009765625
2020-07-28,7246.39990234375
2020-07-29,7206.2001953125
2020-07-30,6996.60009765625
2020-07-31,6877.39990234375
2020-08-03,6975.0
2020-08-04,7021.60009765625
2020-08-05,7039.7001953125
2020-08-06,6957.89990234375
2020-08-07,6950.5
2020-08-10,7053.89990234375
2020-08-11,7263.5
2020-08-12,7296.0
2020-08-13,7250.5
2020-08-14,7154.2998046875
2020-08-17,7090.10009765625
2020-08-18,7043.5
2020-08-19,7094.2998046875
2020-08-20,6993.2998046875
2020-08-21,6982.10009765625
2020-08-24,7109.10009765625
2020-08-25,7108.39990234375
2020-08-26,7123.0
2020-08-27,7090.7001953125
2020-08-28,7133.0
2020-08-31,6969.5
2020-09-01,6956.89990234375
2020-09-02,6996.89990234375
2020-09-03,7006.0
2020-09-04,6989.7001953125
2020-09-07,7080.7001953125
2020-09-08,6955.0
2020-09-09,7020.89990234375
2020-09-10,6999.2001953125
2020-09-11,6943.2001953125
2020-09-14,6951.10009765625
2020-09-15,7036.0
2020-09-16,7110.7998046875
2020-09-17,7086.2001953125
2020-09-18,6929.7998046875
2020-09-21,6692.2998046875
2020-09-22,6648.60009765625
2020-09-23,6654.2001953125
2020-09-24,6643.39990234375
2020-09-25,6628.2998046875
2020-09-28,6791.5
2020-09-29,6713.60009765625
2020-09-30,6716.60009765625
2020-10-01,6730.7001953125
2020-10-02,6754.5
2020-10-05,6837.89990234375
2020-10-06,6936.2001953125
2020-10-07,6910.10009765625
2020-10-08,6992.7998046875
2020-10-09,6950.89990234375
2020-10-12,6951.0
2020-10-13,6875.2001953125
2020-10-14,6916.60009765625
2020-10-15,6816.7998046875
2020-10-16,6849.7001953125
2020-10-19,6860.2001953125
2020-10-20,6927.2998046875
2020-10-21,6811.5
2020-10-22,6796.60009765625
2020-10-23,6893.39990234375
2020-10-26,6796.89990234375
2020-10-27,6651.2998046875
2020-10-28,6474.39990234375
2020-10-29,6411.7998046875
2020-10-30,6452.2001953125
2020-11-02,6585.60009765625
2020-11-03,6751.60009765625
2020-11-04,6781.89990234375
2020-11-05,6924.2001953125
2020-11-06,6870.39990234375
2020-11-09,7459.39990234375
2020-11-10,7711.39990234375
2020-11-11,7793.7001953125
2020-11-12,7726.0
2020-11-13,7783.7001953125
2020-11-16,7986.2001953125
2020-11-17,7934.2998046875
2020-11-18,7981.5
2020-11-19,7930.2001953125
2020-11-20,7977.89990234375
2020-11-23,7981.2001953125
2020-11-24,8143.2001953125
2020-11-25,8164.7001953125
2020-11-26,8104.60009765625
2020-11-27,8190.7001953125
2020-11-30,8076.89990234375
2020-12-01,8140.7998046875
2020-12-02,8220.7998046875
2020-12-03,8200.7001953125
2020-12-04,8322.900390625
2020-12-07,8275.599609375
2020-12-08,8227.599609375
2020-12-09,8235.2998046875
2020-12-10,8182.2998046875
2020-12-11,8063.10009765625
2020-12-14,8140.7998046875
2020-12-15,8152.39990234375
2020-12-16,8139.5
2020-12-17,8153.39990234375
2020-12-18,8037.39990234375
2020-12-21,7789.7998046875
2020-12-22,7934.2001953125
2020-12-23,8073.60009765625
2020-12-24,8111.5
2020-12-28,8155.60009765625
2020-12-29,8174.7998046875
2020-12-30,8154.39990234375
2020-12-31,8073.7001953125
2021-01-04,8099.2001953125
2021-01-05,8091.5
2021-01-06,8350.2998046875
2021-01-07,8385.7998046875
2021-01-08,8407.7001953125
2021-01-11,8357.5
2021-01-12,8345.900390625
2021-01-13,8361.099609375
2021-01-14,8372.400390625
2021-01-15,8230.7001953125
2021-01-18,8254.5
2021-01-19,8199.0
2021-01-20,8204.099609375
2021-01-21,8122.10009765625
2021-01-22,8036.39990234375
2021-01-25,7897.2998046875
2021-01-26,7964.89990234375
2021-01-27,7852.7001953125
2021-01-28,7932.5
2021-01-29,7757.5
2021-02-01,7798.2001953125
2021-02-02,7950.89990234375
2021-02-03,8012.7998046875
2021-02-04,8122.60009765625
2021-02-05,8214.7001953125
2021-02-08,8219.0
2021-02-09,8101.0
2021-02-10,8065.39990234375
2021-02-11,8037.60009765625
2021-02-12,8055.0
2021-02-15,8203.5
2021-02-16,8153.7001953125
2021-02-17,8122.7001953125
2021-02-18,8058.10009765625
2021-02-19,8151.60009765625
2021-02-22,8112.2001953125
2021-02-23,8252.099609375
2021-02-24,8269.599609375
2021-02-25,8317.7998046875
2021-02-26,8225.0
2021-03-01,8378.099609375
2021-03-02,8355.7998046875
2021-03-03,8329.2998046875
2021-03-04,8354.0
2021-03-05,8286.7998046875
2021-03-08,8444.2001953125
2021-03-09,8496.400390625
2021-03-10,8525.2001953125
2021-03-11,8593.0
2021-03-12,8644.5
2021-03-15,8635.400390625
2021-03-16,8657.7001953125
2021-03-17,8599.5
2021-03-18,8624.599609375
2021-03-19,8493.0
2021-03-22,8343.5
2021-03-23,8390.2998046875
2021-03-24,8443.7001953125
2021-03-25,8409.5
2021-03-26,8498.2001953125
2021-03-29,8492.099609375
2021-03-30,8595.2001953125
2021-03-31,8580.0
2021-04-01,8577.599609375
2021-04-06,8634.599609375
2021-04-07,8597.400390625
2021-04-08,8637.7998046875
2021-04-09,8565.7998046875
2021-04-12,8532.599609375
2021-04-13,8525.099609375
2021-04-14,8588.400390625
2021-04-15,8571.599609375
2021-04-16,8613.5
2021-04-19,8711.400390625
2021-04-20,8459.400390625
2021-04-21,8519.7998046875
2021-04-22,8656.7998046875
2021-04-23,8618.599609375
2021-04-26,8701.900390625
2021-04-27,8756.7001953125
2021-04-28,8799.599609375
2021-04-29,8823.2001953125
2021-04-30,8815.0
2021-05-03,8893.7001953125
2021-05-04,8830.400390625
2021-05-05,8967.7998046875
2021-05-06,8982.2001953125
2021-05-07,9059.2001953125
2021-05-10,9144.2998046875
2021-05-11,8987.2001953125
2021-05-12,9007.7001953125
2021-05-13,8966.2001953125
2021-05-14,9145.599609375
2021-05-17,9155.599609375
2021-05-18,9183.900390625
2021-05-19,9070.7001953125
2021-05-20,9124.2998046875
2021-05-21,9204.0
2021-05-24,9205.5
2021-05-25,9208.7001953125
2021-05-26,9196.900390625
2021-05-27,9186.099609375
2021-05-28,9224.599609375
2021-05-31,9148.900390625
2021-06-01,9189.7001953125
2021-06-02,9180.7001953125
2021-06-03,9142.400390625
2021-06-04,9088.2998046875
2021-06-07,9163.599609375
2021-06-08,9153.599609375
2021-06-09,9156.099609375
2021-06-10,9133.7998046875
2021-06-11,9205.0
2021-06-14,9281.099609375
2021-06-15,9230.7001953125
2021-06-16,9202.2001953125
2021-06-17,9195.900390625
2021-06-18,9030.599609375
2021-06-21,9051.7001953125
2021-06-22,9053.2998046875
2021-06-23,8954.099609375
2021-06-24,9074.099609375
2021-06-25,9095.0
2021-06-28,8913.7001953125
2021-06-29,8915.099609375
2021-06-30,8821.2001953125
2021-07-01,8932.2998046875
2021-07-02,8907.599609375
2021-07-05,8946.400390625
2021-07-06,8860.7998046875
2021-07-07,8854.5
2021-07-08,8650.099609375
2021-07-09,8776.599609375
2021-07-12,8816.7001953125
2021-07-13,8694.7998046875
2021-07-14,8658.2998046875
2021-07-15,8527.0
2021-07-16,8506.2001953125
2021-07-19,8301.7001953125
2021-07-20,8358.0
2021-07-21,8567.0
2021-07-22,8621.7998046875
2021-07-23,8717.2001953125
2021-07-26,8775.2001953125
2021-07-27,8699.2001953125
2021-07-28,8733.7001953125
2021-07-29,8786.2998046875
2021-07-30,8675.7001953125
2021-08-02,8758.7001953125
2021-08-03,8772.7998046875
2021-08-04,8792.900390625
2021-08-05,8836.5
2021-08-06,8879.0
2021-08-09,8865.900390625
2021-08-10,8899.0
2021-08-11,8975.7998046875
2021-08-12,8979.400390625
2021-08-13,8999.7998046875
2021-08-16,8926.599609375
2021-08-17,8865.7001953125
2021-08-18,8970.2001953125
2021-08-19,8902.2001953125
2021-08-20,8915.2998046875
2021-08-23,8968.099609375
2021-08-24,8948.599609375
2021-08-25,8977.400390625
2021-08-26,8892.7001953125
2021-08-27,8922.2001953125
2021-08-30,8867.900390625
2021-08-31,8846.599609375
2021-09-01,8991.5
2021-09-02,8981.400390625
2021-09-03,8864.0
2021-09-06,8882.2998046875
2021-09-07,8894.5
2021-09-08,8838.7001953125
2021-09-09,8800.599609375
2021-09-10,8695.2998046875
2021-09-13,8816.099609375
2021-09-14,8780.0
2021-09-15,8635.400390625
2021-09-16,8733.7001953125
2021-09-17,8760.900390625
2021-09-20,8655.400390625
2021-09-21,8756.0
2021-09-22,8808.400390625
2021-09-23,8876.900390625
2021-09-24,8873.099609375
2021-09-27,9002.900390625
2021-09-28,8769.400390625
2021-09-29,8879.400390625
2021-09-30,8796.2998046875
2021-10-01,8799.5
2021-10-04,8791.7001953125
2021-10-05,8927.400390625
2021-10-06,8775.0
2021-10-07,8962.7998046875
2021-10-08,8955.0
2021-10-11,8899.0
2021-10-12,8935.900390625
2021-10-13,8881.400390625
2021-10-14,8925.0
2021-10-15,8997.0
2021-10-18,8936.0
2021-10-19,8996.2998046875
2021-10-20,9017.900390625
2021-10-21,8944.2998046875
2021-10-22,8906.400390625
2021-10-25,8920.900390625
2021-10-26,9001.599609375
2021-10-27,8972.2998046875
2021-10-28,9025.7998046875
2021-10-29,9057.7001953125
2021-11-01,9182.599609375
2021-11-02,9105.7001953125
2021-11-03,9030.7998046875
2021-11-04,9039.400390625
2021-11-05,9130.599609375
2021-11-08,9070.7998046875
2021-11-09,9074.900390625
2021-11-10,9141.7998046875
2021-11-11,9092.2001953125
2021-11-12,9080.7998046875
2021-11-15,9095.7001953125
2021-11-16,9040.2001953125
2021-11-17,8993.400390625
2021-11-18,8903.2001953125
2021-11-19,8753.2001953125
2021-11-22,8821.2998046875
2021-11-23,8815.099609375
2021-11-24,8792.0
2021-11-25,8840.900390625
2021-11-26,8402.7001953125
2021-11-29,8455.2001953125
2021-11-30,8305.099609375
2021-12-01,8452.599609375
2021-12-02,8300.7998046875
2021-12-03,8241.7001953125
2021-12-06,8439.7001953125
2021-12-07,8559.5
2021-12-08,8478.400390625
2021-12-09,8399.599609375
2021-12-10,8360.2001953125
2021-12-13,8322.7001953125
2021-12-14,8378.5
2021-12-15,8275.0
2021-12-16,8380.0
2021-12-17,8311.599609375
2021-12-20,8242.400390625
2021-12-21,8387.5
2021-12-22,8459.099609375
2021-12-23,8563.7001953125
2021-12-27,8622.099609375
2021-12-28,8688.900390625
2021-12-29,8673.7001953125
2021-12-30,8713.7998046875
2022-01-03,8761.2001953125
2022-01-04,8795.7998046875
2022-01-05,8790.7998046875
2022-01-06,8789.900390625
2022-01-07,8751.7998046875
2022-01-10,8706.900390625
2022-01-11,8755.900390625
2022-01-12,8770.2998046875
2022-01-13,8816.900390625
2022-01-14,8806.599609375
2022-01-17,8838.7001953125
2022-01-18,8781.599609375
2022-01-19,8774.900390625
2022-01-20,8814.599609375
2022-01-21,8694.7001953125
2022-01-24,8417.7998046875
2022-01-25,8479.5
2022-01-26,8620.2001953125
2022-01-27,8706.0
2022-01-28,8609.7998046875
2022-01-31,8612.7998046875
2022-02-01,8726.7001953125
2022-02-02,8713.2001953125
2022-02-03,8689.400390625
2022-02-04,8589.2998046875
2022-02-07,8558.400390625
2022-02-08,8674.599609375
2022-02-09,8846.400390625
2022-02-10,8886.2001953125
2022-02-11,8798.099609375
2022-02-14,8573.7998046875
2022-02-15,8718.0
2022-02-16,8737.2001953125
2022-02-17,8671.099609375
2022-02-18,8590.0
2022-02-21,8488.900390625
2022-02-22,8493.2001953125
2022-02-23,8440.099609375
2022-02-24,8198.5
2022-02-25,8486.599609375
2022-02-28,8479.2001953125
2022-03-01,8188.2001953125
2022-03-02,8321.0
2022-03-03,8011.39990234375
2022-03-04,7720.89990234375
2022-03-07,7644.60009765625
2022-03-08,7783.39990234375
2022-03-09,8163.10009765625
2022-03-10,8069.2998046875
2022-03-11,8142.10009765625
2022-03-14,8234.400390625
2022-03-15,8236.099609375
2022-03-16,8380.400390625
2022-03-17,8412.0
2022-03-18,8417.599609375
2022-03-21,8389.2001953125
2022-03-22,8487.2001953125
2022-03-23,8328.400390625
2022-03-24,8305.099609375
2022-03-25,8330.599609375
2022-03-28,8365.599609375
2022-03-29,8614.599609375
2022-03-30,8550.599609375
2022-03-31,8445.099609375
2022-04-01,8503.7001953125
2022-04-04,8520.7998046875
2022-04-05,8623.2998046875
2022-04-06,8482.099609375
2022-04-07,8467.400390625
2022-04-08,8606.400390625
2022-04-11,8585.0
2022-04-12,8578.0
2022-04-13,8617.7998046875
2022-04-14,8699.0
2022-04-19,8694.0
2022-04-20,8769.5
2022-04-21,8814.599609375
2022-04-22,8652.2998046875
2022-04-25,8574.599609375
2022-04-26,8439.2998046875
2022-04-27,8477.7001953125
2022-04-28,8512.2001953125
2022-04-29,8584.2001953125
2022-05-02,8436.0
2022-05-03,8590.2001953125
2022-05-04,8500.5
2022-05-05,8434.7001953125
2022-05-06,8322.0
2022-05-09,8139.2001953125
2022-05-10,8139.2001953125
2022-05-11,8312.599609375
2022-05-12,8200.400390625
2022-05-13,8338.099609375
2022-05-16,8353.7001953125
2022-05-17,8475.7001953125
2022-05-18,8476.400390625
2022-05-19,8406.0
2022-05-20,8484.5
2022-05-23,8625.7998046875
2022-05-24,8631.2001953125
2022-05-25,8760.2001953125
2022-05-26,8888.7998046875
2022-05-27,8933.599609375
2022-05-30,8930.7998046875
2022-05-31,8851.5
2022-06-01,8747.2001953125
2022-06-02,8744.099609375
2022-06-03,8724.7998046875
2022-06-06,8836.2998046875
2022-06-07,8841.599609375
2022-06-08,8842.7001953125
2022-06-09,8711.2001953125
2022-06-10,8390.599609375
2022-06-13,8183.2998046875
2022-06-14,8066.39990234375
2022-06-15,8174.7001953125
2022-06-16,8078.10009765625
2022-06-17,8145.89990234375
2022-06-20,8286.0
2022-06-21,8235.599609375
2022-06-22,8145.39990234375
2022-06-23,8106.39990234375
2022-06-24,8244.099609375
2022-06-27,8242.599609375
2022-06-28,8317.5
2022-06-29,8188.0
2022-06-30,8098.7001953125
2022-07-01,8176.10009765625
2022-07-04,8161.7998046875
2022-07-05,7959.39990234375
2022-07-06,7948.60009765625
2022-07-07,8122.5
2022-07-08,8100.2998046875
2022-07-11,8065.2001953125
2022-07-12,8014.7998046875
2022-07-13,7944.89990234375
2022-07-14,7804.2998046875
2022-07-15,7945.89990234375
2022-07-18,7963.10009765625
2022-07-19,8125.10009765625
2022-07-20,8028.89990234375
2022-07-21,8012.7001953125
2022-07-22,8051.60009765625
2022-07-25,8085.60009765625
2022-07-26,8069.60009765625
2022-07-27,8124.39990234375
2022-07-28,8084.89990234375
2022-07-29,8156.2001953125
2022-08-01,8085.10009765625
2022-08-02,8096.89990234375
2022-08-03,8142.10009765625
2022-08-04,8161.10009765625
2022-08-05,8168.0
2022-08-08,8272.5
2022-08-09,8311.900390625
2022-08-10,8352.7998046875
2022-08-11,8380.0
2022-08-12,8400.400390625
2022-08-15,8427.0
2022-08-16,8511.900390625
2022-08-17,8434.7998046875
2022-08-18,8430.2998046875
2022-08-19,8338.099609375
2022-08-22,8284.7998046875
2022-08-23,8226.2998046875
2022-08-24,8199.400390625
2022-08-25,8187.5
2022-08-26,8063.89990234375
2022-08-29,7989.60009765625
2022-08-30,7979.7998046875
2022-08-31,7886.10009765625
2022-09-01,7806.0
2022-09-02,7932.2001953125
2022-09-05,7862.7001953125
2022-09-06,7842.2001953125
2022-09-07,7855.89990234375
2022-09-08,7916.7998046875
2022-09-09,8033.10009765625
2022-09-12,8194.2998046875
2022-09-13,8064.0
2022-09-14,8055.60009765625
2022-09-15,8085.5
2022-09-16,7984.7001953125
2022-09-19,7993.2001953125
2022-09-20,7873.10009765625
2022-09-21,7872.2001953125
2022-09-22,7774.7001953125
2022-09-23,7583.5
2022-09-26,7508.5
2022-09-27,7445.7001953125
2022-09-28,7442.2001953125
2022-09-29,7300.10009765625
2022-09-30,7366.7998046875
2022-10-03,7462.0
2022-10-04,7696.60009765625
2022-10-05,7579.89990234375
2022-10-06,7511.10009765625
2022-10-07,7436.89990234375
2022-10-10,7413.5
2022-10-11,7355.89990234375
2022-10-12,7261.10009765625
2022-10-13,7348.7998046875
2022-10-14,7382.5
2022-10-17,7557.10009765625
2022-10-18,7611.2998046875
2022-10-19,7583.60009765625
2022-10-20,7644.39990234375
2022-10-21,7545.60009765625
2022-10-24,7680.5
2022-10-25,7794.89990234375
2022-10-26,7870.60009765625
2022-10-27,7921.10009765625
2022-10-28,7916.5
2022-10-31,7956.5
2022-11-01,7999.0
2022-11-02,7968.60009765625
2022-11-03,7868.89990234375
2022-11-04,7942.7001953125
2022-11-07,7962.2998046875
2022-11-08,7998.89990234375
2022-11-09,8040.39990234375
2022-11-10,8133.2001953125
2022-11-11,8133.2001953125
2022-11-14,8166.5
2022-11-15,8188.39990234375
2022-11-16,8101.39990234375
2022-11-17,8040.7001953125
2022-11-18,8127.7998046875
2022-11-21,8188.39990234375
2022-11-22,8325.0
2022-11-23,8331.2001953125
2022-11-24,8388.099609375
2022-11-25,8416.599609375
2022-11-28,8323.2001953125
2022-11-29,8322.099609375
2022-11-30,8363.2001953125
2022-12-01,8407.900390625
2022-12-02,8382.599609375
2022-12-05,8370.099609375
2022-12-06,8331.900390625
2022-12-07,8290.5
2022-12-08,8225.2001953125
2022-12-09,8289.2001953125
2022-12-12,8258.900390625
2022-12-13,8327.7001953125
2022-12-14,8360.599609375
2022-12-15,8218.7998046875
2022-12-16,8112.5
2022-12-19,8136.7998046875
2022-12-20,8185.2001953125
2022-12-21,8302.2998046875
2022-12-22,8272.099609375
2022-12-23,8269.099609375
2022-12-27,8270.099609375
2022-12-28,8258.5
2022-12-29,8318.2998046875
2022-12-30,8229.099609375
2023-01-02,8369.7001953125
2023-01-03,8397.400390625
2023-01-04,8559.7998046875
2023-01-05,8607.599609375
2023-01-06,8701.099609375
2023-01-09,8694.900390625
2023-01-10,8712.7001953125
2023-01-11,8726.2998046875
2023-01-12,8828.099609375
2023-01-13,8881.7001953125
2023-01-16,8871.099609375
2023-01-17,8890.400390625
2023-01-18,8933.2998046875
2023-01-19,8793.099609375
2023-01-20,8918.2001953125
2023-01-23,8944.099609375
2023-01-24,8967.099609375
2023-01-25,8957.5
2023-01-26,9035.599609375
2023-01-27,9060.2001953125
2023-01-30,9049.2998046875
2023-01-31,9034.0
2023-02-01,9098.099609375
2023-02-02,9229.7001953125
2023-02-03,9225.599609375
2023-02-06,9159.2001953125
2023-02-07,9172.400390625
2023-02-08,9227.2998046875
2023-02-09,9243.5
2023-02-10,9117.400390625
2023-02-13,9210.2998046875
2023-02-14,9263.2001953125
2023-02-15,9294.7998046875
2023-02-16,9327.2998046875
2023-02-17,9333.0
2023-02-20,9281.2998046875
2023-02-21,9252.099609375
2023-02-22,9172.7001953125
2023-02-23,9231.599609375
2023-02-24,9201.5
2023-02-27,9314.2998046875
2023-02-28,9394.599609375
2023-03-01,9322.900390625
2023-03-02,9327.2998046875
2023-03-03,9464.2001953125
2023-03-06,9511.0
2023-03-07,9411.099609375
2023-03-08,9466.099609375
2023-03-09,9423.2001953125
2023-03-10,9285.0
2023-03-13,8958.900390625
2023-03-14,9159.0
2023-03-15,8759.099609375
2023-03-16,8890.2001953125
2023-03-17,8719.2998046875
2023-03-20,8833.099609375
2023-03-21,9049.400390625
2023-03-22,9009.2998046875
2023-03-23,8970.0
2023-03-24,8792.5
2023-03-27,8906.099609375
2023-03-28,8944.2998046875
2023-03-29,9070.7001953125
2023-03-30,9207.099609375
2023-03-31,9232.5
2023-04-03,9157.400390625
2023-04-04,9183.2001953125
2023-04-05,9254.599609375
2023-04-06,9312.2998046875
2023-04-11,9237.7001953125
2023-04-12,9278.7001953125
2023-04-13,9310.0
2023-04-14,9362.900390625
2023-04-17,9378.5
2023-04-18,9421.900390625
2023-04-19,9494.7998046875
2023-04-20,9450.900390625
2023-04-21,9415.599609375
2023-04-24,9406.400390625
2023-04-25,9290.2998046875
2023-04-26,9293.7001953125
2023-04-27,9314.599609375
2023-04-28,9241.0
2023-05-02,9082.0
2023-05-03,9076.7001953125
2023-05-04,9043.599609375
2023-05-05,9147.2998046875
2023-05-08,9211.2998046875
2023-05-09,9183.2001953125
2023-05-10,9167.7001953125
2023-05-11,9182.7998046875
2023-05-12,9234.099609375
2023-05-15,9201.5
2023-05-16,9191.400390625
2023-05-17,9211.599609375
2023-05-18,9213.099609375
2023-05-19,9251.5
2023-05-22,9305.0
2023-05-23,9267.0
2023-05-24,9163.5
2023-05-25,9116.099609375
2023-05-26,9191.099609375
2023-05-29,9180.099609375
2023-05-30,9167.5
2023-05-31,9050.2001953125
2023-06-01,9167.5
2023-06-02,9317.2998046875
2023-06-05,9289.099609375
2023-06-06,9310.7998046875
2023-06-07,9359.7998046875
2023-06-08,9338.2998046875
2023-06-09,9309.7001953125
2023-06-12,9344.400390625
2023-06-13,9333.7001953125
2023-06-14,9432.7998046875
2023-06-15,9430.7998046875
2023-06-16,9495.0
2023-06-19,9431.900390625
2023-06-20,9439.7998046875
2023-06-21,9436.400390625
2023-06-22,9364.7001953125
2023-06-23,9265.7998046875
2023-06-26,9274.0
2023-06-27,9393.0
2023-06-28,9481.2998046875
2023-06-29,9510.599609375
2023-06-30,9593.0
2023-07-03,9644.7998046875
2023-07-04,9588.400390625
2023-07-05,9486.2998046875
2023-07-06,9285.0
2023-07-07,9248.7998046875
2023-07-10,9252.900390625
2023-07-11,9331.099609375
2023-07-12,9453.7001953125
2023-07-13,9478.7001953125
2023-07-14,9438.2998046875
2023-07-17,9438.0
2023-07-18,9455.7001953125
2023-07-19,9451.7998046875
2023-07-20,9519.599609375
2023-07-21,9571.5
2023-07-24,9543.5
2023-07-25,9519.2001953125
2023-07-26,9600.5
2023-07-27,9694.7001953125
2023-07-28,9685.099609375
2023-07-31,9641.5
2023-08-01,9502.900390625
2023-08-02,9328.7001953125
2023-08-03,9307.099609375
2023-08-04,9368.400390625
2023-08-07,9358.599609375
2023-08-08,9301.7998046875
2023-08-09,9354.400390625
2023-08-10,9502.2001953125
2023-08-11,9434.2998046875
2023-08-14,9429.599609375
2023-08-15,9347.5
2023-08-16,9350.5
2023-08-17,9278.0
2023-08-18,9267.7001953125
2023-08-21,9262.7998046875
2023-08-22,9314.0
2023-08-23,9315.599609375
2023-08-24,9324.7001953125
2023-08-25,9338.900390625
2023-08-28,9490.099609375
2023-08-29,9581.2001953125
2023-08-30,9551.099609375
2023-08-31,9505.900390625
2023-09-01,9449.599609375
2023-09-04,9416.2998046875
2023-09-05,9392.0
2023-09-06,9314.400390625
2023-09-07,9310.0
2023-09-08,9364.599609375
2023-09-11,9435.2001953125
2023-09-12,9455.400390625
2023-09-13,9424.099609375
2023-09-14,9549.0
2023-09-15,9549.7001953125
2023-09-18,9482.099609375
2023-09-19,9527.2001953125
2023-09-20,9645.7998046875
2023-09-21,9548.900390625
2023-09-22,9502.0
2023-09-25,9386.0
2023-09-26,9366.900390625
2023-09-27,9331.900390625
2023-09-28,9426.7998046875
2023-09-29,9428.0
2023-10-02,9319.0
2023-10-03,9165.5
2023-10-04,9102.900390625
2023-10-05,9157.7001953125
2023-10-06,9235.7998046875
2023-10-09,9151.2998046875
2023-10-10,9352.099609375
2023-10-11,9360.400390625
2023-10-12,9336.0
2023-10-13,9232.900390625
2023-10-16,9287.099609375
2023-10-17,9298.5
2023-10-18,9212.7001953125
2023-10-19,9146.7998046875
2023-10-20,9029.099609375
2023-10-23,8995.5
2023-10-24,8975.7998046875
2023-10-25,8984.7998046875
2023-10-26,8962.7998046875
2023-10-27,8918.2998046875
2023-10-30,9013.900390625
2023-10-31,9017.2998046875
2023-11-01,9075.0
2023-11-02,9260.400390625
2023-11-03,9293.900390625
2023-11-06,9241.5
2023-11-07,9235.900390625
2023-11-08,9283.7998046875
2023-11-09,9405.2001953125
2023-11-10,9371.7001953125
2023-11-13,9461.7001953125
2023-11-14,9623.2998046875
2023-11-15,9640.7001953125
2023-11-16,9667.400390625
2023-11-17,9761.400390625
2023-11-20,9839.0
2023-11-21,9827.5
2023-11-22,9887.400390625
2023-11-23,9905.5
2023-11-24,9939.0
2023-11-27,9936.099609375
2023-11-28,10003.400390625
2023-11-29,10062.599609375
2023-11-30,10058.2001953125
2023-12-01,10140.7998046875
2023-12-04,10178.2998046875
2023-12-05,10238.400390625
2023-12-06,10258.099609375
2023-12-07,10146.0
2023-12-08,10223.400390625
2023-12-11,10198.0
2023-12-12,10118.7001953125
2023-12-13,10096.099609375
2023-12-14,10171.7001953125
2023-12-15,10095.599609375
2023-12-18,10054.900390625
2023-12-19,10106.7001953125
2023-12-20,10101.0
2023-12-21,10104.2998046875
2023-12-22,10111.900390625
2023-12-27,10121.7998046875
2023-12-28,10086.2001953125
2023-12-29,10102.099609375
2024-01-02,10182.099609375
2024-01-03,10053.400390625
2024-01-04,10182.400390625
2024-01-05,10164.5
2024-01-08,10209.0
2024-01-09,10060.2998046875
2024-01-10,10067.099609375
2024-01-11,10004.900390625
2024-01-12,10094.7998046875
2024-01-15,10076.900390625
2024-01-16,9994.099609375
2024-01-17,9867.7998046875
2024-01-18,9880.2998046875
2024-01-19,9858.2998046875
2024-01-22,9968.099609375
2024-01-23,9859.2001953125
2024-01-24,9974.0
2024-01-25,9916.599609375
2024-01-26,9936.599609375
2024-01-29,9890.2998046875
2024-01-30,10039.2998046875
2024-01-31,10077.7001953125
2024-02-01,10014.0
2024-02-02,10062.5
2024-02-05,9941.2998046875
2024-02-06,10003.0
2024-02-07,9920.2001953125
2024-02-08,9905.400390625
2024-02-09,9896.599609375
2024-02-12,9984.7001953125
2024-02-13,9925.400390625
2024-02-14,9916.599609375
2024-02-15,9927.2998046875
2024-02-16,9886.400390625
2024-02-19,9944.7998046875
2024-02-20,10038.2001953125
2024-02-21,10107.2001953125
2024-02-22,10138.900390625
2024-02-23,10130.599609375
2024-02-26,10138.400390625
2024-02-27,10113.7998046875
2024-02-28,10068.599609375
2024-02-29,10001.2998046875
2024-03-01,10064.7001953125
2024-03-04,10069.7998046875
2024-03-05,10117.099609375
2024-03-06,10197.2001953125
2024-03-07,10319.599609375
2024-03-08,10305.7001953125
2024-03-11,10325.7001953125
2024-03-12,10388.900390625
2024-03-13,10560.5
2024-03-14,10490.5
2024-03-15,10597.900390625
2024-03-18,10596.7001953125
2024-03-19,10701.400390625
2024-03-20,10752.5
2024-03-21,10867.5
2024-03-22,10943.2001953125
2024-03-25,10952.2001953125
2024-03-26,10991.5
2024-03-27,11111.2998046875
2024-03-28,11074.599609375
2024-04-02,10975.599609375
2024-04-03,11032.2998046875
2024-04-04,11090.900390625
2024-04-05,10916.0
2024-04-08,10911.7998046875
2024-04-09,10816.0
2024-04-10,10775.0
2024-04-11,10649.7998046875
2024-04-12,10686.0
2024-04-15,10687.2001953125
2024-04-16,10526.900390625
2024-04-17,10633.900390625
2024-04-18,10765.0
2024-04-19,10729.5
2024-04-22,10890.2001953125
2024-04-23,11075.400390625
2024-04-24,11027.7998046875
2024-04-25,10983.7001953125
2024-04-26,11154.599609375
2024-04-29,11100.7998046875
2024-04-30,10854.400390625
2024-05-02,10872.0
2024-05-03,10854.7001953125
2024-05-06,10917.5
2024-05-07,11080.900390625
2024-05-08,11153.0
2024-05-09,11050.099609375
2024-05-10,11105.5
2024-05-13,11152.0
2024-05-14,11239.2998046875
2024-05-15,11362.7998046875
2024-05-16,11299.2998046875
2024-05-17,11327.7001953125
2024-05-20,11339.5
2024-05-21,11334.900390625
2024-05-22,11329.0
2024-05-23,11311.099609375
2024-05-24,11246.0
2024-05-27,11325.5
2024-05-28,11276.0
2024-05-29,11145.099609375
2024-05-30,11338.2001953125
2024-05-31,11322.0
2024-06-03,11397.2001953125
2024-06-04,11286.400390625
2024-06-05,11353.099609375
2024-06-06,11444.0
2024-06-07,11404.900390625
2024-06-10,11357.2001953125
2024-06-11,11175.5
2024-06-12,11245.400390625
2024-06-13,11066.099609375
2024-06-14,10992.2998046875
2024-06-17,10959.5
2024-06-18,11067.7001953125
2024-06-19,11056.400390625
2024-06-20,11160.5
2024-06-21,11032.2998046875
2024-06-24,11172.099609375
2024-06-25,11118.900390625
2024-06-26,11030.5
2024-06-27,10951.5
2024-06-28,10943.7001953125
2024-07-01,11057.0
2024-07-02,10912.7998046875
2024-07-03,11056.7998046875
2024-07-04,11066.2998046875
2024-07-05,11023.5
2024-07-08,11022.099609375
2024-07-09,10898.7998046875
2024-07-10,11071.599609375
2024-07-11,11170.0
2024-07-12,11250.599609375
2024-07-15,11143.0
2024-07-16,11090.5
2024-07-17,11105.2001953125
2024-07-18,11147.5
2024-07-19,11087.5
2024-07-22,11143.7998046875
2024-07-23,11212.7001953125
2024-07-24,11210.099609375
2024-07-25,11145.599609375
2024-07-26,11165.900390625
2024-07-29,11117.7998046875
2024-07-30,11202.599609375
2024-07-31,11065.0
2024-08-01,10854.2998046875
2024-08-02,10672.900390625
2024-08-05,10423.400390625
2024-08-06,10390.5
2024-08-07,10599.0
2024-08-08,10558.0
2024-08-09,10638.5
2024-08-12,10646.2001953125
2024-08-13,10723.7998046875
2024-08-14,10753.0
2024-08-15,10885.599609375
2024-08-16,10949.7001953125
2024-08-19,11102.5
2024-08-20,11087.7998046875
2024-08-21,11114.900390625
2024-08-22,11156.2998046875
2024-08-23,11278.099609375
2024-08-26,11265.5
2024-08-27,11326.900390625
2024-08-28,11332.0
2024-08-29,11358.599609375
2024-08-30,11401.900390625
2024-09-02,11395.2998046875
2024-09-03,11279.2001953125
2024-09-04,11213.900390625
2024-09-05,11273.5
2024-09-06,11173.0
2024-09-09,11272.7998046875
2024-09-10,11203.5
2024-09-11,11278.900390625
2024-09-12,11400.2001953125
2024-09-13,11540.2001953125
2024-09-16,11581.0
2024-09-17,11703.400390625
2024-09-18,11684.7001953125
2024-09-19,11778.099609375
2024-09-20,11753.2998046875
2024-09-23,11797.900390625
2024-09-24,11837.0
2024-09-25,11792.599609375
2024-09-26,11953.2001953125
2024-09-27,11967.900390625
2024-09-30,11877.2998046875
2024-10-01,11673.5
2024-10-02,11609.7998046875
2024-10-03,11618.0
2024-10-04,11659.2001953125
2024-10-07,11717.5
2024-10-08,11734.7001953125
2024-10-09,11741.5
2024-10-10,11656.7001953125
2024-10-11,11720.0
2024-10-14,11850.900390625
2024-10-15,11930.2001953125
2024-10-16,11996.7001953125
2024-10-17,11904.5
2024-10-18,11925.2001953125
2024-10-21,11841.099609375
2024-10-22,11832.7001953125
2024-10-23,11865.2001953125
2024-10-24,11839.7998046875
2024-10-25,11812.5
2024-10-28,11904.0
2024-10-29,11795.2998046875
2024-10-30,11715.0
2024-10-31,11672.599609375
2024-11-01,11843.0
2024-11-04,11805.099609375
2024-11-05,11839.2001953125
2024-11-06,11495.2998046875
2024-11-07,11570.099609375
2024-11-08,11551.599609375
2024-11-11,11597.2998046875
2024-11-12,11382.599609375
2024-11-13,11377.099609375
2024-11-14,11524.2998046875
2024-11-15,11635.900390625
2024-11-18,11674.7998046875
2024-11-19,11588.400390625
2024-11-20,11589.5
2024-11-21,11611.7001953125
2024-11-22,11656.599609375
2024-11-25,11711.7998046875
2024-11-26,11617.900390625
2024-11-27,11579.5
2024-11-28,11610.7998046875
2024-11-29,11641.2998046875
2024-12-02,11735.2998046875
2024-12-03,11873.599609375
2024-12-04,11931.599609375
2024-12-05,12118.7001953125
2024-12-06,12072.0
2024-12-09,12011.5
2024-12-10,11965.5
2024-12-11,11789.2998046875
2024-12-12,11764.7998046875
2024-12-13,11752.099609375
2024-12-16,11778.599609375
2024-12-17,11588.099609375
2024-12-18,11617.900390625
2024-12-19,11439.900390625
2024-12-20,11467.2998046875
2024-12-23,11435.7001953125
2024-12-24,11473.900390625
2024-12-27,11531.599609375
2024-12-30,11536.7998046875
2024-12-31,11595.0
2025-01-02,11676.900390625
2025-01-03,11651.599609375
2025-01-06,11808.2001953125
2025-01-07,11811.900390625
2025-01-08,11798.099609375
2025-01-09,11899.2998046875
2025-01-10,11720.900390625
2025-01-13,11688.2001953125
2025-01-14,11752.099609375
2025-01-15,11898.5
2025-01-16,11840.599609375
2025-01-17,11916.2998046875
2025-01-20,11943.599609375
2025-01-21,11927.400390625
2025-01-22,11882.7001953125
2025-01-23,11991.5
2025-01-24,11982.599609375
2025-01-27,11997.099609375
2025-01-28,12154.2001953125
2025-01-29,12286.5
2025-01-30,12419.599609375
2025-01-31,12368.900390625
2025-02-03,12205.7998046875
2025-02-04,12372.7998046875
2025-02-05,12536.7001953125
2025-02-06,12731.0
2025-02-07,12688.900390625
2025-02-10,12708.7998046875
2025-02-11,12774.7998046875
2025-02-12,12911.5
2025-02-13,12936.2998046875
2025-02-14,12956.0
2025-02-17,13016.900390625
2025-02-18,13143.900390625
2025-02-19,12929.400390625
2025-02-20,12967.099609375
2025-02-21,12952.0
2025-02-24,13012.900390625
2025-02-25,13116.7998046875
2025-02-26,13332.0
2025-02-27,13270.599609375
2025-02-28,13347.2998046875
2025-03-03,13373.099609375
2025-03-04,13031.7001953125
2025-03-05,13214.0
2025-03-06,13234.2001953125
2025-03-07,13257.099609375
2025-03-10,13082.7001953125
2025-03-11,12877.2998046875
2025-03-12,12804.0
2025-03-13,12821.2998046875
2025-03-14,13005.2001953125
2025-03-17,13147.2001953125
2025-03-18,13354.7001953125
2025-03-19,13408.099609375
2025-03-20,13306.2998046875
2025-03-21,13350.2001953125
2025-03-24,13323.2998046875
2025-03-25,13484.2998046875
2025-03-26,13432.2001953125
2025-03-27,13422.599609375
2025-03-28,13309.2998046875
2025-03-31,13135.400390625
2025-04-01,13297.0
2025-04-02,13350.2001953125
2025-04-03,13191.2001953125
2025-04-04,12422.0
2025-04-07,11785.7998046875
2025-04-08,12065.599609375
2025-04-09,11797.599609375
2025-04-10,12307.599609375
2025-04-11,12286.0
2025-04-14,12609.7998046875
2025-04-15,12879.2998046875
2025-04-16,12942.099609375
2025-04-17,12918.0
2025-04-22,13010.599609375
2025-04-23,13208.2998046875
2025-04-24,13179.7001953125
2025-04-25,13355.2998046875
2025-04-28,13456.099609375
2025-04-29,13366.900390625
2025-04-30,13287.7998046875
2025-05-02,13446.7001953125
2025-05-05,13518.0
2025-05-06,13530.2001953125
2025-05-07,13480.400390625
2025-05-08,13488.900390625
2025-05-09,13554.099609375
2025-05-12,13655.2998046875
2025-05-13,13769.099609375
2025-05-14,13840.2001953125
2025-05-15,13930.2001953125
2025-05-16,14064.5
2025-05-19,14099.0
2025-05-20,14323.400390625
2025-05-21,14307.599609375
2025-05-22,14272.5
2025-05-23,14104.099609375
2025-05-26,14221.599609375
2025-05-27,14239.900390625
2025-05-28,14100.599609375
2025-05-29,14116.599609375
2025-05-30,14152.2001953125
2025-06-02,14202.7998046875
2025-06-03,14128.400390625
2025-06-04,14101.2998046875
2025-06-05,14203.7001953125
2025-06-06,14247.599609375
2025-06-09,14251.2998046875
2025-06-10,14221.099609375
2025-06-11,14134.099609375
2025-06-12,14088.900390625
2025-06-13,13910.599609375
2025-06-16,14110.7998046875
2025-06-17,13911.7001953125
2025-06-18,13923.2001953125
2025-06-19,13744.900390625
2025-06-20,13850.2998046875
2025-06-23,13839.400390625
2025-06-24,14035.099609375
2025-06-25,13811.7998046875
2025-06-26,13815.5
2025-06-27,13969.0
2025-06-30,13991.900390625
2025-07-01,13987.400390625
2025-07-02,14044.599609375
2025-07-03,14182.900390625
2025-07-04,13973.0
2025-07-07,14074.7998046875
2025-07-08,14079.5
2025-07-09,14254.400390625
2025-07-10,14141.599609375
2025-07-11,14009.2001953125
2025-07-14,14036.0
2025-07-15,13874.7001953125
2025-07-16,13885.7001953125
2025-07-17,13994.5
2025-07-18,13989.0
2025-07-21,14031.5
2025-07-22,14041.5
2025-07-23,14067.900390625
2025-07-24,14256.5
2025-07-25,14237.2998046875
2025-07-28,14220.2001953125
2025-07-29,14347.7001953125
2025-07-30,14380.599609375
2025-07-31,14397.0
2025-08-01,14126.7001953125
2025-08-04,14386.099609375
2025-08-05,14407.5
2025-08-06,14536.599609375
2025-08-07,14690.900390625
2025-08-08,14824.900390625
2025-08-11,14855.900390625
2025-08-12,14859.0
2025-08-13,15019.900390625
2025-08-14,15206.400390625
2025-08-15,15277.2001953125
2025-08-18,15251.7001953125
2025-08-19,15303.7998046875
2025-08-20,15292.099609375
2025-08-21,15303.7998046875
2025-08-22,15396.7998046875
2025-08-25,15265.5
2025-08-26,15119.2998046875
2025-08-27,15020.900390625
2025-08-28,15071.400390625
2025-08-29,14935.7998046875
2025-09-01,14939.400390625
2025-09-02,14704.2001953125
2025-09-03,14789.400390625
2025-09-04,14918.2998046875
2025-09-05,14850.900390625
2025-09-08,15002.2001953125
2025-09-09,15023.900390625
2025-09-10,15217.5
2025-09-11,15321.2998046875
2025-09-12,15308.2001953125
2025-09-15,15395.099609375
2025-09-16,15163.2998046875
2025-09-17,15127.2001953125
2025-09-18,15175.400390625
2025-09-19,15260.7001953125
2025-09-22,15082.5
2025-09-23,15158.2001953125
2025-09-24,15194.599609375
2025-09-25,15153.7001953125
2025-09-26,15350.400390625
2025-09-29,15316.2998046875
2025-09-30,15475.0
2025-10-01,15538.7998046875
2025-10-02,15496.2001953125
2025-10-03,15585.099609375
2025-10-06,15556.7001953125
2025-10-07,15527.0
2025-10-08,15678.2998046875
2025-10-09,15584.7998046875
2025-10-10,15476.5
2025-10-13,15541.599609375
2025-10-14,15586.400390625
2025-10-15,15570.2998046875
2025-10-16,15645.7998046875
2025-10-17,15601.099609375
2025-10-20,15828.2998046875
2025-10-21,15767.099609375
2025-10-22,15781.599609375
2025-10-23,15792.2001953125
2025-10-24,15861.5
2025-10-27,16000.2001953125
2025-10-28,16087.0
2025-10-29,16150.099609375
2025-10-30,16040.2998046875
2025-10-31,16032.599609375
2025-11-03,16037.0
2025-11-04,16036.400390625
2025-11-05,16098.400390625
2025-11-06,16118.0
2025-11-07,15901.400390625
2025-11-10,16182.5
2025-11-11,16388.80078125
2025-11-12,16615.80078125
2025-11-13,16577.400390625
2025-11-14,16345.900390625
2025-11-17,16172.599609375
2025-11-18,15827.0
2025-11-19,15889.2998046875
2025-11-20,15988.900390625
2025-11-21,15821.900390625
2025-11-24,15967.7998046875
2025-11-25,16140.900390625
2025-11-26,16361.099609375
2025-11-27,16361.7998046875
2025-11-28,16371.599609375
2025-12-01,16389.0
2025-12-02,16473.099609375
2025-12-03,16585.69921875
2025-12-04,16746.599609375
2025-12-05,16688.5
2025-12-08,16712.19921875
2025-12-09,16734.5
2025-12-10,16762.5
2025-12-11,16883.0
2025-12-12,16854.400390625
2025-12-15,17041.400390625
2025-12-16,16921.900390625
2025-12-17,16938.19921875
2025-12-18,17132.599609375
2025-12-19,17169.80078125
2025-12-22,17158.0
2025-12-23,17182.80078125
2025-12-24,17172.900390625
2025-12-29,17195.80078125
2025-12-30,17354.900390625
2025-12-31,17307.80078125
2026-01-02,17492.400390625
2026-01-05,17614.400390625
2026-01-06,17647.099609375
2026-01-07,17596.400390625
2026-01-08,17654.69921875
2026-01-09,17649.0
2026-01-12,17673.80078125
2026-01-13,17687.099609375
2026-01-14,17695.69921875
2026-01-15,17642.69921875
2026-01-16,17710.900390625
2026-01-19,17665.30078125
2026-01-20,17429.099609375
2026-01-21,17439.5
2026-01-22,17663.400390625
2026-01-23,17544.400390625
2026-01-26,17680.5
2026-01-27,17804.099609375
2026-01-28,17607.599609375
2026-01-29,17589.69921875
2026-01-30,17880.900390625
2026-02-02,18115.19921875
2026-02-03,18119.19921875
2026-02-04,18102.5
2026-02-05,17746.30078125
2026-02-06,17943.30078125
2026-02-09,18195.099609375
2026-02-10,18122.099609375
2026-02-11,18044.5
2026-02-12,17896.900390625
2026-02-13,17672.400390625
2026-02-16,17848.0
2026-02-17,17955.400390625
2026-02-18,18197.900390625
2026-02-19,18017.5
2026-02-20,18186.0
2026-02-23,18288.69921875
2026-02-24,18189.5
2026-02-25,18461.0
2026-02-26,18496.599609375
2026-02-27,18360.80078125
2026-03-02,17878.900390625
2026-03-03,17062.400390625
2026-03-04,17487.0
2026-03-05,17245.19921875
2026-03-06,17074.400390625
2026-03-09,16928.19921875
2026-03-10,17445.0
2026-03-11,17351.900390625
2026-03-12,17139.900390625
2026-03-13,17059.30078125
2026-03-16,17089.400390625
2026-03-17,17248.69921875
2026-03-18,17299.099609375
2026-03-19,16905.900390625
2026-03-20,16714.0
2026-03-23,16888.19921875
2026-03-24,16910.19921875
2026-03-25,17169.900390625
2026-03-26,16962.900390625
2026-03-27,16802.5
2026-03-30,16969.19921875
2026-03-31,17049.599609375
2026-04-01,17580.400390625
2026-04-02,17555.900390625
2026-04-07,17444.30078125
2026-04-08,18132.30078125
2026-04-09,18104.900390625
2026-04-10,18204.30078125
2026-04-13,18023.80078125
2026-04-14,18286.099609375
2026-04-15,18185.80078125
2026-04-16,18089.5
2026-04-17,18484.5
2026-04-20,18260.900390625
2026-04-21,18142.599609375
2026-04-22,18006.400390625
2026-04-23,17885.900390625
2026-04-24,17691.30078125
2026-04-27,17692.900390625
2026-04-28,17774.900390625
2026-04-29,17642.80078125
2026-04-30,17781.0
2026-05-04,17356.099609375
2026-05-05,17667.69921875
2026-05-06,18104.30078125
2026-05-07,18060.80078125
2026-05-08,17889.400390625
2026-05-11,17852.5
2026-05-12,17573.599609375
2026-05-13,17654.900390625
2026-05-14,17809.19921875
2026-05-15,17622.69921875
2026-05-18,17755.099609375
2026-05-19,17670.099609375
2026-05-20,18051.69921875
2026-05-21,17975.19921875
2026-05-22,17985.30078125
2026-05-25,18387.400390625
2026-05-26,18290.900390625
2026-05-27,18380.900390625
2026-05-28,18279.30078125
2026-05-29,18362.900390625
2026-06-01,18184.900390625
2026-06-02,18272.0
2026-06-03,18176.0
2026-06-04,18276.0
2026-06-05,18344.900390625
2026-06-08,18223.099609375
2026-06-09,18174.69921875
2026-06-10,18142.69921875
2026-06-11,18290.099609375
2026-06-12,18764.400390625
2026-06-15,19032.0
2026-06-16,19163.599609375
2026-06-17,19421.900390625
2026-06-18,19404.099609375
2026-06-19,19347.400390625
2026-06-22,19542.30078125
2026-06-23,19476.5
2026-06-24,19389.5
2026-06-25,19513.599609375
2026-06-26,19425.30078125
2026-06-29,19387.400390625
2026-06-30,19471.900390625
2026-07-01,19406.599609375
2026-07-02,19671.80078125
2026-07-03,19852.400390625
2026-07-06,19683.80078125
2026-07-07,19640.19921875
2026-07-08,19104.30078125
2026-07-09,19322.80078125
2026-07-10,19384.69921875
2026-07-13,19335.69921875
2026-07-14,19356.599609375
2026-07-15,19275.5
2026-07-16,19304.099609375
2026-07-17,19216.900390625
2026-07-20,19206.900390625
2026-07-21,19379.80078125
2026-07-22,19571.30078125
2026-07-23,19267.0
2026-07-24,19585.400390625
2026-07-27,19741.30078125
2026-07-28,19727.0
2026-07-29,19412.69921875
2026-07-30,19757.69921875
2026-07-31,19782.900390625
2026-08-03,19982.599609375
2026-08-04,20023.599609375
2026-08-05,20057.0
2026-08-06,20180.400390625
2026-08-07,20176.0
2026-08-10,20173.0
2026-08-11,20213.599609375
2026-08-12,20204.400390625
2026-08-13,20168.599609375
2026-08-14,20156.599609375
2026-08-17,19981.900390625
2026-08-18,19934.900390625
2026-08-19,19847.5
2026-08-20,19811.0
2026-08-21,19961.5
2026-08-24,20098.599609375
2026-08-25,20056.599609375
2026-08-26,20067.30078125
2026-08-27,19881.599609375
2026-08-28,20041.900390625
2026-08-31,19974.099609375
2026-09-01,19824.0
2026-09-02,19779.0
2026-09-03,20000.19921875
2026-09-04,20050.69921875
2026-09-07,20021.80078125
2026-09-08,19997.099609375
2026-09-09,19695.30078125
2026-09-10,19659.80078125
2026-09-11,19838.5
2026-09-14,19565.5
2026-09-15,19555.900390625
2026-09-16,19635.80078125
2026-09-17,19831.80078125
2026-09-18,19513.80078125
2026-09-21,19724.400390625
2026-09-22,19754.099609375
2026-09-23,19632.19921875
2026-09-24,19573.400390625
2026-09-25,19700.099609375
2026-09-28,19600.30078125
2026-09-29,19756.0
