date,close
2009-06-01,4506.2001953125
2009-06-02,4477.0
2009-06-03,4383.39990234375
2009-06-04,4386.89990234375
2009-06-05,4438.60009765625
2009-06-08,4405.2001953125
2009-06-09,4404.7998046875
2009-06-10,4436.7998046875
2009-06-11,4461.89990234375
2009-06-12,4442.0
2009-06-15,4326.0
2009-06-16,4328.60009765625
2009-06-17,4278.5
2009-06-18,4280.89990234375
2009-06-19,4345.89990234375
2009-06-22,4234.10009765625
2009-06-23,4230.0
2009-06-24,4280.0
2009-06-25,4252.60009765625
2009-06-26,4241.0
2009-06-29,4294.0
2009-06-30,4249.2001953125
2009-07-01,4340.7001953125
2009-07-02,4234.2998046875
2009-07-03,4236.2998046875
2009-07-06,4194.89990234375
2009-07-07,4187.0
2009-07-08,4140.2001953125
2009-07-09,4158.7001953125
2009-07-10,4127.2001953125
2009-07-13,4202.10009765625
2009-07-14,4237.7001953125
2009-07-15,4346.5
2009-07-16,4361.7998046875
2009-07-17,4388.7998046875
2009-07-20,4443.60009765625
2009-07-21,4481.2001953125
2009-07-22,4493.7001953125
2009-07-23,4559.7998046875
2009-07-24,4576.60009765625
2009-07-27,4586.10009765625
2009-07-28,4528.7998046875
2009-07-29,4547.5
2009-07-30,4631.60009765625
2009-07-31,4608.39990234375
2009-08-03,4682.5
2009-08-04,4671.39990234375
2009-08-05,4647.10009765625
2009-08-06,4690.5
2009-08-07,4731.60009765625
2009-08-10,4722.2001953125
2009-08-11,4671.2998046875
2009-08-12,4716.7998046875
2009-08-13,4755.5
2009-08-14,4714.0
2009-08-17,4645.0
2009-08-18,4685.7998046875
2009-08-19,4689.7001953125
2009-08-20,4756.60009765625
2009-08-21,4850.89990234375
2009-08-24,4896.2001953125
2009-08-25,4916.7998046875
2009-08-26,4890.60009765625
2009-08-27,4869.39990234375
2009-08-28,4908.89990234375
2009-09-01,4819.7001953125
2009-09-02,4817.60009765625
2009-09-03,4796.7998046875
2009-09-04,4851.7001953125
2009-09-07,4933.2001953125
2009-09-08,4947.2998046875
2009-09-09,5004.2998046875
2009-09-10,4987.7001953125
2009-09-11,5011.5
2009-09-14,5018.89990234375
2009-09-15,5042.10009765625
2009-09-16,5124.10009765625
2009-09-17,5164.0
2009-09-18,5172.89990234375
2009-09-21,5134.39990234375
2009-09-22,5142.60009765625
2009-09-23,5139.39990234375
2009-09-24,5079.2998046875
2009-09-25,5082.2001953125
2009-09-28,5165.7001953125
2009-09-29,5159.7001953125
2009-09-30,5133.89990234375
2009-10-01,5047.7998046875
2009-10-02,4988.7001953125
2009-10-05,5024.2998046875
2009-10-06,5138.0
2009-10-07,5108.89990234375
2009-10-08,5154.60009765625
2009-10-09,5161.89990234375
2009-10-12,5210.2001953125
2009-10-13,5154.2001953125
2009-10-14,5256.10009765625
2009-10-15,5223.0
2009-10-16,5190.2001953125
2009-10-19,5281.5
2009-10-20,5243.39990234375
2009-10-21,5257.89990234375
2009-10-22,5207.39990234375
2009-10-23,5242.60009765625
2009-10-26,5191.7001953125
2009-10-27,5201.0
2009-10-28,5080.39990234375
2009-10-29,5137.7001953125
2009-10-30,5044.60009765625
2009-11-02,5104.5
2009-11-03,5037.2001953125
2009-11-04,5107.89990234375
2009-11-05,5125.60009765625
2009-11-06,5142.7001953125
2009-11-09,5235.2001953125
2009-11-10,5230.60009765625
2009-11-11,5266.7998046875
2009-11-12,5276.5
2009-11-13,5296.39990234375
2009-11-16,5382.7001953125
2009-11-17,5345.89990234375
2009-11-18,5342.10009765625
2009-11-19,5267.7001953125
2009-11-20,5251.39990234375
2009-11-23,5355.5
2009-11-24,5324.0
2009-11-25,5364.7998046875
2009-11-26,5194.10009765625
2009-11-27,5245.7001953125
2009-11-30,5190.7001953125
2009-12-01,5312.2001953125
2009-12-02,5327.39990234375
2009-12-03,5313.0
2009-12-04,5322.39990234375
2009-12-07,5310.7001953125
2009-12-08,5223.10009765625
2009-12-09,5203.89990234375
2009-12-10,5244.39990234375
2009-12-11,5261.60009765625
2009-12-14,5315.2998046875
2009-12-15,5285.7998046875
2009-12-16,5320.2998046875
2009-12-17,5217.60009765625
2009-12-18,5196.7998046875
2009-12-21,5294.0
2009-12-22,5328.7001953125
2009-12-23,5372.39990234375
2009-12-24,5402.39990234375
2009-12-29,5437.60009765625
2009-12-30,5397.89990234375
2009-12-31,5412.89990234375
2010-01-04,5500.2998046875
2010-01-05,5522.5
2010-01-06,5530.0
2010-01-07,5526.7001953125
2010-01-08,5534.2001953125
2010-01-11,5538.10009765625
2010-01-12,5498.7001953125
2010-01-13,5473.5
2010-01-14,5498.2001953125
2010-01-15,5455.39990234375
2010-01-18,5494.39990234375
2010-01-19,5513.10009765625
2010-01-20,5420.7998046875
2010-01-21,5335.10009765625
2010-01-22,5303.0
2010-01-25,5260.2998046875
2010-01-26,5276.89990234375
2010-01-27,5217.5
2010-01-28,5145.7001953125
2010-01-29,5188.5
2010-02-01,5247.39990234375
2010-02-02,5283.2998046875
2010-02-03,5253.2001953125
2010-02-04,5139.2998046875
2010-02-05,5060.89990234375
2010-02-08,5092.2998046875
2010-02-09,5111.7998046875
2010-02-10,5132.0
2010-02-11,5161.5
2010-02-12,5142.5
2010-02-15,5167.5
2010-02-16,5244.10009765625
2010-02-17,5276.60009765625
2010-02-18,5325.10009765625
2010-02-19,5358.2001953125
2010-02-22,5352.10009765625
2010-02-23,5315.10009765625
2010-02-24,5342.89990234375
2010-02-25,5278.2001953125
2010-02-26,5354.5
2010-03-01,5405.89990234375
2010-03-02,5484.10009765625
2010-03-03,5533.2001953125
2010-03-04,5527.2001953125
2010-03-05,5599.7998046875
2010-03-08,5606.7001953125
2010-03-09,5602.2998046875
2010-03-10,5640.60009765625
2010-03-11,5617.2998046875
2010-03-12,5625.7001953125
2010-03-15,5593.89990234375
2010-03-16,5620.39990234375
2010-03-17,5644.60009765625
2010-03-18,5642.60009765625
2010-03-19,5650.10009765625
2010-03-22,5644.5
2010-03-23,5673.60009765625
2010-03-24,5677.89990234375
2010-03-25,5727.7001953125
2010-03-26,5703.0
2010-03-29,5710.7001953125
2010-03-30,5672.2998046875
2010-03-31,5679.60009765625
2010-04-01,5744.89990234375
2010-04-06,5780.39990234375
2010-04-07,5762.10009765625
2010-04-08,5712.7001953125
2010-04-09,5771.0
2010-04-12,5777.7001953125
2010-04-13,5761.7001953125
2010-04-14,5796.2998046875
2010-04-15,5825.0
2010-04-16,5744.0
2010-04-19,5727.89990234375
2010-04-20,5783.7001953125
2010-04-21,5723.39990234375
2010-04-22,5665.2998046875
2010-04-23,5723.7001953125
2010-04-26,5753.89990234375
2010-04-27,5603.5
2010-04-28,5586.60009765625
2010-04-29,5617.7998046875
2010-04-30,5553.2998046875
2010-05-04,5411.10009765625
2010-05-05,5341.89990234375
2010-05-06,5261.0
2010-05-07,5123.0
2010-05-10,5387.39990234375
2010-05-11,5334.2001953125
2010-05-12,5383.5
2010-05-13,5433.7001953125
2010-05-14,5262.89990234375
2010-05-17,5262.5
2010-05-18,5307.2998046875
2010-05-19,5158.10009765625
2010-05-20,5073.10009765625
2010-05-21,5062.89990234375
2010-05-24,5069.60009765625
2010-05-25,4940.7001953125
2010-05-26,5038.10009765625
2010-05-27,5195.2001953125
2010-05-28,5188.39990234375
2010-06-01,5163.2998046875
2010-06-02,5151.2998046875
2010-06-03,5211.2001953125
2010-06-04,5126.0
2010-06-07,5069.10009765625
2010-06-08,5028.2001953125
2010-06-09,5085.89990234375
2010-06-10,5132.5
2010-06-11,5163.7001953125
2010-06-14,5202.10009765625
2010-06-15,5217.7998046875
2010-06-16,5237.89990234375
2010-06-17,5253.89990234375
2010-06-18,5250.7998046875
2010-06-21,5299.10009765625
2010-06-22,5247.0
2010-06-23,5178.5
2010-06-24,5100.2001953125
2010-06-25,5046.5
2010-06-28,5071.7001953125
2010-06-29,4914.2001953125
2010-06-30,4916.89990234375
2010-07-01,4805.7998046875
2010-07-02,4838.10009765625
2010-07-05,4823.5
2010-07-06,4965.0
2010-07-07,5014.7998046875
2010-07-08,5105.5
2010-07-09,5132.89990234375
2010-07-12,5167.0
2010-07-13,5271.0
2010-07-14,5253.5
2010-07-15,5211.2998046875
2010-07-16,5158.89990234375
2010-07-19,5148.2998046875
2010-07-20,5139.5
2010-07-21,5214.60009765625
2010-07-22,5313.7998046875
2010-07-23,5312.60009765625
2010-07-26,5351.10009765625
2010-07-27,5365.7001953125
2010-07-28,5319.7001953125
2010-07-29,5314.0
2010-07-30,5258.0
2010-08-02,5397.10009765625
2010-08-03,5396.5
2010-08-04,5386.2001953125
2010-08-05,5365.7998046875
2010-08-06,5332.39990234375
2010-08-09,5410.5
2010-08-10,5376.39990234375
2010-08-11,5245.2001953125
2010-08-12,5266.10009765625
2010-08-13,5275.39990234375
2010-08-16,5276.10009765625
2010-08-17,5350.60009765625
2010-08-18,5302.89990234375
2010-08-19,5211.2998046875
2010-08-20,5195.2998046875
2010-08-23,5234.7998046875
2010-08-24,5156.0
2010-08-25,5109.39990234375
2010-08-26,5155.7998046875
2010-08-27,5201.60009765625
2010-08-31,5225.2001953125
2010-09-01,5366.39990234375
2010-09-02,5371.0
2010-09-03,5428.2001953125
2010-09-06,5439.2001953125
2010-09-07,5407.7998046875
2010-09-08,5429.7001953125
2010-09-09,5494.2001953125
2010-09-10,5501.60009765625
2010-09-13,5565.5
2010-09-14,5567.39990234375
2010-09-15,5555.60009765625
2010-09-16,5540.10009765625
2010-09-17,5508.5
2010-09-20,5602.5
2010-09-21,5576.2001953125
2010-09-22,5551.89990234375
2010-09-23,5547.10009765625
2010-09-24,5598.5
2010-09-27,5573.39990234375
2010-09-28,5578.39990234375
2010-09-29,5569.2998046875
2010-09-30,5548.60009765625
2010-10-01,5592.89990234375
2010-10-04,5556.0
2010-10-05,5635.7998046875
2010-10-06,5681.39990234375
2010-10-07,5662.10009765625
2010-10-08,5657.60009765625
2010-10-11,5672.39990234375
2010-10-12,5661.60009765625
2010-10-13,5747.39990234375
2010-10-14,5727.2001953125
2010-10-15,5703.39990234375
2010-10-18,5742.5
2010-10-19,5703.89990234375
2010-10-20,5728.89990234375
2010-10-21,5757.89990234375
2010-10-22,5741.39990234375
2010-10-25,5752.0
2010-10-26,5707.2998046875
2010-10-27,5646.0
2010-10-28,5677.89990234375
2010-10-29,5675.2001953125
2010-11-01,5694.60009765625
2010-11-02,5757.39990234375
2010-11-03,5749.0
2010-11-04,5862.7998046875
2010-11-05,5875.39990234375
2010-11-08,5850.0
2010-11-09,5875.2001953125
2010-11-10,5816.89990234375
2010-11-11,5815.2001953125
2010-11-12,5796.89990234375
2010-11-15,5820.39990234375
2010-11-16,5681.89990234375
2010-11-17,5692.60009765625
2010-11-18,5768.7001953125
2010-11-19,5732.7998046875
2010-11-22,5680.7998046875
2010-11-23,5581.2998046875
2010-11-24,5657.10009765625
2010-11-25,5698.89990234375
2010-11-26,5668.7001953125
2010-11-29,5551.0
2010-11-30,5528.2998046875
2010-12-01,5642.5
2010-12-02,5767.60009765625
2010-12-03,5745.2998046875
2010-12-06,5770.2998046875
2010-12-07,5808.5
2010-12-08,5794.5
2010-12-09,5808.0
2010-12-10,5813.0
2010-12-13,5860.7998046875
2010-12-14,5891.2001953125
2010-12-15,5882.2001953125
2010-12-16,5881.10009765625
2010-12-17,5871.7998046875
2010-12-20,5891.60009765625
2010-12-21,5951.7998046875
2010-12-22,5983.5
2010-12-23,5996.10009765625
2010-12-24,6008.89990234375
2010-12-29,5996.39990234375
2010-12-30,5971.0
2010-12-31,5899.89990234375
2011-01-04,6013.89990234375
2011-01-05,6043.89990234375
2011-01-06,6019.5
2011-01-07,5984.2998046875
2011-01-10,5956.2998046875
2011-01-11,6014.0
2011-01-12,6050.7001953125
2011-01-13,6023.89990234375
2011-01-14,6002.10009765625
2011-01-17,5985.7001953125
2011-01-18,6056.39990234375
2011-01-19,5976.7001953125
2011-01-20,5867.89990234375
2011-01-21,5896.2998046875
2011-01-24,5943.89990234375
2011-01-25,5917.7001953125
2011-01-26,5969.2001953125
2011-01-27,5965.10009765625
2011-01-28,5881.39990234375
2011-01-31,5862.89990234375
2011-02-01,5957.7998046875
2011-02-02,6000.10009765625
2011-02-03,5983.2998046875
2011-02-04,5997.39990234375
2011-02-07,6051.0
2011-02-08,6091.2998046875
2011-02-09,6052.2998046875
2011-02-10,6020.0
2011-02-11,6062.89990234375
2011-02-14,6060.10009765625
2011-02-15,6037.10009765625
2011-02-16,6085.2998046875
2011-02-17,6087.39990234375
2011-02-18,6083.0
2011-02-21,6014.7998046875
2011-02-22,5996.7998046875
2011-02-23,5923.5
2011-02-24,5920.0
2011-02-25,6001.2001953125
2011-02-28,5994.0
2011-03-01,5935.7998046875
2011-03-02,5914.89990234375
2011-03-03,6005.10009765625
2011-03-04,5990.39990234375
2011-03-07,5973.7998046875
2011-03-08,5974.7998046875
2011-03-09,5937.2998046875
2011-03-10,5845.2998046875
2011-03-11,5828.7001953125
2011-03-14,5775.2001953125
2011-03-15,5695.2998046875
2011-03-16,5598.2001953125
2011-03-17,5696.10009765625
2011-03-18,5718.10009765625
2011-03-21,5786.10009765625
2011-03-22,5762.7001953125
2011-03-23,5795.89990234375
2011-03-24,5880.89990234375
2011-03-25,5900.7998046875
2011-03-28,5904.5
2011-03-29,5932.2001953125
2011-03-30,5948.2998046875
2011-03-31,5908.7998046875
2011-04-01,6009.89990234375
2011-04-04,6017.0
2011-04-05,6007.10009765625
2011-04-06,6041.10009765625
2011-04-07,6007.39990234375
2011-04-08,6055.7998046875
2011-04-11,6053.39990234375
2011-04-12,5964.5
2011-04-13,6010.39990234375
2011-04-14,5963.7998046875
2011-04-15,5996.0
2011-04-18,5870.10009765625
2011-04-19,5896.89990234375
2011-04-20,6022.2998046875
2011-04-21,6018.2998046875
2011-04-26,6069.39990234375
2011-04-27,6068.2001953125
2011-04-28,6069.89990234375
2011-05-03,6082.89990234375
2011-05-04,5984.10009765625
2011-05-05,5920.0
2011-05-06,5976.7998046875
2011-05-09,5942.7001953125
2011-05-10,6018.89990234375
2011-05-11,5976.0
2011-05-12,5945.0
2011-05-13,5925.89990234375
2011-05-16,5923.7001953125
2011-05-17,5861.0
2011-05-18,5923.5
2011-05-19,5956.0
2011-05-20,5948.5
2011-05-23,5835.89990234375
2011-05-24,5858.39990234375
2011-05-25,5870.10009765625
2011-05-26,5881.0
2011-05-27,5938.89990234375
2011-05-31,5990.0
2011-06-01,5928.60009765625
2011-06-02,5847.89990234375
2011-06-03,5855.0
2011-06-06,5863.2001953125
2011-06-07,5864.7001953125
2011-06-08,5808.89990234375
2011-06-09,5856.2998046875
2011-06-10,5765.7998046875
2011-06-13,5773.5
2011-06-14,5803.10009765625
2011-06-15,5742.60009765625
2011-06-16,5698.7998046875
2011-06-17,5714.89990234375
2011-06-20,5693.39990234375
2011-06-21,5775.2998046875
2011-06-22,5773.0
2011-06-23,5674.39990234375
2011-06-24,5697.7001953125
2011-06-27,5722.2998046875
2011-06-28,5766.89990234375
2011-06-29,5856.0
2011-06-30,5945.7001953125
2011-07-01,5989.7998046875
2011-07-04,6017.5
2011-07-05,6024.0
2011-07-06,6002.89990234375
2011-07-07,6054.60009765625
2011-07-08,5990.60009765625
2011-07-11,5929.2001953125
2011-07-12,5869.0
2011-07-13,5906.39990234375
2011-07-14,5847.0
2011-07-15,5843.7001953125
2011-07-18,5752.7998046875
2011-07-19,5790.0
2011-07-20,5853.7998046875
2011-07-21,5899.89990234375
2011-07-22,5935.0
2011-07-25,5925.2998046875
2011-07-26,5929.7001953125
2011-07-27,5856.60009765625
2011-07-28,5873.2001953125
2011-07-29,5815.2001953125
2011-08-01,5774.39990234375
2011-08-02,5718.39990234375
2011-08-03,5584.5
2011-08-04,5393.10009765625
2011-08-05,5247.0
2011-08-08,5069.0
2011-08-09,5164.89990234375
2011-08-10,5007.2001953125
2011-08-11,5162.7998046875
2011-08-12,5320.0
2011-08-15,5350.60009765625
2011-08-16,5357.60009765625
2011-08-17,5331.60009765625
2011-08-18,5092.2001953125
2011-08-19,5040.7998046875
2011-08-22,5095.2998046875
2011-08-23,5129.39990234375
2011-08-24,5205.89990234375
2011-08-25,5131.10009765625
2011-08-26,5129.89990234375
2011-08-30,5268.7001953125
2011-08-31,5394.5
2011-09-01,5418.7001953125
2011-09-02,5292.0
2011-09-05,5102.60009765625
2011-09-06,5156.7998046875
2011-09-07,5318.60009765625
2011-09-08,5340.39990234375
2011-09-09,5214.7001953125
2011-09-12,5129.60009765625
2011-09-13,5174.2998046875
2011-09-14,5227.0
2011-09-15,5337.5
2011-09-16,5368.39990234375
2011-09-19,5259.60009765625
2011-09-20,5363.7001953125
2011-09-21,5288.39990234375
2011-09-22,5041.60009765625
2011-09-23,5066.7998046875
2011-09-26,5089.39990234375
2011-09-27,5294.10009765625
2011-09-28,5217.60009765625
2011-09-29,5196.7998046875
2011-09-30,5128.5
2011-10-03,5075.5
2011-10-04,4944.39990234375
2011-10-05,5102.2001953125
2011-10-06,5291.2998046875
2011-10-07,5303.39990234375
2011-10-10,5399.0
2011-10-11,5395.7001953125
2011-10-12,5441.7998046875
2011-10-13,5403.39990234375
2011-10-14,5466.39990234375
2011-10-17,5436.7001953125
2011-10-18,5410.39990234375
2011-10-19,5450.5
2011-10-20,5384.7001953125
2011-10-21,5488.7001953125
2011-10-24,5548.10009765625
2011-10-25,5525.5
2011-10-26,5553.2001953125
2011-10-27,5713.7998046875
2011-10-28,5702.2001953125
2011-10-31,5544.2001953125
2011-11-01,5421.60009765625
2011-11-02,5484.10009765625
2011-11-03,5545.60009765625
2011-11-04,5527.2001953125
2011-11-07,5510.7998046875
2011-11-08,5567.2998046875
2011-11-09,5460.39990234375
2011-11-10,5444.7998046875
2011-11-11,5545.39990234375
2011-11-14,5519.0
2011-11-15,5517.39990234375
2011-11-16,5509.0
2011-11-17,5423.10009765625
2011-11-18,5362.89990234375
2011-11-21,5222.60009765625
2011-11-22,5206.7998046875
2011-11-23,5139.7998046875
2011-11-24,5127.60009765625
2011-11-25,5164.7001953125
2011-11-28,5312.7998046875
2011-11-29,5337.0
2011-11-30,5505.39990234375
2011-12-01,5489.2998046875
2011-12-02,5552.2998046875
2011-12-05,5568.0
2011-12-06,5568.7001953125
2011-12-07,5546.89990234375
2011-12-08,5483.7998046875
2011-12-09,5529.2001953125
2011-12-12,5427.89990234375
2011-12-13,5490.2001953125
2011-12-14,5366.7998046875
2011-12-15,5400.89990234375
2011-12-16,5387.2998046875
2011-12-19,5365.0
2011-12-20,5419.60009765625
2011-12-21,5389.7001953125
2011-12-22,5457.0
2011-12-23,5512.7001953125
2011-12-28,5507.39990234375
2011-12-29,5566.7998046875
2011-12-30,5572.2998046875
2012-01-03,5699.89990234375
2012-01-04,5668.5
2012-01-05,5624.2998046875
2012-01-06,5649.7001953125
2012-01-09,5612.2998046875
2012-01-10,5696.7001953125
2012-01-11,5670.7998046875
2012-01-12,5662.39990234375
2012-01-13,5636.60009765625
2012-01-16,5657.39990234375
2012-01-17,5694.0
2012-01-18,5702.39990234375
2012-01-19,5741.2001953125
2012-01-20,5728.60009765625
2012-01-23,5782.60009765625
2012-01-24,5751.89990234375
2012-01-25,5723.0
2012-01-26,5795.2001953125
2012-01-27,5733.5
2012-01-30,5671.10009765625
2012-01-31,5681.60009765625
2012-02-01,5790.7001953125
2012-02-02,5796.10009765625
2012-02-03,5901.10009765625
2012-02-06,5892.2001953125
2012-02-07,5890.2998046875
2012-02-08,5875.89990234375
2012-02-09,5895.5
2012-02-10,5852.39990234375
2012-02-13,5905.7001953125
2012-02-14,5899.89990234375
2012-02-15,5892.2001953125
2012-02-16,5885.39990234375
2012-02-17,5905.10009765625
2012-02-20,5945.2998046875
2012-02-21,5928.2001953125
2012-02-22,5916.60009765625
2012-02-23,5937.89990234375
2012-02-24,5935.10009765625
2012-02-27,5915.60009765625
2012-02-28,5927.89990234375
2012-02-29,5871.5
2012-03-01,5931.2998046875
2012-03-02,5911.10009765625
2012-03-05,5874.7998046875
2012-03-06,5765.7998046875
2012-03-07,5791.39990234375
2012-03-08,5859.7001953125
2012-03-09,5887.5
2012-03-12,5892.7998046875
2012-03-13,5955.89990234375
2012-03-14,5945.39990234375
2012-03-15,5940.7001953125
2012-03-16,5965.60009765625
2012-03-19,5961.10009765625
2012-03-20,5891.39990234375
2012-03-21,5892.0
2012-03-22,5845.7001953125
2012-03-23,5854.89990234375
2012-03-26,5902.7001953125
2012-03-27,5869.60009765625
2012-03-28,5809.0
2012-03-29,5742.0
2012-03-30,5768.5
2012-04-02,5874.89990234375
2012-04-03,5838.2998046875
2012-04-04,5703.7998046875
2012-04-05,5723.7001953125
2012-04-10,5595.60009765625
2012-04-11,5634.7001953125
2012-04-12,5710.5
2012-04-13,5651.7998046875
2012-04-16,5666.2998046875
2012-04-17,5767.0
2012-04-18,5745.2998046875
2012-04-19,5744.60009765625
2012-04-20,5772.2001953125
2012-04-23,5665.60009765625
2012-04-24,5709.5
2012-04-25,5718.89990234375
2012-04-26,5748.7001953125
2012-04-27,5777.10009765625
2012-04-30,5737.7998046875
2012-05-01,5812.2001953125
2012-05-02,5758.10009765625
2012-05-03,5766.60009765625
2012-05-04,5655.10009765625
2012-05-08,5554.60009765625
2012-05-09,5530.10009765625
2012-05-10,5544.0
2012-05-11,5575.5
2012-05-14,5465.5
2012-05-15,5437.60009765625
2012-05-16,5405.2998046875
2012-05-17,5338.39990234375
2012-05-18,5267.60009765625
2012-05-21,5304.5
2012-05-22,5403.2998046875
2012-05-23,5266.39990234375
2012-05-24,5350.10009765625
2012-05-25,5351.5
2012-05-29,5391.10009765625
2012-05-30,5297.2998046875
2012-05-31,5320.89990234375
2012-06-01,5260.2001953125
2012-06-06,5384.10009765625
2012-06-07,5447.7998046875
2012-06-08,5435.10009765625
2012-06-11,5432.39990234375
2012-06-12,5473.7001953125
2012-06-13,5483.7998046875
2012-06-14,5467.10009765625
2012-06-15,5478.7998046875
2012-06-18,5491.10009765625
2012-06-19,5586.2998046875
2012-06-20,5622.2998046875
2012-06-21,5566.39990234375
2012-06-22,5513.7001953125
2012-06-25,5450.7001953125
2012-06-26,5447.0
2012-06-27,5523.89990234375
2012-06-28,5493.10009765625
2012-06-29,5571.2001953125
2012-07-02,5640.60009765625
2012-07-03,5687.7001953125
2012-07-04,5684.5
2012-07-05,5692.60009765625
2012-07-06,5662.60009765625
2012-07-09,5627.2998046875
2012-07-10,5664.10009765625
2012-07-11,5664.5
2012-07-12,5608.2998046875
2012-07-13,5666.10009765625
2012-07-16,5662.39990234375
2012-07-17,5629.10009765625
2012-07-18,5685.7998046875
2012-07-19,5714.2001953125
2012-07-20,5651.7998046875
2012-07-23,5533.89990234375
2012-07-24,5499.2001953125
2012-07-25,5498.2998046875
2012-07-26,5573.2001953125
2012-07-27,5627.2001953125
2012-07-30,5693.60009765625
2012-07-31,5635.2998046875
2012-08-01,5712.7998046875
2012-08-02,5662.2998046875
2012-08-03,5787.2998046875
2012-08-06,5808.7998046875
2012-08-07,5841.2001953125
2012-08-08,5845.89990234375
2012-08-09,5851.5
2012-08-10,5847.10009765625
2012-08-13,5831.89990234375
2012-08-14,5864.7998046875
2012-08-15,5833.0
2012-08-16,5834.5
2012-08-17,5852.39990234375
2012-08-20,5824.39990234375
2012-08-21,5857.5
2012-08-22,5774.2001953125
2012-08-23,5776.60009765625
2012-08-24,5776.60009765625
2012-08-28,5775.7001953125
2012-08-29,5743.5
2012-08-30,5719.5
2012-08-31,5711.5
2012-09-03,5758.39990234375
2012-09-04,5672.0
2012-09-05,5657.89990234375
2012-09-06,5777.2998046875
2012-09-07,5794.7998046875
2012-09-10,5793.2001953125
2012-09-11,5792.2001953125
2012-09-12,5782.10009765625
2012-09-13,5819.89990234375
2012-09-14,5915.60009765625
2012-09-17,5893.5
2012-09-18,5868.2001953125
2012-09-19,5888.5
2012-09-20,5854.60009765625
2012-09-21,5852.60009765625
2012-09-24,5838.7998046875
2012-09-25,5859.7001953125
2012-09-26,5768.10009765625
2012-09-27,5779.39990234375
2012-09-28,5742.10009765625
2012-10-01,5820.5
2012-10-02,5809.5
2012-10-03,5825.7998046875
2012-10-04,5827.7998046875
2012-10-05,5871.0
2012-10-08,5841.7001953125
2012-10-09,5810.2998046875
2012-10-10,5776.7001953125
2012-10-11,5829.7998046875
2012-10-12,5793.2998046875
2012-10-15,5805.60009765625
2012-10-16,5870.5
2012-10-17,5910.89990234375
2012-10-18,5917.10009765625
2012-10-19,5896.2001953125
2012-10-22,5882.89990234375
2012-10-23,5797.89990234375
2012-10-24,5804.7998046875
2012-10-25,5805.10009765625
2012-10-26,5806.7001953125
2012-10-29,5795.10009765625
2012-10-30,5849.89990234375
2012-10-31,5782.7001953125
2012-11-01,5861.89990234375
2012-11-02,5868.60009765625
2012-11-05,5839.10009765625
2012-11-06,5884.89990234375
2012-11-07,5791.60009765625
2012-11-08,5776.10009765625
2012-11-09,5769.7001953125
2012-11-12,5767.2998046875
2012-11-13,5786.2998046875
2012-11-14,5722.0
2012-11-15,5677.7998046875
2012-11-16,5605.60009765625
2012-11-19,5737.7001953125
2012-11-20,5748.10009765625
2012-11-21,5752.0
2012-11-22,5791.0
2012-11-23,5819.10009765625
2012-11-26,5786.7001953125
2012-11-27,5799.7001953125
2012-11-28,5803.2998046875
2012-11-29,5870.2998046875
2012-11-30,5866.7998046875
2012-12-03,5871.2001953125
2012-12-04,5869.0
2012-12-05,5892.10009765625
2012-12-06,5901.39990234375
2012-12-07,5914.39990234375
2012-12-10,5921.60009765625
2012-12-11,5925.0
2012-12-12,5945.89990234375
2012-12-13,5929.60009765625
2012-12-14,5921.7998046875
2012-12-17,5912.2001953125
2012-12-18,5935.89990234375
2012-12-19,5961.60009765625
2012-12-20,5958.2998046875
2012-12-21,5940.0
2012-12-24,5954.2001953125
2012-12-27,5954.2998046875
2012-12-28,5925.39990234375
2012-12-31,5897.7998046875
2013-01-02,6027.39990234375
2013-01-03,6047.2998046875
2013-01-04,6089.7998046875
2013-01-07,6064.60009765625
2013-01-08,6053.60009765625
2013-01-09,6098.7001953125
2013-01-10,6101.5
2013-01-11,6121.60009765625
2013-01-14,6107.89990234375
2013-01-15,6117.2998046875
2013-01-16,6104.0
2013-01-17,6132.39990234375
2013-01-18,6154.39990234375
2013-01-21,6181.0
2013-01-22,6179.2001953125
2013-01-23,6197.60009765625
2013-01-24,6264.89990234375
2013-01-25,6284.5
2013-01-28,6294.39990234375
2013-01-29,6339.2001953125
2013-01-30,6323.10009765625
2013-01-31,6276.89990234375
2013-02-01,6347.2001953125
2013-02-04,6246.7998046875
2013-02-05,6282.7998046875
2013-02-06,6295.2998046875
2013-02-07,6228.39990234375
2013-02-08,6263.89990234375
2013-02-11,6277.10009765625
2013-02-12,6338.39990234375
2013-02-13,6359.10009765625
2013-02-14,6327.39990234375
2013-02-15,6328.2998046875
2013-02-18,6318.2001953125
2013-02-19,6379.10009765625
2013-02-20,6395.39990234375
2013-02-21,6291.5
2013-02-22,6335.7001953125
2013-02-25,6355.39990234375
2013-02-26,6270.39990234375
2013-02-27,6325.89990234375
2013-02-28,6360.7998046875
2013-03-01,6378.60009765625
2013-03-04,6345.60009765625
2013-03-05,6432.0
2013-03-06,6427.60009765625
2013-03-07,6439.2001953125
2013-03-08,6483.60009765625
2013-03-11,6503.60009765625
2013-03-12,6510.60009765625
2013-03-13,6481.5
2013-03-14,6529.39990234375
2013-03-15,6489.7001953125
2013-03-18,6457.89990234375
2013-03-19,6441.2998046875
2013-03-20,6432.7001953125
2013-03-21,6388.60009765625
2013-03-22,6392.7998046875
2013-03-25,6378.39990234375
2013-03-26,6399.39990234375
2013-03-27,6387.60009765625
2013-03-28,6411.7001953125
2013-04-02,6490.7001953125
2013-04-03,6420.2998046875
2013-04-04,6344.10009765625
2013-04-05,6249.7998046875
2013-04-08,6276.89990234375
2013-04-09,6313.2001953125
2013-04-10,6387.39990234375
2013-04-11,6416.10009765625
2013-04-12,6384.39990234375
2013-04-15,6343.60009765625
2013-04-16,6304.60009765625
2013-04-17,6244.2001953125
2013-04-18,6243.7001953125
2013-04-19,6286.60009765625
2013-04-22,6280.60009765625
2013-04-23,6406.10009765625
2013-04-24,6431.7998046875
2013-04-25,6442.60009765625
2013-04-26,6426.39990234375
2013-04-29,6458.0
2013-04-30,6430.10009765625
2013-05-01,6451.2998046875
2013-05-02,6460.7001953125
2013-05-03,6521.5
2013-05-07,6557.2998046875
2013-05-08,6583.5
2013-05-09,6592.7001953125
2013-05-10,6625.0
2013-05-13,6631.7998046875
2013-05-14,6686.10009765625
2013-05-15,6693.60009765625
2013-05-16,6687.7998046875
2013-05-17,6723.10009765625
2013-05-20,6755.60009765625
2013-05-21,6803.89990234375
2013-05-22,6840.2998046875
2013-05-23,6696.7998046875
2013-05-24,6654.2998046875
2013-05-28,6762.0
2013-05-29,6627.2001953125
2013-05-30,6657.0
2013-05-31,6583.10009765625
2013-06-03,6525.10009765625
2013-06-04,6558.60009765625
2013-06-05,6419.2998046875
2013-06-06,6336.10009765625
2013-06-07,6412.0
2013-06-10,6400.5
2013-06-11,6340.10009765625
2013-06-12,6299.5
2013-06-13,6304.60009765625
2013-06-14,6308.2998046875
2013-06-17,6330.5
2013-06-18,6374.2001953125
2013-06-19,6348.7998046875
2013-06-20,6159.5
2013-06-21,6116.2001953125
2013-06-24,6029.10009765625
2013-06-25,6101.89990234375
2013-06-26,6165.5
2013-06-27,6243.39990234375
2013-06-28,6215.5
2013-07-01,6307.7998046875
2013-07-02,6303.89990234375
2013-07-03,6229.89990234375
2013-07-04,6421.7001953125
2013-07-05,6375.5
2013-07-08,6450.10009765625
2013-07-09,6513.10009765625
2013-07-10,6505.0
2013-07-11,6543.39990234375
2013-07-12,6544.89990234375
2013-07-15,6586.10009765625
2013-07-16,6556.39990234375
2013-07-17,6571.89990234375
2013-07-18,6634.39990234375
2013-07-19,6630.7001953125
2013-07-22,6623.2001953125
2013-07-23,6597.39990234375
2013-07-24,6620.39990234375
2013-07-25,6588.0
2013-07-26,6554.7998046875
2013-07-29,6560.2998046875
2013-07-30,6571.0
2013-07-31,6621.10009765625
2013-08-01,6682.0
2013-08-02,6647.89990234375
2013-08-05,6619.60009765625
2013-08-06,6604.2001953125
2013-08-07,6511.2001953125
2013-08-08,6529.7001953125
2013-08-09,6583.39990234375
2013-08-12,6574.2998046875
2013-08-13,6611.89990234375
2013-08-14,6587.39990234375
2013-08-15,6483.2998046875
2013-08-16,6500.0
2013-08-19,6465.7001953125
2013-08-20,6453.5
2013-08-21,6390.7998046875
2013-08-22,6446.89990234375
2013-08-23,6492.10009765625
2013-08-27,6441.0
2013-08-28,6430.10009765625
2013-08-29,6483.10009765625
2013-08-30,6412.89990234375
2013-09-02,6506.2001953125
2013-09-03,6468.39990234375
2013-09-04,6474.7001953125
2013-09-05,6532.39990234375
2013-09-06,6547.2998046875
2013-09-09,6530.7001953125
2013-09-10,6584.0
2013-09-11,6588.39990234375
2013-09-12,6589.0
2013-09-13,6583.7998046875
2013-09-16,6622.89990234375
2013-09-17,6570.2001953125
2013-09-18,6558.7998046875
2013-09-19,6625.39990234375
2013-09-20,6596.39990234375
2013-09-23,6557.39990234375
2013-09-24,6571.5
2013-09-25,6551.5
2013-09-26,6565.60009765625
2013-09-27,6512.7001953125
2013-09-30,6462.2001953125
2013-10-01,6460.0
2013-10-02,6437.5
2013-10-03,6449.0
2013-10-04,6453.89990234375
2013-10-07,6437.2998046875
2013-10-08,6365.7998046875
2013-10-09,6337.89990234375
2013-10-10,6430.5
2013-10-11,6487.2001953125
2013-10-14,6507.7001953125
2013-10-15,6549.10009765625
2013-10-16,6571.60009765625
2013-10-17,6576.2001953125
2013-10-18,6622.60009765625
2013-10-21,6654.2001953125
2013-10-22,6695.7001953125
2013-10-23,6674.5
2013-10-24,6713.2001953125
2013-10-25,6721.2998046875
2013-10-28,6725.7998046875
2013-10-29,6774.7001953125
2013-10-30,6777.7001953125
2013-10-31,6731.39990234375
2013-11-01,6734.7001953125
2013-11-04,6763.60009765625
2013-11-05,6746.7998046875
2013-11-06,6741.7001953125
2013-11-07,6697.2001953125
2013-11-08,6708.39990234375
2013-11-11,6728.39990234375
2013-11-12,6726.7998046875
2013-11-13,6630.0
2013-11-14,6666.10009765625
2013-11-15,6693.39990234375
2013-11-18,6723.5
2013-11-19,6698.0
2013-11-20,6681.10009765625
2013-11-21,6681.2998046875
2013-11-22,6674.2998046875
2013-11-25,6694.60009765625
2013-11-26,6636.2001953125
2013-11-27,6649.5
2013-11-28,6654.5
2013-11-29,6650.60009765625
2013-12-02,6595.2998046875
2013-12-03,6532.39990234375
2013-12-04,6510.0
2013-12-05,6498.2998046875
2013-12-06,6552.0
2013-12-09,6559.5
2013-12-10,6523.2998046875
2013-12-11,6507.7001953125
2013-12-12,6445.2998046875
2013-12-13,6440.0
2013-12-16,6522.2001953125
2013-12-17,6486.2001953125
2013-12-18,6492.10009765625
2013-12-19,6584.7001953125
2013-12-20,6606.60009765625
2013-12-23,6678.60009765625
2013-12-24,6694.2001953125
2013-12-27,6750.89990234375
2013-12-30,6731.2998046875
2013-12-31,6749.10009765625
2014-01-02,6717.89990234375
2014-01-03,6730.7001953125
2014-01-06,6730.7001953125
2014-01-07,6755.5
2014-01-08,6721.7998046875
2014-01-09,6691.2998046875
2014-01-10,6739.89990234375
2014-01-13,6757.2001953125
2014-01-14,6766.89990234375
2014-01-15,6819.89990234375
2014-01-16,6815.39990234375
2014-01-17,6829.2998046875
2014-01-20,6836.7001953125
2014-01-21,6834.2998046875
2014-01-22,6826.2998046875
2014-01-23,6773.2998046875
2014-01-24,6663.7001953125
2014-01-27,6550.7001953125
2014-01-28,6572.2998046875
2014-01-29,6544.2998046875
2014-01-30,6538.5
2014-01-31,6510.39990234375
2014-02-03,6465.7001953125
2014-02-04,6449.2998046875
2014-02-05,6457.89990234375
2014-02-06,6558.2998046875
2014-02-07,6571.7001953125
2014-02-10,6591.60009765625
2014-02-11,6672.7001953125
2014-02-12,6675.0
2014-02-13,6659.39990234375
2014-02-14,6663.60009765625
2014-02-17,6736.0
2014-02-18,6796.39990234375
2014-02-19,6796.7001953125
2014-02-20,6813.0
2014-02-21,6838.10009765625
2014-02-24,6865.89990234375
2014-02-25,6830.5
2014-02-26,6799.2001953125
2014-02-27,6810.2998046875
2014-02-28,6809.7001953125
2014-03-03,6708.39990234375
2014-03-04,6823.7998046875
2014-03-05,6775.39990234375
2014-03-06,6788.5
2014-03-07,6712.7001953125
2014-03-10,6689.5
2014-03-11,6685.5
2014-03-12,6620.89990234375
2014-03-13,6553.7998046875
2014-03-14,6527.89990234375
2014-03-17,6568.39990234375
2014-03-18,6605.2998046875
2014-03-19,6573.10009765625
2014-03-20,6542.39990234375
2014-03-21,6557.2001953125
2014-03-24,6520.39990234375
2014-03-25,6604.89990234375
2014-03-26,6605.2998046875
2014-03-27,6588.2998046875
2014-03-28,6615.60009765625
2014-03-31,6598.39990234375
2014-04-01,6652.60009765625
2014-04-02,6659.0
2014-04-03,6649.10009765625
2014-04-04,6695.60009765625
2014-04-07,6622.7998046875
2014-04-08,6590.7001953125
2014-04-09,6635.60009765625
2014-04-10,6642.0
2014-04-11,6561.7001953125
2014-04-14,6583.7998046875
2014-04-15,6541.60009765625
2014-04-16,6584.2001953125
2014-04-17,6625.2998046875
2014-04-22,6681.7998046875
2014-04-23,6674.7001953125
2014-04-24,6703.0
2014-04-25,6685.7001953125
2014-04-28,6700.2001953125
2014-04-29,6769.89990234375
2014-04-30,6780.0
2014-05-01,6808.89990234375
2014-05-02,6822.39990234375
2014-05-06,6798.60009765625
2014-05-07,6796.39990234375
2014-05-08,6839.2998046875
2014-05-09,6814.60009765625
2014-05-12,6851.7998046875
2014-05-13,6873.10009765625
2014-05-14,6878.5
2014-05-15,6840.89990234375
2014-05-16,6855.7998046875
2014-05-19,6844.60009765625
2014-05-20,6802.0
2014-05-21,6821.0
2014-05-22,6820.60009765625
2014-05-23,6815.7998046875
2014-05-27,6844.89990234375
2014-05-28,6851.2001953125
2014-05-29,6871.2998046875
2014-05-30,6844.5
2014-06-02,6864.10009765625
2014-06-03,6836.2998046875
2014-06-04,6818.60009765625
2014-06-05,6813.5
2014-06-06,6858.2001953125
2014-06-09,6875.0
2014-06-10,6873.60009765625
2014-06-11,6838.89990234375
2014-06-12,6843.10009765625
2014-06-13,6777.89990234375
2014-06-16,6754.60009765625
2014-06-17,6766.7998046875
2014-06-18,6778.60009765625
2014-06-19,6808.10009765625
2014-06-20,6825.2001953125
2014-06-23,6800.60009765625
2014-06-24,6787.10009765625
2014-06-25,6733.60009765625
2014-06-26,6735.10009765625
2014-06-27,6757.7998046875
2014-06-30,6743.89990234375
2014-07-01,6802.89990234375
2014-07-02,6816.39990234375
2014-07-03,6865.2001953125
2014-07-04,6866.10009765625
2014-07-07,6823.5
2014-07-08,6738.5
2014-07-09,6718.0
2014-07-10,6672.39990234375
2014-07-11,6690.2001953125
2014-07-14,6746.10009765625
2014-07-15,6710.5
2014-07-16,6784.7001953125
2014-07-17,6738.2998046875
2014-07-18,6749.5
2014-07-21,6728.39990234375
2014-07-22,6795.2998046875
2014-07-23,6798.2001953125
2014-07-24,6821.5
2014-07-25,6791.60009765625
2014-07-28,6788.10009765625
2014-07-29,6807.7998046875
2014-07-30,6773.39990234375
2014-07-31,6730.10009765625
2014-08-01,6679.2001953125
2014-08-04,6677.5
2014-08-05,6682.5
2014-08-06,6636.2001953125
2014-08-07,6597.39990234375
2014-08-08,6567.39990234375
2014-08-11,6632.7998046875
2014-08-12,6632.39990234375
2014-08-13,6656.7001953125
2014-08-14,6685.2998046875
2014-08-15,6689.10009765625
2014-08-18,6741.2998046875
2014-08-19,6779.2998046875
2014-08-20,6755.5
2014-08-21,6777.7001953125
2014-08-22,6775.2998046875
2014-08-26,6822.7998046875
2014-08-27,6830.7001953125
2014-08-28,6805.7998046875
2014-08-29,6819.7998046875
2014-09-01,6825.2998046875
2014-09-02,6829.2001953125
2014-09-03,6873.60009765625
2014-09-04,6878.0
2014-09-05,6855.10009765625
2014-09-08,6834.7998046875
2014-09-09,6829.0
2014-09-10,6830.10009765625
2014-09-11,6799.60009765625
2014-09-12,6807.0
2014-09-15,6804.2001953125
2014-09-16,6792.2001953125
2014-09-17,6780.89990234375
2014-09-18,6819.2998046875
2014-09-19,6837.89990234375
2014-09-22,6773.60009765625
2014-09-23,6676.10009765625
2014-09-24,6706.2998046875
2014-09-25,6639.7001953125
2014-09-26,6649.39990234375
2014-09-29,6646.60009765625
2014-09-30,6622.7001953125
2014-10-01,6557.5
2014-10-02,6446.39990234375
2014-10-03,6527.89990234375
2014-10-06,6563.7001953125
2014-10-07,6495.60009765625
2014-10-08,6482.2001953125
2014-10-09,6431.89990234375
2014-10-10,6340.0
2014-10-13,6366.2001953125
2014-10-14,6392.7001953125
2014-10-15,6211.60009765625
2014-10-16,6195.89990234375
2014-10-17,6310.2998046875
2014-10-20,6267.10009765625
2014-10-21,6372.2998046875
2014-10-22,6399.7001953125
2014-10-23,6419.2001953125
2014-10-24,6388.7001953125
2014-10-27,6363.5
2014-10-28,6402.2001953125
2014-10-29,6453.89990234375
2014-10-30,6463.60009765625
2014-10-31,6546.5
2014-11-03,6488.0
2014-11-04,6454.0
2014-11-05,6539.10009765625
2014-11-06,6551.2001953125
2014-11-07,6567.2001953125
2014-11-10,6611.2998046875
2014-11-11,6627.39990234375
2014-11-12,6611.0
2014-11-13,6635.5
2014-11-14,6654.39990234375
2014-11-17,6672.0
2014-11-18,6709.10009765625
2014-11-19,6696.60009765625
2014-11-20,6678.89990234375
2014-11-21,6750.7998046875
2014-11-24,6729.7998046875
2014-11-25,6731.10009765625
2014-11-26,6729.2001953125
2014-11-27,6723.39990234375
2014-11-28,6722.60009765625
2014-12-01,6656.39990234375
2014-12-02,6742.10009765625
2014-12-03,6716.60009765625
2014-12-04,6679.39990234375
2014-12-05,6742.7998046875
2014-12-08,6672.2001953125
2014-12-09,6529.5
2014-12-10,6500.0
2014-12-11,6461.7001953125
2014-12-12,6300.60009765625
2014-12-15,6182.7001953125
2014-12-16,6331.7998046875
2014-12-17,6336.5
2014-12-18,6466.0
2014-12-19,6545.2998046875
2014-12-22,6576.7001953125
2014-12-23,6598.2001953125
2014-12-24,6609.89990234375
2014-12-29,6633.5
2014-12-30,6547.0
2014-12-31,6566.10009765625
2015-01-02,6547.7998046875
2015-01-05,6417.2001953125
2015-01-06,6366.5
2015-01-07,6419.7998046875
2015-01-08,6570.0
2015-01-09,6501.10009765625
2015-01-12,6501.39990234375
2015-01-13,6542.2001953125
2015-01-14,6388.5
2015-01-15,6498.7998046875
2015-01-16,6550.2998046875
2015-01-19,6585.5
2015-01-20,6620.10009765625
2015-01-21,6728.0
2015-01-22,6796.60009765625
2015-01-23,6832.7998046875
2015-01-26,6852.39990234375
2015-01-27,6811.60009765625
2015-01-28,6825.89990234375
2015-01-29,6810.60009765625
2015-01-30,6749.39990234375
2015-02-02,6782.60009765625
2015-02-03,6871.7998046875
2015-02-04,6860.0
2015-02-05,6865.89990234375
2015-02-06,6853.39990234375
2015-02-09,6837.2001953125
2015-02-10,6829.10009765625
2015-02-11,6818.2001953125
2015-02-12,6828.10009765625
2015-02-13,6873.5
2015-02-16,6857.10009765625
2015-02-17,6898.10009765625
2015-02-18,6898.10009765625
2015-02-19,6888.89990234375
2015-02-20,6915.2001953125
2015-02-23,6912.2001953125
2015-02-24,6949.60009765625
2015-02-25,6935.39990234375
2015-02-26,6949.7001953125
2015-02-27,6946.7001953125
2015-03-02,6940.60009765625
2015-03-03,6889.10009765625
2015-03-04,6919.2001953125
2015-03-05,6961.10009765625
2015-03-06,6911.7998046875
2015-03-09,6876.5
2015-03-10,6702.7998046875
2015-03-11,6721.5
2015-03-12,6761.10009765625
2015-03-13,6740.60009765625
2015-03-16,6804.10009765625
2015-03-17,6837.60009765625
2015-03-18,6945.2001953125
2015-03-19,6962.2998046875
2015-03-20,7022.5
2015-03-23,7037.7001953125
2015-03-24,7019.7001953125
2015-03-25,6991.0
2015-03-26,6895.2998046875
2015-03-27,6855.0
2015-03-30,6891.39990234375
2015-03-31,6773.0
2015-04-01,6809.5
2015-04-02,6833.5
2015-04-07,6961.7998046875
2015-04-08,6937.39990234375
2015-04-09,7015.39990234375
2015-04-10,7089.7998046875
2015-04-13,7064.2998046875
2015-04-14,7075.2998046875
2015-04-15,7096.7998046875
2015-04-16,7060.5
2015-04-17,6994.60009765625
2015-04-20,7052.10009765625
2015-04-21,7062.89990234375
2015-04-22,7028.2001953125
2015-04-23,7053.7001953125
2015-04-24,7070.7001953125
2015-04-27,7104.0
2015-04-28,7030.5
2015-04-29,6946.2998046875
2015-04-30,6960.60009765625
2015-05-01,6986.0
2015-05-05,6927.60009765625
2015-05-06,6933.7001953125
2015-05-07,6887.0
2015-05-08,7046.7998046875
2015-05-11,7029.89990234375
2015-05-12,6933.7998046875
2015-05-13,6949.60009765625
2015-05-14,6973.0
2015-05-15,6960.5
2015-05-18,6968.89990234375
2015-05-19,6995.10009765625
2015-05-20,7007.2998046875
2015-05-21,7013.5
2015-05-22,7031.7001953125
2015-05-26,6949.0
2015-05-27,7033.2998046875
2015-05-28,7040.89990234375
2015-05-29,6984.39990234375
2015-06-01,6953.60009765625
2015-06-02,6928.2998046875
2015-06-03,6950.5
2015-06-04,6859.2001953125
2015-06-05,6804.60009765625
2015-06-08,6790.0
2015-06-09,6753.7998046875
2015-06-10,6830.2998046875
2015-06-11,6846.7001953125
2015-06-12,6784.89990234375
2015-06-15,6710.5
2015-06-16,6710.10009765625
2015-06-17,6680.60009765625
2015-06-18,6707.89990234375
2015-06-19,6710.5
2015-06-22,6825.7001953125
2015-06-23,6834.89990234375
2015-06-24,6844.7998046875
2015-06-25,6807.7998046875
2015-06-26,6753.7001953125
2015-06-29,6620.5
2015-06-30,6521.0
2015-07-01,6608.60009765625
2015-07-02,6630.5
2015-07-03,6585.7998046875
2015-07-06,6535.7001953125
2015-07-07,6432.2001953125
2015-07-08,6490.7001953125
2015-07-09,6581.60009765625
2015-07-10,6673.39990234375
2015-07-13,6738.0
2015-07-14,6753.7998046875
2015-07-15,6753.7998046875
2015-07-16,6796.5
2015-07-17,6775.10009765625
2015-07-20,6788.7001953125
2015-07-21,6769.10009765625
2015-07-22,6667.2998046875
2015-07-23,6655.0
2015-07-24,6579.7998046875
2015-07-27,6505.10009765625
2015-07-28,6555.2998046875
2015-07-29,6631.0
2015-07-30,6668.89990234375
2015-07-31,6696.2998046875
2015-08-03,6688.60009765625
2015-08-04,6686.60009765625
2015-08-05,6752.39990234375
2015-08-06,6747.10009765625
2015-08-07,6718.5
2015-08-10,6736.2001953125
2015-08-11,6664.5
2015-08-12,6571.2001953125
2015-08-13,6568.2998046875
2015-08-14,6550.7001953125
2015-08-17,6550.2998046875
2015-08-18,6526.2998046875
2015-08-19,6403.5
2015-08-20,6367.89990234375
2015-08-21,6187.7001953125
2015-08-24,5898.89990234375
2015-08-25,6081.2998046875
2015-08-26,5979.2001953125
2015-08-27,6192.0
2015-08-28,6247.89990234375
2015-09-01,6058.5
2015-09-02,6083.2998046875
2015-09-03,6194.10009765625
2015-09-04,6042.89990234375
2015-09-07,6074.5
2015-09-08,6146.10009765625
2015-09-09,6229.0
2015-09-10,6155.7998046875
2015-09-11,6117.7998046875
2015-09-14,6084.60009765625
2015-09-15,6137.60009765625
2015-09-16,6229.2001953125
2015-09-17,6187.0
2015-09-18,6104.10009765625
2015-09-21,6108.7001953125
2015-09-22,5935.7998046875
2015-09-23,6032.2001953125
2015-09-24,5961.5
2015-09-25,6109.0
2015-09-28,5958.89990234375
2015-09-29,5909.2001953125
2015-09-30,6061.60009765625
2015-10-01,6072.5
2015-10-02,6130.0
2015-10-05,6298.89990234375
2015-10-06,6326.2001953125
2015-10-07,6336.39990234375
2015-10-08,6374.7998046875
2015-10-09,6416.2001953125
2015-10-12,6371.2001953125
2015-10-13,6342.2998046875
2015-10-14,6269.60009765625
2015-10-15,6338.7001953125
2015-10-16,6378.0
2015-10-19,6352.2998046875
2015-10-20,6345.10009765625
2015-10-21,6348.39990234375
2015-10-22,6376.2998046875
2015-10-23,6444.10009765625
2015-10-26,6417.0
2015-10-27,6365.2998046875
2015-10-28,6437.7998046875
2015-10-29,6395.7998046875
2015-10-30,6361.10009765625
2015-11-02,6361.7998046875
2015-11-03,6383.60009765625
2015-11-04,6412.89990234375
2015-11-05,6364.89990234375
2015-11-06,6353.7998046875
2015-11-09,6295.2001953125
2015-11-10,6275.2998046875
2015-11-11,6297.2001953125
2015-11-12,6178.7001953125
2015-11-13,6118.2998046875
2015-11-16,6146.39990234375
2015-11-17,6268.7998046875
2015-11-18,6279.0
2015-11-19,6329.89990234375
2015-11-20,6334.60009765625
2015-11-23,6305.5
2015-11-24,6277.2001953125
2015-11-25,6337.60009765625
2015-11-26,6393.10009765625
2015-11-27,6375.2001953125
2015-11-30,6356.10009765625
2015-12-01,6395.7001953125
2015-12-02,6420.89990234375
2015-12-03,6275.0
2015-12-04,6238.2998046875
2015-12-07,6223.5
2015-12-08,6135.2001953125
2015-12-09,6126.7001953125
2015-12-10,6088.10009765625
2015-12-11,5952.7998046875
2015-12-14,5874.10009765625
2015-12-15,6017.7998046875
2015-12-16,6061.2001953125
2015-12-17,6102.5
2015-12-18,6052.39990234375
2015-12-21,6034.7998046875
2015-12-22,6083.10009765625
2015-12-23,6241.0
2015-12-24,6254.60009765625
2015-12-29,6314.60009765625
2015-12-30,6274.10009765625
2015-12-31,6242.2998046875
2016-01-04,6093.39990234375
2016-01-05,6137.2001953125
2016-01-06,6073.39990234375
2016-01-07,5954.10009765625
2016-01-08,5912.39990234375
2016-01-11,5871.7998046875
2016-01-12,5929.2001953125
2016-01-13,5961.0
2016-01-14,5918.2001953125
2016-01-15,5804.10009765625
2016-01-18,5779.89990234375
2016-01-19,5876.7998046875
2016-01-20,5673.60009765625
2016-01-21,5773.7998046875
2016-01-22,5900.0
2016-01-25,5877.0
2016-01-26,5911.5
2016-01-27,5990.39990234375
2016-01-28,5931.7998046875
2016-01-29,6083.7998046875
2016-02-01,6060.10009765625
2016-02-02,5922.0
2016-02-03,5837.10009765625
2016-02-04,5898.7998046875
2016-02-05,5848.10009765625
2016-02-08,5689.39990234375
2016-02-09,5632.2001953125
2016-02-10,5672.2998046875
2016-02-11,5537.0
2016-02-12,5707.60009765625
2016-02-15,5824.2998046875
2016-02-16,5862.2001953125
2016-02-17,6030.2998046875
2016-02-18,5972.0
2016-02-19,5950.2001953125
2016-02-22,6037.7001953125
2016-02-23,5962.2998046875
2016-02-24,5867.2001953125
2016-02-25,6012.7998046875
2016-02-26,6096.0
2016-02-29,6097.10009765625
2016-03-01,6152.89990234375
2016-03-02,6147.10009765625
2016-03-03,6130.5
2016-03-04,6199.39990234375
2016-03-07,6182.39990234375
2016-03-08,6125.39990234375
2016-03-09,6146.2998046875
2016-03-10,6036.7001953125
2016-03-11,6139.7998046875
2016-03-14,6174.60009765625
2016-03-15,6140.0
2016-03-16,6175.5
2016-03-17,6201.10009765625
2016-03-18,6189.60009765625
2016-03-21,6184.60009765625
2016-03-22,6192.7001953125
2016-03-23,6199.10009765625
2016-03-24,6106.5
2016-03-29,6105.89990234375
2016-03-30,6203.2001953125
2016-03-31,6174.89990234375
2016-04-01,6146.10009765625
2016-04-04,6164.7001953125
2016-04-05,6091.2001953125
2016-04-06,6161.60009765625
2016-04-07,6136.89990234375
2016-04-08,6204.39990234375
2016-04-11,6200.10009765625
2016-04-12,6242.39990234375
2016-04-13,6362.89990234375
2016-04-14,6365.10009765625
2016-04-15,6343.7998046875
2016-04-18,6353.5
2016-04-19,6405.39990234375
2016-04-20,6410.2998046875
2016-04-21,6381.39990234375
2016-04-22,6310.39990234375
2016-04-25,6260.89990234375
2016-04-26,6284.5
2016-04-27,6319.89990234375
2016-04-28,6322.39990234375
2016-04-29,6241.89990234375
2016-05-03,6185.60009765625
2016-05-04,6112.0
2016-05-05,6117.2998046875
2016-05-06,6125.7001953125
2016-05-09,6114.7998046875
2016-05-10,6156.7001953125
2016-05-11,6162.5
2016-05-12,6104.2001953125
2016-05-13,6138.5
2016-05-16,6151.39990234375
2016-05-17,6167.7998046875
2016-05-18,6165.7998046875
2016-05-19,6053.39990234375
2016-05-20,6156.2998046875
2016-05-23,6136.39990234375
2016-05-24,6219.2998046875
2016-05-25,6262.89990234375
2016-05-26,6265.7001953125
2016-05-27,6270.7998046875
2016-05-31,6230.7998046875
2016-06-01,6191.89990234375
2016-06-02,6185.60009765625
2016-06-03,6209.60009765625
2016-06-06,6273.39990234375
2016-06-07,6284.5
2016-06-08,6301.5
2016-06-09,6231.89990234375
2016-06-10,6115.7998046875
2016-06-13,6045.0
2016-06-14,5923.5
2016-06-15,5966.7998046875
2016-06-16,5950.5
2016-06-17,6021.10009765625
2016-06-20,6204.0
2016-06-21,6226.60009765625
2016-06-22,6261.2001953125
2016-06-23,6338.10009765625
2016-06-24,6138.7001953125
2016-06-27,5982.2001953125
2016-06-28,6140.39990234375
2016-06-29,6360.10009765625
2016-06-30,6504.2998046875
2016-07-01,6577.7998046875
2016-07-04,6522.2998046875
2016-07-05,6545.39990234375
2016-07-06,6463.60009765625
2016-07-07,6533.7998046875
2016-07-08,6590.60009765625
2016-07-11,6682.89990234375
2016-07-12,6680.7001953125
2016-07-13,6670.39990234375
2016-07-14,6654.5
2016-07-15,6669.2001953125
2016-07-18,6695.39990234375
2016-07-19,6697.39990234375
2016-07-20,6729.0
2016-07-21,6699.89990234375
2016-07-22,6730.5
2016-07-25,6710.10009765625
2016-07-26,6724.0
2016-07-27,6750.39990234375
2016-07-28,6721.10009765625
2016-07-29,6724.39990234375
2016-08-01,6694.0
2016-08-02,6645.39990234375
2016-08-03,6634.39990234375
2016-08-04,6740.2001953125
2016-08-05,6793.5
2016-08-08,6809.10009765625
2016-08-09,6851.2998046875
2016-08-10,6866.39990234375
2016-08-11,6914.7001953125
2016-08-12,6916.0
2016-08-15,6941.2001953125
2016-08-16,6893.89990234375
2016-08-17,6859.2001953125
2016-08-18,6869.0
2016-08-19,6859.0
2016-08-22,6828.5
2016-08-23,6868.5
2016-08-24,6835.7998046875
2016-08-25,6816.89990234375
2016-08-26,6838.10009765625
2016-08-30,6820.7998046875
2016-08-31,6781.5
2016-09-01,6746.0
2016-09-02,6894.60009765625
2016-09-05,6879.39990234375
2016-09-06,6826.10009765625
2016-09-07,6846.60009765625
2016-09-08,6858.7001953125
2016-09-09,6777.0
2016-09-12,6700.89990234375
2016-09-13,6665.60009765625
2016-09-14,6673.2998046875
2016-09-15,6730.2998046875
2016-09-16,6710.2998046875
2016-09-19,6813.60009765625
2016-09-20,6830.7998046875
2016-09-21,6834.7998046875
2016-09-22,6911.39990234375
2016-09-23,6909.39990234375
2016-09-26,6818.0
2016-09-27,6807.7001953125
2016-09-28,6849.39990234375
2016-09-29,6919.39990234375
2016-09-30,6899.2998046875
2016-10-03,6983.5
2016-10-04,7074.2998046875
2016-10-05,7033.2998046875
2016-10-06,7000.0
2016-10-07,7044.39990234375
2016-10-10,7097.5
2016-10-11,7070.89990234375
2016-10-12,7024.0
2016-10-13,6977.7001953125
2016-10-14,7013.60009765625
2016-10-17,6947.60009765625
2016-10-18,7000.10009765625
2016-10-19,7021.89990234375
2016-10-20,7026.89990234375
2016-10-21,7020.5
2016-10-24,6986.39990234375
2016-10-25,7017.60009765625
2016-10-26,6958.10009765625
2016-10-27,6986.60009765625
2016-10-28,6996.2998046875
2016-10-31,6954.2001953125
2016-11-01,6917.10009765625
2016-11-02,6845.39990234375
2016-11-03,6790.5
2016-11-04,6693.2998046875
2016-11-07,6806.89990234375
2016-11-08,6843.10009765625
2016-11-09,6911.7998046875
2016-11-10,6828.0
2016-11-11,6730.39990234375
2016-11-14,6753.2001953125
2016-11-15,6792.7001953125
2016-11-16,6749.7001953125
2016-11-17,6794.7001953125
2016-11-18,6775.7998046875
2016-11-21,6778.0
2016-11-22,6819.7001953125
2016-11-23,6817.7001953125
2016-11-24,6829.2001953125
2016-11-25,6840.7998046875
2016-11-28,6799.5
2016-11-29,6772.0
2016-11-30,6783.7998046875
2016-12-01,6752.89990234375
2016-12-02,6730.7001953125
2016-12-05,6746.7998046875
2016-12-06,6779.7998046875
2016-12-07,6902.2001953125
2016-12-08,6931.60009765625
2016-12-09,6954.2001953125
2016-12-12,6890.39990234375
2016-12-13,6968.60009765625
2016-12-14,6949.2001953125
2016-12-15,6999.0
2016-12-16,7011.60009765625
2016-12-19,7017.2001953125
2016-12-20,7044.0
2016-12-21,7041.39990234375
2016-12-22,7063.7001953125
2016-12-23,7068.2001953125
2016-12-28,7106.10009765625
2016-12-29,7120.2998046875
2016-12-30,7142.7998046875
2017-01-03,7177.89990234375
2017-01-04,7189.7001953125
2017-01-05,7195.2998046875
2017-01-06,7210.10009765625
2017-01-09,7237.7998046875
2017-01-10,7275.5
2017-01-11,7290.5
2017-01-12,7292.39990234375
2017-01-13,7337.7998046875
2017-01-16,7327.10009765625
2017-01-17,7220.39990234375
2017-01-18,7247.60009765625
2017-01-19,7208.39990234375
2017-01-20,7198.39990234375
2017-01-23,7151.2001953125
2017-01-24,7150.2998046875
2017-01-25,7164.39990234375
2017-01-26,7161.5
2017-01-27,7184.5
2017-01-30,7118.5
2017-01-31,7099.2001953125
2017-02-01,7107.7001953125
2017-02-02,7140.7998046875
2017-02-03,7188.2998046875
2017-02-06,7172.2001953125
2017-02-07,7186.2001953125
2017-02-08,7188.7998046875
2017-02-09,7229.5
2017-02-10,7258.7998046875
2017-02-13,7278.89990234375
2017-02-14,7268.60009765625
2017-02-15,7302.39990234375
2017-02-16,7277.89990234375
2017-02-17,7300.0
2017-02-20,7299.89990234375
2017-02-21,7274.7998046875
2017-02-22,7302.2998046875
2017-02-23,7271.39990234375
2017-02-24,7243.7001953125
2017-02-27,7253.0
2017-02-28,7263.39990234375
2017-03-01,7382.89990234375
2017-03-02,7382.39990234375
2017-03-03,7374.2998046875
2017-03-06,7350.10009765625
2017-03-07,7339.0
2017-03-08,7334.60009765625
2017-03-09,7315.0
2017-03-10,7343.10009765625
2017-03-13,7367.10009765625
2017-03-14,7357.89990234375
2017-03-15,7368.60009765625
2017-03-16,7416.0
2017-03-17,7425.0
2017-03-20,7429.7998046875
2017-03-21,7378.2998046875
2017-03-22,7324.7001953125
2017-03-23,7340.7001953125
2017-03-24,7336.7998046875
2017-03-27,7293.5
2017-03-28,7343.39990234375
2017-03-29,7373.7001953125
2017-03-30,7369.5
2017-03-31,7322.89990234375
2017-04-03,7282.7001953125
2017-04-04,7321.7998046875
2017-04-05,7331.7001953125
2017-04-06,7303.2001953125
2017-04-07,7349.39990234375
2017-04-10,7348.89990234375
2017-04-11,7365.5
2017-04-12,7349.0
2017-04-13,7327.60009765625
2017-04-18,7147.5
2017-04-19,7114.39990234375
2017-04-20,7118.5
2017-04-21,7114.60009765625
2017-04-24,7264.7001953125
2017-04-25,7275.60009765625
2017-04-26,7288.7001953125
2017-04-27,7237.2001953125
2017-04-28,7203.89990234375
2017-05-02,7250.10009765625
2017-05-03,7234.5
2017-05-04,7248.10009765625
2017-05-05,7297.39990234375
2017-05-08,7300.89990234375
2017-05-09,7342.2001953125
2017-05-10,7385.2001953125
2017-05-11,7386.60009765625
2017-05-12,7435.39990234375
2017-05-15,7454.39990234375
2017-05-16,7522.0
2017-05-17,7503.5
2017-05-18,7436.39990234375
2017-05-19,7470.7001953125
2017-05-22,7496.2998046875
2017-05-23,7485.2998046875
2017-05-24,7514.89990234375
2017-05-25,7517.7001953125
2017-05-26,7547.60009765625
2017-05-30,7526.5
2017-05-31,7520.0
2017-06-01,7543.7998046875
2017-06-02,7547.60009765625
2017-06-05,7525.7998046875
2017-06-06,7525.0
2017-06-07,7478.60009765625
2017-06-08,7450.0
2017-06-09,7527.2998046875
2017-06-12,7511.89990234375
2017-06-13,7500.39990234375
2017-06-14,7474.39990234375
2017-06-15,7419.39990234375
2017-06-16,7463.5
2017-06-19,7523.7998046875
2017-06-20,7472.7001953125
2017-06-21,7447.7998046875
2017-06-22,7439.2998046875
2017-06-23,7424.10009765625
2017-06-26,7446.7998046875
2017-06-27,7434.39990234375
2017-06-28,7387.7998046875
2017-06-29,7350.2998046875
2017-06-30,7312.7001953125
2017-07-03,7377.10009765625
2017-07-04,7357.2001953125
2017-07-05,7367.60009765625
2017-07-06,7337.2998046875
2017-07-07,7350.89990234375
2017-07-10,7370.0
2017-07-11,7329.7998046875
2017-07-12,7416.89990234375
2017-07-13,7413.39990234375
2017-07-14,7378.39990234375
2017-07-17,7404.10009765625
2017-07-18,7390.2001953125
2017-07-19,7430.89990234375
2017-07-20,7487.89990234375
2017-07-21,7452.89990234375
2017-07-24,7377.7001953125
2017-07-25,7434.7998046875
2017-07-26,7452.2998046875
2017-07-27,7443.0
2017-07-28,7368.39990234375
2017-07-31,7372.0
2017-08-01,7423.7001953125
2017-08-02,7411.39990234375
2017-08-03,7474.7998046875
2017-08-04,7511.7001953125
2017-08-07,7531.89990234375
2017-08-08,7542.7001953125
2017-08-09,7498.10009765625
2017-08-10,7389.89990234375
2017-08-11,7310.0
2017-08-14,7353.89990234375
2017-08-15,7383.89990234375
2017-08-16,7433.0
2017-08-17,7387.89990234375
2017-08-18,7324.0
2017-08-21,7318.89990234375
2017-08-22,7381.7001953125
2017-08-23,7382.7001953125
2017-08-24,7407.10009765625
2017-08-25,7401.5
2017-08-29,7337.39990234375
2017-08-30,7365.2998046875
2017-08-31,7430.60009765625
2017-09-01,7438.5
2017-09-04,7411.5
2017-09-05,7372.89990234375
2017-09-06,7354.10009765625
2017-09-07,7397.0
2017-09-08,7377.60009765625
2017-09-11,7413.60009765625
2017-09-12,7400.7001953125
2017-09-13,7379.7001953125
2017-09-14,7295.39990234375
2017-09-15,7215.5
2017-09-18,7253.2998046875
2017-09-19,7275.2998046875
2017-09-20,7272.0
2017-09-21,7263.89990234375
2017-09-22,7310.60009765625
2017-09-25,7301.2998046875
2017-09-26,7285.7001953125
2017-09-27,7313.5
2017-09-28,7322.7998046875
2017-09-29,7372.7998046875
2017-10-02,7438.7998046875
2017-10-03,7468.10009765625
2017-10-04,7467.60009765625
2017-10-05,7508.0
2017-10-06,7522.89990234375
2017-10-09,7507.89990234375
2017-10-10,7538.2998046875
2017-10-11,7533.7998046875
2017-10-12,7556.2001953125
2017-10-13,7535.39990234375
2017-10-16,7527.0
2017-10-17,7516.2001953125
2017-10-18,7542.89990234375
2017-10-19,7523.0
2017-10-20,7523.2001953125
2017-10-23,7524.5
2017-10-24,7526.5
2017-10-25,7447.2001953125
2017-10-26,7486.5
2017-10-27,7505.0
2017-10-30,7487.7998046875
2017-10-31,7493.10009765625
2017-11-01,7488.0
2017-11-02,7555.2998046875
2017-11-03,7560.39990234375
2017-11-06,7562.2998046875
2017-11-07,7513.10009765625
2017-11-08,7529.7001953125
2017-11-09,7484.10009765625
2017-11-10,7433.0
2017-11-13,7415.2001953125
2017-11-14,7414.39990234375
2017-11-15,7372.60009765625
2017-11-16,7386.89990234375
2017-11-17,7380.7001953125
2017-11-20,7389.5
2017-11-21,7411.2998046875
2017-11-22,7419.0
2017-11-23,7417.2001953125
2017-11-24,7409.60009765625
2017-11-27,7383.89990234375
2017-11-28,7460.7001953125
2017-11-29,7393.60009765625
2017-11-30,7326.7001953125
2017-12-01,7300.5
2017-12-04,7339.0
2017-12-05,7327.5
2017-12-06,7348.0
2017-12-07,7320.7998046875
2017-12-08,7394.0
2017-12-11,7453.5
2017-12-12,7500.39990234375
2017-12-13,7496.5
2017-12-14,7448.10009765625
2017-12-15,7490.60009765625
2017-12-18,7537.0
2017-12-19,7544.10009765625
2017-12-20,7525.2001953125
2017-12-21,7604.0
2017-12-22,7592.7001953125
2017-12-27,7620.7001953125
2017-12-28,7622.89990234375
2017-12-29,7687.7998046875
2018-01-02,7648.10009765625
2018-01-03,7671.10009765625
2018-01-04,7695.89990234375
2018-01-05,7724.2001953125
2018-01-08,7696.5
2018-01-09,7731.0
2018-01-10,7748.5
2018-01-11,7762.89990234375
2018-01-12,7778.60009765625
2018-01-15,7769.10009765625
2018-01-16,7755.89990234375
2018-01-17,7725.39990234375
2018-01-18,7701.0
2018-01-19,7730.7998046875
2018-01-22,7715.39990234375
2018-01-23,7731.7998046875
2018-01-24,7643.39990234375
2018-01-25,7615.7998046875
2018-01-26,7665.5
2018-01-29,7671.5
2018-01-30,7588.0
2018-01-31,7533.60009765625
2018-02-01,7490.39990234375
2018-02-02,7443.39990234375
2018-02-05,7335.0
2018-02-06,7141.39990234375
2018-02-07,7279.39990234375
2018-02-08,7170.7001953125
2018-02-09,7092.39990234375
2018-02-12,7177.10009765625
2018-02-13,7168.0
2018-02-14,7214.0
2018-02-15,7234.7998046875
2018-02-16,7294.7001953125
2018-02-19,7247.7001953125
2018-02-20,7246.7998046875
2018-02-21,7281.60009765625
2018-02-22,7252.39990234375
2018-02-23,7244.39990234375
2018-02-26,7289.60009765625
2018-02-27,7282.5
2018-02-28,7231.89990234375
2018-03-01,7175.60009765625
2018-03-02,7069.89990234375
2018-03-05,7116.0
2018-03-06,7146.7998046875
2018-03-07,7157.7998046875
2018-03-08,7203.2001953125
2018-03-09,7224.5
2018-03-12,7214.7998046875
2018-03-13,7138.7998046875
2018-03-14,7132.7001953125
2018-03-15,7139.7998046875
2018-03-16,7164.10009765625
2018-03-19,7042.89990234375
2018-03-20,7061.2998046875
2018-03-21,7039.0
2018-03-22,6952.60009765625
2018-03-23,6921.89990234375
2018-03-26,6888.7001953125
2018-03-27,7000.10009765625
2018-03-28,7044.7001953125
2018-03-29,7056.60009765625
2018-04-03,7030.5
2018-04-04,7034.0
2018-04-05,7199.5
2018-04-06,7183.60009765625
2018-04-09,7194.7998046875
2018-04-10,7266.7998046875
2018-04-11,7257.10009765625
2018-04-12,7258.2998046875
2018-04-13,7264.60009765625
2018-04-16,7198.2001953125
2018-04-17,7226.10009765625
2018-04-18,7317.2998046875
2018-04-19,7328.89990234375
2018-04-20,7368.2001953125
2018-04-23,7398.89990234375
2018-04-24,7425.39990234375
2018-04-25,7379.2998046875
2018-04-26,7421.39990234375
2018-04-27,7502.2001953125
2018-04-30,7509.2998046875
2018-05-01,7520.39990234375
2018-05-02,7543.2001953125
2018-05-03,7502.7001953125
2018-05-04,7567.10009765625
2018-05-08,7565.7998046875
2018-05-09,7662.5
2018-05-10,7701.0
2018-05-11,7724.60009765625
2018-05-14,7711.0
2018-05-15,7723.0
2018-05-16,7734.2001953125
2018-05-17,7788.0
2018-05-18,7778.7998046875
2018-05-21,7859.2001953125
2018-05-22,7877.5
2018-05-23,7788.39990234375
2018-05-24,7716.7001953125
2018-05-25,7730.2998046875
2018-05-29,7632.60009765625
2018-05-30,7689.60009765625
2018-05-31,7678.2001953125
2018-06-01,7701.7998046875
2018-06-04,7741.2998046875
2018-06-05,7686.7998046875
2018-06-06,7712.39990234375
2018-06-07,7704.39990234375
2018-06-08,7681.10009765625
2018-06-11,7737.39990234375
2018-06-12,7703.7998046875
2018-06-13,7703.7001953125
2018-06-14,7765.7998046875
2018-06-15,7633.89990234375
2018-06-18,7631.2998046875
2018-06-19,7603.89990234375
2018-06-20,7627.39990234375
2018-06-21,7556.39990234375
2018-06-22,7682.2998046875
2018-06-25,7509.7998046875
2018-06-26,7537.89990234375
2018-06-27,7621.7001953125
2018-06-28,7615.60009765625
2018-06-29,7636.89990234375
2018-07-02,7547.89990234375
2018-07-03,7593.2998046875
2018-07-04,7573.10009765625
2018-07-05,7603.2001953125
2018-07-06,7617.7001953125
2018-07-09,7688.0
2018-07-10,7692.0
2018-07-11,7592.0
2018-07-12,7651.2998046875
2018-07-13,7661.89990234375
2018-07-16,7600.5
2018-07-17,7626.2998046875
2018-07-18,7676.2998046875
2018-07-19,7684.0
2018-07-20,7678.7998046875
2018-07-23,7655.7998046875
2018-07-24,7709.10009765625
2018-07-25,7658.2998046875
2018-07-26,7663.2001953125
2018-07-27,7701.2998046875
2018-07-30,7700.89990234375
2018-07-31,7748.7998046875
2018-08-01,7652.89990234375
2018-08-02,7575.89990234375
2018-08-03,7659.10009765625
2018-08-06,7663.7998046875
2018-08-07,7718.5
2018-08-08,7776.7001953125
2018-08-09,7741.7998046875
2018-08-10,7667.0
2018-08-13,7642.5
2018-08-14,7611.60009765625
2018-08-15,7497.89990234375
2018-08-16,7556.39990234375
2018-08-17,7558.60009765625
2018-08-20,7591.2998046875
2018-08-21,7565.7001953125
2018-08-22,7574.2001953125
2018-08-23,7563.2001953125
2018-08-24,7577.5
2018-08-28,7617.2001953125
2018-08-29,7563.2001953125
2018-08-30,7516.0
2018-08-31,7432.39990234375
2018-09-03,7504.60009765625
2018-09-04,7457.89990234375
2018-09-05,7383.2998046875
2018-09-06,7319.0
2018-09-07,7277.7001953125
2018-09-10,7279.2998046875
2018-09-11,7273.5
2018-09-12,7313.39990234375
2018-09-13,7281.60009765625
2018-09-14,7304.0
2018-09-17,7302.10009765625
2018-09-18,7300.2001953125
2018-09-19,7331.10009765625
2018-09-20,7367.2998046875
2018-09-21,7490.2001953125
2018-09-24,7458.39990234375
2018-09-25,7507.60009765625
2018-09-26,7511.5
2018-09-27,7545.39990234375
2018-09-28,7510.2001953125
2018-10-01,7495.7001953125
2018-10-02,7474.60009765625
2018-10-03,7510.2998046875
2018-10-04,7418.2998046875
2018-10-05,7318.5
2018-10-08,7233.2998046875
2018-10-09,7237.60009765625
2018-10-10,7145.7001953125
2018-10-11,7006.89990234375
2018-10-12,6995.89990234375
2018-10-15,7029.2001953125
2018-10-16,7059.39990234375
2018-10-17,7054.60009765625
2018-10-18,7027.0
2018-10-19,7049.7998046875
2018-10-22,7042.7998046875
2018-10-23,6955.2001953125
2018-10-24,6963.0
2018-10-25,7004.10009765625
2018-10-26,6939.60009765625
2018-10-29,7026.2998046875
2018-10-30,7035.89990234375
2018-10-31,7128.10009765625
2018-11-01,7114.7001953125
2018-11-02,7094.10009765625
2018-11-05,7103.7998046875
2018-11-06,7040.7001953125
2018-11-07,7117.2998046875
2018-11-08,7140.7001953125
2018-11-09,7105.2998046875
2018-11-12,7053.10009765625
2018-11-13,7053.7998046875
2018-11-14,7033.7998046875
2018-11-15,7038.0
2018-11-16,7013.89990234375
2018-11-19,7000.89990234375
2018-11-20,6947.89990234375
2018-11-21,7050.2001953125
2018-11-22,6960.2998046875
2018-11-23,6952.89990234375
2018-11-26,7036.0
2018-11-27,7016.89990234375
2018-11-28,7004.5
2018-11-29,7039.0
2018-11-30,6980.2001953125
2018-12-03,7062.39990234375
2018-12-04,7022.7998046875
2018-12-05,6921.7998046875
2018-12-06,6704.10009765625
2018-12-07,6778.10009765625
2018-12-10,6721.5
2018-12-11,6806.89990234375
2018-12-12,6880.2001953125
2018-12-13,6877.5
2018-12-14,6845.2001953125
2018-12-17,6773.2001953125
2018-12-18,6701.60009765625
2018-12-19,6765.89990234375
2018-12-20,6711.89990234375
2018-12-21,6721.2001953125
2018-12-24,6686.0
2018-12-27,6584.7001953125
2018-12-28,6734.0
2018-12-31,6728.10009765625
2019-01-02,6734.2001953125
2019-01-03,6692.7001953125
2019-01-04,6837.39990234375
2019-01-07,6810.89990234375
2019-01-08,6861.60009765625
2019-01-09,6906.60009765625
2019-01-10,6942.89990234375
2019-01-11,6918.2001953125
2019-01-14,6855.0
2019-01-15,6895.0
2019-01-16,6862.7001953125
2019-01-17,6834.89990234375
2019-01-18,6968.2998046875
2019-01-21,6970.60009765625
2019-01-22,6901.39990234375
2019-01-23,6842.89990234375
2019-01-24,6819.0
2019-01-25,6809.2001953125
2019-01-28,6747.10009765625
2019-01-29,6833.89990234375
2019-01-30,6941.60009765625
2019-01-31,6968.89990234375
2019-02-01,7020.2001953125
2019-02-04,7034.10009765625
2019-02-05,7177.39990234375
2019-02-06,7173.10009765625
2019-02-07,7093.60009765625
2019-02-08,7071.2001953125
2019-02-11,7129.10009765625
2019-02-12,7133.10009765625
2019-02-13,7190.7998046875
2019-02-14,7197.0
2019-02-15,7236.7001953125
2019-02-18,7219.5
2019-02-19,7179.2001953125
2019-02-20,7228.60009765625
2019-02-21,7167.39990234375
2019-02-22,7178.60009765625
2019-02-25,7183.7001953125
2019-02-26,7151.10009765625
2019-02-27,7107.2001953125
2019-02-28,7074.7001953125
2019-03-01,7106.7001953125
2019-03-04,7134.39990234375
2019-03-05,7183.39990234375
2019-03-06,7196.0
2019-03-07,7157.60009765625
2019-03-08,7104.2998046875
2019-03-11,7130.60009765625
2019-03-12,7151.2001953125
2019-03-13,7159.2001953125
2019-03-14,7185.39990234375
2019-03-15,7228.2998046875
2019-03-18,7299.2001953125
2019-03-19,7324.0
2019-03-20,7291.0
2019-03-21,7355.2998046875
2019-03-22,7207.60009765625
2019-03-25,7177.60009765625
2019-03-26,7196.2998046875
2019-03-27,7194.2001953125
2019-03-28,7234.2998046875
2019-03-29,7279.2001953125
2019-04-01,7317.39990234375
2019-04-02,7391.10009765625
2019-04-03,7418.2998046875
2019-04-04,7401.89990234375
2019-04-05,7446.89990234375
2019-04-08,7451.89990234375
2019-04-09,7425.60009765625
2019-04-10,7421.89990234375
2019-04-11,7418.0
2019-04-12,7437.10009765625
2019-04-15,7436.89990234375
2019-04-16,7469.89990234375
2019-04-17,7471.2998046875
2019-04-18,7459.89990234375
2019-04-23,7523.10009765625
2019-04-24,7471.7998046875
2019-04-25,7434.10009765625
2019-04-26,7428.2001953125
2019-04-29,7440.7001953125
2019-04-30,7418.2001953125
2019-05-01,7385.2998046875
2019-05-02,7351.2998046875
2019-05-03,7380.60009765625
2019-05-07,7260.5
2019-05-08,7271.0
2019-05-09,7207.39990234375
2019-05-10,7203.2998046875
2019-05-13,7163.7001953125
2019-05-14,7241.60009765625
2019-05-15,7297.0
2019-05-16,7353.5
2019-05-17,7348.60009765625
2019-05-20,7310.89990234375
2019-05-21,7328.89990234375
2019-05-22,7334.2001953125
2019-05-23,7231.0
2019-05-24,7277.7001953125
2019-05-28,7269.0
2019-05-29,7185.2998046875
2019-05-30,7218.2001953125
2019-05-31,7161.7001953125
2019-06-03,7184.7998046875
2019-06-04,7214.2998046875
2019-06-05,7220.2001953125
2019-06-06,7259.89990234375
2019-06-07,7331.89990234375
2019-06-10,7375.5
2019-06-11,7398.5
2019-06-12,7367.60009765625
2019-06-13,7368.60009765625
2019-06-14,7345.7998046875
2019-06-17,7357.2998046875
2019-06-18,7443.0
2019-06-19,7403.5
2019-06-20,7424.39990234375
2019-06-21,7407.5
2019-06-24,7416.7001953125
2019-06-25,7422.39990234375
2019-06-26,7416.39990234375
2019-06-27,7402.2998046875
2019-06-28,7425.60009765625
2019-07-01,7497.5
2019-07-02,7559.2001953125
2019-07-03,7609.2998046875
2019-07-04,7603.60009765625
2019-07-05,7553.10009765625
2019-07-08,7549.2998046875
2019-07-09,7536.5
2019-07-10,7530.7001953125
2019-07-11,7509.7998046875
2019-07-12,7506.0
2019-07-15,7531.7001953125
2019-07-16,7577.2001953125
2019-07-17,7535.5
2019-07-18,7493.10009765625
2019-07-19,7508.7001953125
2019-07-22,7514.89990234375
2019-07-23,7556.89990234375
2019-07-24,7501.5
2019-07-25,7489.10009765625
2019-07-26,7549.10009765625
2019-07-29,7686.60009765625
2019-07-30,7646.7998046875
2019-07-31,7586.7998046875
2019-08-01,7584.89990234375
2019-08-02,7407.10009765625
2019-08-05,7223.89990234375
2019-08-06,7171.7001953125
2019-08-07,7198.7001953125
2019-08-08,7285.89990234375
2019-08-09,7253.89990234375
2019-08-12,7226.7001953125
2019-08-13,7250.89990234375
2019-08-14,7147.89990234375
2019-08-15,7067.0
2019-08-16,7117.2001953125
2019-08-19,7189.7001953125
2019-08-20,7125.0
2019-08-21,7204.0
2019-08-22,7128.2001953125
2019-08-23,7095.0
2019-08-27,7089.60009765625
2019-08-28,7114.7001953125
2019-08-29,7184.2998046875
2019-08-30,7207.2001953125
2019-09-02,7281.89990234375
2019-09-03,7268.2001953125
2019-09-04,7311.2998046875
2019-09-05,7271.2001953125
2019-09-06,7282.2998046875
2019-09-09,7235.7998046875
2019-09-10,7268.0
2019-09-11,7338.0
2019-09-12,7344.7001953125
2019-09-13,7367.5
2019-09-16,7321.39990234375
2019-09-17,7320.39990234375
2019-09-18,7314.10009765625
2019-09-19,7356.39990234375
2019-09-20,7344.89990234375
2019-09-23,7326.10009765625
2019-09-24,7291.39990234375
2019-09-25,7290.0
2019-09-26,7351.10009765625
2019-09-27,7426.2001953125
2019-09-30,7408.2001953125
2019-10-01,7360.2998046875
2019-10-02,7122.5
2019-10-03,7077.60009765625
2019-10-04,7155.39990234375
2019-10-07,7197.89990234375
2019-10-08,7143.2001953125
2019-10-09,7166.5
2019-10-10,7186.39990234375
2019-10-11,7247.10009765625
2019-10-14,7213.5
2019-10-15,7211.60009765625
2019-10-16,7168.0
2019-10-17,7182.2998046875
2019-10-18,7150.60009765625
2019-10-21,7163.60009765625
2019-10-22,7212.5
2019-10-23,7260.7001953125
2019-10-24,7328.2998046875
2019-10-25,7324.5
2019-10-28,7331.2998046875
2019-10-29,7306.2998046875
2019-10-30,7330.7998046875
2019-10-31,7248.39990234375
2019-11-01,7302.39990234375
2019-11-04,7369.7001953125
2019-11-05,7388.10009765625
2019-11-06,7396.7001953125
2019-11-07,7406.39990234375
2019-11-08,7359.39990234375
2019-11-11,7328.5
2019-11-12,7365.39990234375
2019-11-13,7351.2001953125
2019-11-14,7292.7998046875
2019-11-15,7302.89990234375
2019-11-18,7307.7001953125
2019-11-19,7323.7998046875
2019-11-20,7262.5
2019-11-21,7238.60009765625
2019-11-22,7326.7998046875
2019-11-25,7396.2998046875
2019-11-26,7403.10009765625
2019-11-27,7429.7998046875
2019-11-28,7416.39990234375
2019-11-29,7346.5
2019-12-02,7285.89990234375
2019-12-03,7158.7998046875
2019-12-04,7188.5
2019-12-05,7137.89990234375
2019-12-06,7239.7001953125
2019-12-09,7233.89990234375
2019-12-10,7213.7998046875
2019-12-11,7216.2998046875
2019-12-12,7273.5
2019-12-13,7353.39990234375
2019-12-16,7519.10009765625
2019-12-17,7525.2998046875
2019-12-18,7540.7998046875
2019-12-19,7573.7998046875
2019-12-20,7582.5
2019-12-23,7623.60009765625
2019-12-24,7632.2001953125
2019-12-27,7644.89990234375
2019-12-30,7587.10009765625
2019-12-31,7542.39990234375
2020-01-02,7604.2998046875
2020-01-03,7622.39990234375
2020-01-06,7575.2998046875
2020-01-07,7573.89990234375
2020-01-08,7574.89990234375
2020-01-09,7598.10009765625
2020-01-10,7587.89990234375
2020-01-13,7617.60009765625
2020-01-14,7622.39990234375
2020-01-15,7642.7998046875
2020-01-16,7609.7998046875
2020-01-17,7674.60009765625
2020-01-20,7651.39990234375
2020-01-21,7610.7001953125
2020-01-22,7571.89990234375
2020-01-23,7507.7001953125
2020-01-24,7586.0
2020-01-27,7412.10009765625
2020-01-28,7480.7001953125
2020-01-29,7483.60009765625
2020-01-30,7382.0
2020-01-31,7286.0
2020-02-03,7326.2998046875
2020-02-04,7439.7998046875
2020-02-05,7482.5
2020-02-06,7504.7998046875
2020-02-07,7466.7001953125
2020-02-10,7446.89990234375
2020-02-11,7499.39990234375
2020-02-12,7534.39990234375
2020-02-13,7452.0
2020-02-14,7409.10009765625
2020-02-17,7433.2998046875
2020-02-18,7382.0
2020-02-19,7457.0
2020-02-20,7436.60009765625
2020-02-21,7403.89990234375
2020-02-24,7156.7998046875
2020-02-25,7017.89990234375
2020-02-26,7042.5
2020-02-27,6796.39990234375
2020-02-28,6580.60009765625
2020-03-02,6654.89990234375
2020-03-03,6718.2001953125
2020-03-04,6815.60009765625
2020-03-05,6705.39990234375
2020-03-06,6462.60009765625
2020-03-09,5965.7998046875
2020-03-10,5960.2001953125
2020-03-11,5876.5
2020-03-12,5237.5
2020-03-13,5366.10009765625
2020-03-16,5151.10009765625
2020-03-17,5294.89990234375
2020-03-18,5080.60009765625
2020-03-19,5151.60009765625
2020-03-20,5190.7998046875
2020-03-23,4993.89990234375
2020-03-24,5446.0
2020-03-25,5688.2001953125
2020-03-26,5815.7001953125
2020-03-27,5510.2998046875
2020-03-30,5563.7001953125
2020-03-31,5672.0
2020-04-01,5454.60009765625
2020-04-02,5480.2001953125
2020-04-03,5415.5
2020-04-06,5582.39990234375
2020-04-07,5704.5
2020-04-08,5677.7001953125
2020-04-09,5842.7001953125
2020-04-14,5791.2998046875
2020-04-15,5597.7001953125
2020-04-16,5628.39990234375
2020-04-17,5787.0
2020-04-20,5812.7998046875
2020-04-21,5641.0
2020-04-22,5770.60009765625
2020-04-23,5826.60009765625
2020-04-24,5752.2001953125
2020-04-27,5846.7998046875
2020-04-28,5958.5
2020-04-29,6115.2998046875
2020-04-30,5901.2001953125
2020-05-01,5763.10009765625
2020-05-04,5753.7998046875
2020-05-05,5849.39990234375
2020-05-06,5853.7998046875
2020-05-07,5936.0
2020-05-11,5939.7001953125
2020-05-12,5994.7998046875
2020-05-13,5904.10009765625
2020-05-14,5741.5
2020-05-15,5799.7998046875
2020-05-18,6048.60009765625
2020-05-19,6002.2001953125
2020-05-20,6067.2001953125
2020-05-21,6015.2998046875
2020-05-22,5993.2998046875
2020-05-26,6067.7998046875
2020-05-27,6144.2998046875
2020-05-28,6218.7998046875
2020-05-29,6076.60009765625
2020-06-01,6166.39990234375
2020-06-02,6220.10009765625
2020-06-03,6382.39990234375
2020-06-04,6341.39990234375
2020-06-05,6484.2998046875
2020-06-08,6472.60009765625
2020-06-09,6335.7001953125
2020-06-10,6329.10009765625
2020-06-11,6076.7001953125
2020-06-12,6105.2001953125
2020-06-15,6064.7001953125
2020-06-16,6242.7998046875
2020-06-17,6253.2998046875
2020-06-18,6224.10009765625
2020-06-19,6292.60009765625
2020-06-22,6244.60009765625
2020-06-23,6320.10009765625
2020-06-24,6123.7001953125
2020-06-25,6147.10009765625
2020-06-26,6159.2998046875
2020-06-29,6225.7998046875
2020-06-30,6169.7001953125
2020-07-01,6158.0
2020-07-02,6240.39990234375
2020-07-03,6157.2998046875
2020-07-06,6285.89990234375
2020-07-07,6189.89990234375
2020-07-08,6156.2001953125
2020-07-09,6049.60009765625
2020-07-10,6095.39990234375
2020-07-13,6176.2001953125
2020-07-14,6179.7998046875
2020-07-15,6292.7001953125
2020-07-16,6250.7001953125
2020-07-17,6290.2998046875
2020-07-20,6261.5
2020-07-21,6269.7001953125
2020-07-22,6207.10009765625
2020-07-23,6211.39990234375
2020-07-24,6123.7998046875
2020-07-27,6104.89990234375
2020-07-28,6129.2998046875
2020-07-29,6131.5
2020-07-30,5990.0
2020-07-31,5897.7998046875
2020-08-03,6032.89990234375
2020-08-04,6036.0
2020-08-05,6104.7001953125
2020-08-06,6026.89990234375
2020-08-07,6032.2001953125
2020-08-10,6050.60009765625
2020-08-11,6154.2998046875
2020-08-12,6280.10009765625
2020-08-13,6185.60009765625
2020-08-14,6090.0
2020-08-17,6127.39990234375
2020-08-18,6076.60009765625
2020-08-19,6112.0
2020-08-20,6013.2998046875
2020-08-21,6001.89990234375
2020-08-24,6104.7001953125
2020-08-25,6037.0
2020-08-26,6045.60009765625
2020-08-27,6000.0
2020-08-28,5963.60009765625
2020-09-01,5862.10009765625
2020-09-02,5941.0
2020-09-03,5850.89990234375
2020-09-04,5799.10009765625
2020-09-07,5937.39990234375
2020-09-08,5930.2998046875
2020-09-09,6012.7998046875
2020-09-10,6003.2998046875
2020-09-11,6032.10009765625
2020-09-14,6026.2998046875
2020-09-15,6105.5
2020-09-16,6078.5
2020-09-17,6049.89990234375
2020-09-18,6007.10009765625
2020-09-21,5804.2998046875
2020-09-22,5829.5
2020-09-23,5899.2998046875
2020-09-24,5822.7998046875
2020-09-25,5842.7001953125
2020-09-28,5927.89990234375
2020-09-29,5897.5
2020-09-30,5866.10009765625
2020-10-01,5879.5
2020-10-02,5902.10009765625
2020-10-05,5942.89990234375
2020-10-06,5949.89990234375
2020-10-07,5946.2998046875
2020-10-08,5978.0
2020-10-09,6016.7001953125
2020-10-12,6001.39990234375
2020-10-13,5969.7001953125
2020-10-14,5935.10009765625
2020-10-15,5832.5
2020-10-16,5919.60009765625
2020-10-19,5884.7001953125
2020-10-20,5889.2001953125
2020-10-21,5776.5
2020-10-22,5785.7001953125
2020-10-23,5860.2998046875
2020-10-26,5792.0
2020-10-27,5729.0
2020-10-28,5582.7998046875
2020-10-29,5581.7998046875
2020-10-30,5577.2998046875
2020-11-02,5655.0
2020-11-03,5786.7998046875
2020-11-04,5883.2998046875
2020-11-05,5906.2001953125
2020-11-06,5910.0
2020-11-09,6186.2998046875
2020-11-10,6296.89990234375
2020-11-11,6382.10009765625
2020-11-12,6338.89990234375
2020-11-13,6316.39990234375
2020-11-16,6421.2998046875
2020-11-17,6365.2998046875
2020-11-18,6385.2001953125
2020-11-19,6334.39990234375
2020-11-20,6351.5
2020-11-23,6333.7998046875
2020-11-24,6432.2001953125
2020-11-25,6391.10009765625
2020-11-26,6362.89990234375
2020-11-27,6367.60009765625
2020-11-30,6266.2001953125
2020-12-01,6384.7001953125
2020-12-02,6463.39990234375
2020-12-03,6490.2998046875
2020-12-04,6550.2001953125
2020-12-07,6555.39990234375
2020-12-08,6558.7998046875
2020-12-09,6564.2998046875
2020-12-10,6599.7998046875
2020-12-11,6546.7998046875
2020-12-14,6531.7998046875
2020-12-15,6513.2998046875
2020-12-16,6570.89990234375
2020-12-17,6551.10009765625
2020-12-18,6529.2001953125
2020-12-21,6416.2998046875
2020-12-23,6495.7998046875
2020-12-24,6502.10009765625
2020-12-29,6602.7001953125
2020-12-30,6555.7998046875
2020-12-31,6460.5
2021-01-04,6571.89990234375
2021-01-05,6612.2998046875
2021-01-06,6841.89990234375
2021-01-07,6857.0
2021-01-08,6873.2998046875
2021-01-11,6798.5
2021-01-12,6754.10009765625
2021-01-13,6745.5
2021-01-14,6802.0
2021-01-15,6735.7001953125
2021-01-18,6720.7001953125
2021-01-19,6713.0
2021-01-20,6740.39990234375
2021-01-21,6715.39990234375
2021-01-22,6695.10009765625
2021-01-25,6638.89990234375
2021-01-26,6654.0
2021-01-27,6567.39990234375
2021-01-28,6526.2001953125
2021-01-29,6407.5
2021-02-01,6466.39990234375
2021-02-02,6516.7001953125
2021-02-03,6507.7998046875
2021-02-04,6503.7001953125
2021-02-05,6489.2998046875
2021-02-08,6523.5
2021-02-09,6531.60009765625
2021-02-10,6524.39990234375
2021-02-11,6528.7001953125
2021-02-12,6589.7998046875
2021-02-15,6756.10009765625
2021-02-16,6748.89990234375
2021-02-17,6710.89990234375
2021-02-18,6617.2001953125
2021-02-19,6624.0
2021-02-22,6612.2001953125
2021-02-23,6625.89990234375
2021-02-24,6659.0
2021-02-25,6652.0
2021-02-26,6483.39990234375
2021-03-01,6588.5
2021-03-02,6613.7998046875
2021-03-03,6675.5
2021-03-04,6650.89990234375
2021-03-05,6630.5
2021-03-08,6719.10009765625
2021-03-09,6730.2998046875
2021-03-10,6725.60009765625
2021-03-11,6737.0
2021-03-12,6761.5
2021-03-15,6749.7001953125
2021-03-16,6803.60009765625
2021-03-17,6762.7001953125
2021-03-18,6779.7001953125
2021-03-19,6708.7001953125
2021-03-22,6726.10009765625
2021-03-23,6699.2001953125
2021-03-24,6712.89990234375
2021-03-25,6674.7998046875
2021-03-26,6740.60009765625
2021-03-29,6736.2001953125
2021-03-30,6772.10009765625
2021-03-31,6713.60009765625
2021-04-01,6737.2998046875
2021-04-06,6823.60009765625
2021-04-07,6885.2998046875
2021-04-08,6942.2001953125
2021-04-09,6915.7998046875
2021-04-12,6889.10009765625
2021-04-13,6890.5
2021-04-14,6939.60009765625
2021-04-15,6983.5
2021-04-16,7019.5
2021-04-19,7000.10009765625
2021-04-20,6859.89990234375
2021-04-21,6895.2998046875
2021-04-22,6938.2001953125
2021-04-23,6938.60009765625
2021-04-26,6963.10009765625
2021-04-27,6945.0
2021-04-28,6963.7001953125
2021-04-29,6961.5
2021-04-30,6969.7998046875
2021-05-04,6923.2001953125
2021-05-05,7039.2998046875
2021-05-06,7076.2001953125
2021-05-07,7129.7001953125
2021-05-10,7123.7001953125
2021-05-11,6948.0
2021-05-12,7004.60009765625
2021-05-13,6963.2998046875
2021-05-14,7043.60009765625
2021-05-17,7032.89990234375
2021-05-18,7034.2001953125
2021-05-19,6950.2001953125
2021-05-20,7019.7998046875
2021-05-21,7018.10009765625
2021-05-24,7051.60009765625
2021-05-25,7029.7998046875
2021-05-26,7026.89990234375
2021-05-27,7019.7001953125
2021-05-28,7022.60009765625
2021-06-01,7080.5
2021-06-02,7108.0
2021-06-03,7064.39990234375
2021-06-04,7069.0
2021-06-07,7077.2001953125
2021-06-08,7095.10009765625
2021-06-09,7081.0
2021-06-10,7088.2001953125
2021-06-11,7134.10009765625
2021-06-14,7146.7001953125
2021-06-15,7172.5
2021-06-16,7185.0
2021-06-17,7153.39990234375
2021-06-18,7017.5
2021-06-21,7062.2998046875
2021-06-22,7090.0
2021-06-23,7074.10009765625
2021-06-24,7110.0
2021-06-25,7136.10009765625
2021-06-28,7073.0
2021-06-29,7087.60009765625
2021-06-30,7037.5
2021-07-01,7125.2001953125
2021-07-02,7123.2998046875
2021-07-05,7164.89990234375
2021-07-06,7100.89990234375
2021-07-07,7151.0
2021-07-08,7030.7001953125
2021-07-09,7121.89990234375
2021-07-12,7125.39990234375
2021-07-13,7124.7001953125
2021-07-14,7091.2001953125
2021-07-15,7012.0
2021-07-16,7008.10009765625
2021-07-19,6844.39990234375
2021-07-20,6881.10009765625
2021-07-21,6998.2998046875
2021-07-22,6968.2998046875
2021-07-23,7027.60009765625
2021-07-26,7025.39990234375
2021-07-27,6996.10009765625
2021-07-28,7016.60009765625
2021-07-29,7078.39990234375
2021-07-30,7032.2998046875
2021-08-02,7081.7001953125
2021-08-03,7105.7001953125
2021-08-04,7123.89990234375
2021-08-05,7120.39990234375
2021-08-06,7123.0
2021-08-09,7132.2998046875
2021-08-10,7161.0
2021-08-11,7220.10009765625
2021-08-12,7193.2001953125
2021-08-13,7218.7001953125
2021-08-16,7154.0
2021-08-17,7181.10009765625
2021-08-18,7169.2998046875
2021-08-19,7058.89990234375
2021-08-20,7087.89990234375
2021-08-23,7109.0
2021-08-24,7125.7998046875
2021-08-25,7150.10009765625
2021-08-26,7125.0
2021-08-27,7148.0
2021-08-31,7119.7001953125
2021-09-01,7149.7998046875
2021-09-02,7163.89990234375
2021-09-03,7138.39990234375
2021-09-06,7187.2001953125
2021-09-07,7149.39990234375
2021-09-08,7095.5
2021-09-09,7024.2001953125
2021-09-10,7029.2001953125
2021-09-13,7068.39990234375
2021-09-14,7034.10009765625
2021-09-15,7016.5
2021-09-16,7027.5
2021-09-17,6963.60009765625
2021-09-20,6903.89990234375
2021-09-21,6981.0
2021-09-22,7083.39990234375
2021-09-23,7078.39990234375
2021-09-24,7051.5
2021-09-27,7063.39990234375
2021-09-28,7028.10009765625
2021-09-29,7108.2001953125
2021-09-30,7086.39990234375
2021-10-01,7027.10009765625
2021-10-04,7011.0
2021-10-05,7077.10009765625
2021-10-06,6995.89990234375
2021-10-07,7078.0
2021-10-08,7095.60009765625
2021-10-11,7146.89990234375
2021-10-12,7130.2001953125
2021-10-13,7141.7998046875
2021-10-14,7207.7001953125
2021-10-15,7234.0
2021-10-18,7203.7998046875
2021-10-19,7217.5
2021-10-20,7223.10009765625
2021-10-21,7190.2998046875
2021-10-22,7204.60009765625
2021-10-25,7222.7998046875
2021-10-26,7277.60009765625
2021-10-27,7253.2998046875
2021-10-28,7249.5
2021-10-29,7237.60009765625
2021-11-01,7288.60009765625
2021-11-02,7274.7998046875
2021-11-03,7248.89990234375
2021-11-04,7279.89990234375
2021-11-05,7304.0
2021-11-08,7300.39990234375
2021-11-09,7274.0
2021-11-10,7340.2001953125
2021-11-11,7384.2001953125
2021-11-12,7347.89990234375
2021-11-15,7351.89990234375
2021-11-16,7327.0
2021-11-17,7291.2001953125
2021-11-18,7256.0
2021-11-19,7223.60009765625
2021-11-22,7255.5
2021-11-23,7266.7001953125
2021-11-24,7286.2998046875
2021-11-25,7310.39990234375
2021-11-26,7044.0
2021-11-29,7110.0
2021-11-30,7059.5
2021-12-01,7168.7001953125
2021-12-02,7129.2001953125
2021-12-03,7122.2998046875
2021-12-06,7232.2998046875
2021-12-07,7339.89990234375
2021-12-08,7337.39990234375
2021-12-09,7321.2998046875
2021-12-10,7291.7998046875
2021-12-13,7231.39990234375
2021-12-14,7218.60009765625
2021-12-15,7170.7998046875
2021-12-16,7260.60009765625
2021-12-17,7269.89990234375
2021-12-20,7198.0
2021-12-21,7297.39990234375
2021-12-22,7341.7001953125
2021-12-23,7373.2998046875
2021-12-24,7372.10009765625
2021-12-29,7420.7001953125
2021-12-30,7403.0
2021-12-31,7384.5
2022-01-04,7505.2001953125
2022-01-05,7516.89990234375
2022-01-06,7450.39990234375
2022-01-07,7485.2998046875
2022-01-10,7445.2998046875
2022-01-11,7491.39990234375
2022-01-12,7551.7001953125
2022-01-13,7563.89990234375
2022-01-14,7543.0
2022-01-17,7611.2001953125
2022-01-18,7563.60009765625
2022-01-19,7589.7001953125
2022-01-20,7585.0
2022-01-21,7494.10009765625
2022-01-24,7297.2001953125
2022-01-25,7371.5
2022-01-26,7469.7998046875
2022-01-27,7554.2998046875
2022-01-28,7466.10009765625
2022-01-31,7464.39990234375
2022-02-01,7535.7998046875
2022-02-02,7583.0
2022-02-03,7528.7998046875
2022-02-04,7516.39990234375
2022-02-07,7573.5
2022-02-08,7567.10009765625
2022-02-09,7643.39990234375
2022-02-10,7672.39990234375
2022-02-11,7661.0
2022-02-14,7531.60009765625
2022-02-15,7608.89990234375
2022-02-16,7603.7998046875
2022-02-17,7537.39990234375
2022-02-18,7513.60009765625
2022-02-21,7484.2998046875
2022-02-22,7494.2001953125
2022-02-23,7498.2001953125
2022-02-24,7207.0
2022-02-25,7489.5
2022-02-28,7458.2998046875
2022-03-01,7330.2001953125
2022-03-02,7429.60009765625
2022-03-03,7238.89990234375
2022-03-04,6987.10009765625
2022-03-07,6959.5
2022-03-08,6964.10009765625
2022-03-09,7190.7001953125
2022-03-10,7099.10009765625
2022-03-11,7155.60009765625
2022-03-14,7193.5
2022-03-15,7175.7001953125
2022-03-16,7291.7001953125
2022-03-17,7385.2998046875
2022-03-18,7404.7001953125
2022-03-21,7442.39990234375
2022-03-22,7476.7001953125
2022-03-23,7460.60009765625
2022-03-24,7467.39990234375
2022-03-25,7483.39990234375
2022-03-28,7473.10009765625
2022-03-29,7537.2998046875
2022-03-30,7578.7998046875
2022-03-31,7515.7001953125
2022-04-01,7537.89990234375
2022-04-04,7558.89990234375
2022-04-05,7613.7001953125
2022-04-06,7587.7001953125
2022-04-07,7551.7998046875
2022-04-08,7669.60009765625
2022-04-11,7618.2998046875
2022-04-12,7576.7001953125
2022-04-13,7580.7998046875
2022-04-14,7616.39990234375
2022-04-19,7601.2998046875
2022-04-20,7629.2001953125
2022-04-21,7628.0
2022-04-22,7521.7001953125
2022-04-25,7380.5
2022-04-26,7386.2001953125
2022-04-27,7425.60009765625
2022-04-28,7509.2001953125
2022-04-29,7544.60009765625
2022-05-03,7561.2998046875
2022-05-04,7493.5
2022-05-05,7503.2998046875
2022-05-06,7387.89990234375
2022-05-09,7216.60009765625
2022-05-10,7243.2001953125
2022-05-11,7347.7001953125
2022-05-12,7233.2998046875
2022-05-13,7418.2001953125
2022-05-16,7464.7998046875
2022-05-17,7518.39990234375
2022-05-18,7438.10009765625
2022-05-19,7302.7001953125
2022-05-20,7390.0
2022-05-23,7513.39990234375
2022-05-24,7484.39990234375
2022-05-25,7522.7998046875
2022-05-26,7564.89990234375
2022-05-27,7585.5
2022-05-30,7600.10009765625
2022-05-31,7607.7001953125
2022-06-01,7533.0
2022-06-06,7608.2001953125
2022-06-07,7598.89990234375
2022-06-08,7593.0
2022-06-09,7476.2001953125
2022-06-10,7317.5
2022-06-13,7205.7998046875
2022-06-14,7187.5
2022-06-15,7273.39990234375
2022-06-16,7045.0
2022-06-17,7016.2998046875
2022-06-20,7121.7998046875
2022-06-21,7152.10009765625
2022-06-22,7089.2001953125
2022-06-23,7020.5
2022-06-24,7208.7998046875
2022-06-27,7258.2998046875
2022-06-28,7323.39990234375
2022-06-29,7312.2998046875
2022-06-30,7169.2998046875
2022-07-01,7168.7001953125
2022-07-04,7232.7001953125
2022-07-05,7025.5
2022-07-06,7107.7998046875
2022-07-07,7189.10009765625
2022-07-08,7196.2001953125
2022-07-11,7196.60009765625
2022-07-12,7209.89990234375
2022-07-13,7156.39990234375
2022-07-14,7039.7998046875
2022-07-15,7159.0
2022-07-18,7223.2001953125
2022-07-19,7296.2998046875
2022-07-20,7264.2998046875
2022-07-21,7270.5
2022-07-22,7276.39990234375
2022-07-25,7306.2998046875
2022-07-26,7306.2998046875
2022-07-27,7348.2001953125
2022-07-28,7345.2998046875
2022-07-29,7423.39990234375
2022-08-01,7413.39990234375
2022-08-02,7409.10009765625
2022-08-03,7445.7001953125
2022-08-04,7448.10009765625
2022-08-05,7439.7001953125
2022-08-08,7482.39990234375
2022-08-09,7488.2001953125
2022-08-10,7507.10009765625
2022-08-11,7465.89990234375
2022-08-12,7500.89990234375
2022-08-15,7509.2001953125
2022-08-16,7536.10009765625
2022-08-17,7515.7998046875
2022-08-18,7541.89990234375
2022-08-19,7550.39990234375
2022-08-22,7533.7998046875
2022-08-23,7488.10009765625
2022-08-24,7471.5
2022-08-25,7479.7001953125
2022-08-26,7427.2998046875
2022-08-30,7361.60009765625
2022-08-31,7284.2001953125
2022-09-01,7148.5
2022-09-02,7281.2001953125
2022-09-05,7287.39990234375
2022-09-06,7300.39990234375
2022-09-07,7237.7998046875
2022-09-08,7262.10009765625
2022-09-09,7351.10009765625
2022-09-12,7473.0
2022-09-13,7385.89990234375
2022-09-14,7277.2998046875
2022-09-15,7282.10009765625
2022-09-16,7236.7001953125
2022-09-20,7192.7001953125
2022-09-21,7237.60009765625
2022-09-22,7159.5
2022-09-23,7018.60009765625
2022-09-26,7021.0
2022-09-27,6984.60009765625
2022-09-28,7005.39990234375
2022-09-29,6881.60009765625
2022-09-30,6893.7998046875
2022-10-03,6908.7998046875
2022-10-04,7086.5
2022-10-05,7052.60009765625
2022-10-06,6997.2998046875
2022-10-07,6991.10009765625
2022-10-10,6959.2998046875
2022-10-11,6885.2001953125
2022-10-12,6826.2001953125
2022-10-13,6850.2998046875
2022-10-14,6858.7998046875
2022-10-17,6920.2001953125
2022-10-18,6936.7001953125
2022-10-19,6925.0
2022-10-20,6943.89990234375
2022-10-21,6969.7001953125
2022-10-24,7014.0
2022-10-25,7013.5
2022-10-26,7056.10009765625
2022-10-27,7073.7001953125
2022-10-28,7047.7001953125
2022-10-31,7094.5
2022-11-01,7186.2001953125
2022-11-02,7144.10009765625
2022-11-03,7188.60009765625
2022-11-04,7334.7998046875
2022-11-07,7300.0
2022-11-08,7306.10009765625
2022-11-09,7296.2998046875
2022-11-10,7375.2998046875
2022-11-11,7318.0
2022-11-14,7385.2001953125
2022-11-15,7369.39990234375
2022-11-16,7351.2001953125
2022-11-17,7346.5
2022-11-18,7385.5
2022-11-21,7376.89990234375
2022-11-22,7452.7998046875
2022-11-23,7465.2001953125
2022-11-24,7466.60009765625
2022-11-25,7486.7001953125
2022-11-28,7474.0
2022-11-29,7512.0
2022-11-30,7573.10009765625
2022-12-01,7558.5
2022-12-02,7556.2001953125
2022-12-05,7567.5
2022-12-06,7521.39990234375
2022-12-07,7489.2001953125
2022-12-08,7472.2001953125
2022-12-09,7476.60009765625
2022-12-12,7446.0
2022-12-13,7502.89990234375
2022-12-14,7495.89990234375
2022-12-15,7426.2001953125
2022-12-16,7332.10009765625
2022-12-19,7361.2998046875
2022-12-20,7370.60009765625
2022-12-21,7497.2998046875
2022-12-22,7469.2998046875
2022-12-23,7473.0
2022-12-28,7497.2001953125
2022-12-29,7512.7001953125
2022-12-30,7451.7001953125
2023-01-03,7554.10009765625
2023-01-04,7585.2001953125
2023-01-05,7633.5
2023-01-06,7699.5
2023-01-09,7724.89990234375
2023-01-10,7694.5
2023-01-11,7725.0
2023-01-12,7794.0
2023-01-13,7844.10009765625
2023-01-16,7860.10009765625
2023-01-17,7851.0
2023-01-18,7830.7001953125
2023-01-19,7747.2998046875
2023-01-20,7770.60009765625
2023-01-23,7784.7001953125
2023-01-24,7757.39990234375
2023-01-25,7744.89990234375
2023-01-26,7761.10009765625
2023-01-27,7765.2001953125
2023-01-30,7784.89990234375
2023-01-31,7771.7001953125
2023-02-01,7761.10009765625
2023-02-02,7820.2001953125
2023-02-03,7901.7998046875
2023-02-06,7836.7001953125
2023-02-07,7864.7001953125
2023-02-08,7885.2001953125
2023-02-09,7911.2001953125
2023-02-10,7882.5
2023-02-13,7947.60009765625
2023-02-14,7953.89990234375
2023-02-15,7997.7998046875
2023-02-16,8012.5
2023-02-17,8004.39990234375
2023-02-20,8014.2998046875
2023-02-21,7977.7998046875
2023-02-22,7930.60009765625
2023-02-23,7907.7001953125
2023-02-24,7878.7001953125
2023-02-27,7935.10009765625
2023-02-28,7876.2998046875
2023-03-01,7914.89990234375
2023-03-02,7944.0
2023-03-03,7947.10009765625
2023-03-06,7929.7998046875
2023-03-07,7919.5
2023-03-08,7929.89990234375
2023-03-09,7880.0
2023-03-10,7748.39990234375
2023-03-13,7548.60009765625
2023-03-14,7637.10009765625
2023-03-15,7344.5
2023-03-16,7410.0
2023-03-17,7335.39990234375
2023-03-20,7403.89990234375
2023-03-21,7536.2001953125
2023-03-22,7566.7998046875
2023-03-23,7499.60009765625
2023-03-24,7405.5
2023-03-27,7471.7998046875
2023-03-28,7484.2998046875
2023-03-29,7564.2998046875
2023-03-30,7620.39990234375
2023-03-31,7631.7001953125
2023-04-03,7673.0
2023-04-04,7634.5
2023-04-05,7662.89990234375
2023-04-06,7741.60009765625
2023-04-11,7785.7001953125
2023-04-12,7824.7998046875
2023-04-13,7843.39990234375
2023-04-14,7871.89990234375
2023-04-17,7879.5
2023-04-18,7909.39990234375
2023-04-19,7898.7998046875
2023-04-20,7902.60009765625
2023-04-21,7914.10009765625
2023-04-24,7912.2001953125
2023-04-25,7891.10009765625
2023-04-26,7852.60009765625
2023-04-27,7831.60009765625
2023-04-28,7870.60009765625
2023-05-02,7773.0
2023-05-03,7788.39990234375
2023-05-04,7702.60009765625
2023-05-05,7778.39990234375
2023-05-09,7764.10009765625
2023-05-10,7741.2998046875
2023-05-11,7730.60009765625
2023-05-12,7754.60009765625
2023-05-15,7777.7001953125
2023-05-16,7751.10009765625
2023-05-17,7723.2001953125
2023-05-18,7742.2998046875
2023-05-19,7756.89990234375
2023-05-22,7771.0
2023-05-23,7763.0
2023-05-24,7627.10009765625
2023-05-25,7570.89990234375
2023-05-26,7627.2001953125
2023-05-30,7522.10009765625
2023-05-31,7446.10009765625
2023-06-01,7490.2998046875
2023-06-02,7607.2998046875
2023-06-05,7600.0
2023-06-06,7628.10009765625
2023-06-07,7624.2998046875
2023-06-08,7599.7001953125
2023-06-09,7562.39990234375
2023-06-12,7570.7001953125
2023-06-13,7594.7998046875
2023-06-14,7602.7001953125
2023-06-15,7628.2998046875
2023-06-16,7642.7001953125
2023-06-19,7588.5
2023-06-20,7569.2998046875
2023-06-21,7559.2001953125
2023-06-22,7502.0
2023-06-23,7461.89990234375
2023-06-26,7453.60009765625
2023-06-27,7461.5
2023-06-28,7500.5
2023-06-29,7471.7001953125
2023-06-30,7531.5
2023-07-03,7527.2998046875
2023-07-04,7519.7001953125
2023-07-05,7442.10009765625
2023-07-06,7280.5
2023-07-07,7256.89990234375
2023-07-10,7273.7998046875
2023-07-11,7282.5
2023-07-12,7416.10009765625
2023-07-13,7440.2001953125
2023-07-14,7434.60009765625
2023-07-17,7406.39990234375
2023-07-18,7453.7001953125
2023-07-19,7588.2001953125
2023-07-20,7646.10009765625
2023-07-21,7663.7001953125
2023-07-24,7678.60009765625
2023-07-25,7691.7998046875
2023-07-26,7676.89990234375
2023-07-27,7692.7998046875
2023-07-28,7694.2998046875
2023-07-31,7699.39990234375
2023-08-01,7666.2998046875
2023-08-02,7561.60009765625
2023-08-03,7529.2001953125
2023-08-04,7564.39990234375
2023-08-07,7554.5
2023-08-08,7527.39990234375
2023-08-09,7587.2998046875
2023-08-10,7618.60009765625
2023-08-11,7524.2001953125
2023-08-14,7507.2001953125
2023-08-15,7389.60009765625
2023-08-16,7356.89990234375
2023-08-17,7310.2001953125
2023-08-18,7262.39990234375
2023-08-21,7257.7998046875
2023-08-22,7270.7998046875
2023-08-23,7320.5
2023-08-24,7333.60009765625
2023-08-25,7338.60009765625
2023-08-29,7465.0
2023-08-30,7473.7001953125
2023-08-31,7439.10009765625
2023-09-01,7464.5
2023-09-04,7452.7998046875
2023-09-05,7437.89990234375
2023-09-06,7426.10009765625
2023-09-07,7441.7001953125
2023-09-08,7478.2001953125
2023-09-11,7496.89990234375
2023-09-12,7527.5
2023-09-13,7526.0
2023-09-14,7673.10009765625
2023-09-15,7711.39990234375
2023-09-18,7652.89990234375
2023-09-19,7660.2001953125
2023-09-20,7731.7001953125
2023-09-21,7678.60009765625
2023-09-22,7683.89990234375
2023-09-25,7624.0
2023-09-26,7625.7001953125
2023-09-27,7593.2001953125
2023-09-28,7601.89990234375
2023-09-29,7608.10009765625
2023-10-02,7510.7001953125
2023-10-03,7470.2001953125
2023-10-04,7412.5
2023-10-05,7451.5
2023-10-06,7494.60009765625
2023-10-09,7492.2001953125
2023-10-10,7628.2001953125
2023-10-11,7620.0
2023-10-12,7644.7998046875
2023-10-13,7599.60009765625
2023-10-16,7630.60009765625
2023-10-17,7675.2001953125
2023-10-18,7588.0
2023-10-19,7499.5
2023-10-20,7402.10009765625
2023-10-23,7374.7998046875
2023-10-24,7389.7001953125
2023-10-25,7414.2998046875
2023-10-26,7354.60009765625
2023-10-27,7291.2998046875
2023-10-30,7327.39990234375
2023-10-31,7321.7001953125
2023-11-01,7342.39990234375
2023-11-02,7446.5
2023-11-03,7417.7001953125
2023-11-06,7417.7998046875
2023-11-07,7410.0
2023-11-08,7401.7001953125
2023-11-09,7455.7001953125
2023-11-10,7360.60009765625
2023-11-13,7425.7998046875
2023-11-14,7440.5
2023-11-15,7486.89990234375
2023-11-16,7411.0
2023-11-17,7504.2998046875
2023-11-20,7496.39990234375
2023-11-21,7482.0
2023-11-22,7469.5
2023-11-23,7483.60009765625
2023-11-24,7488.2001953125
2023-11-27,7460.7001953125
2023-11-28,7455.2001953125
2023-11-29,7423.5
2023-11-30,7453.7998046875
2023-12-01,7529.39990234375
2023-12-04,7513.0
2023-12-05,7489.7998046875
2023-12-06,7515.39990234375
2023-12-07,7513.7001953125
2023-12-08,7554.5
2023-12-11,7544.89990234375
2023-12-12,7542.7998046875
2023-12-13,7548.39990234375
2023-12-14,7649.0
2023-12-15,7576.39990234375
2023-12-18,7614.5
2023-12-19,7638.0
2023-12-20,7715.7001953125
2023-12-21,7694.7001953125
2023-12-22,7697.5
2023-12-27,7725.0
2023-12-28,7722.7001953125
2023-12-29,7733.2001953125
2024-01-02,7721.5
2024-01-03,7682.2998046875
2024-01-04,7723.10009765625
2024-01-05,7689.60009765625
2024-01-08,7694.2001953125
2024-01-09,7684.0
2024-01-10,7651.7998046875
2024-01-11,7576.60009765625
2024-01-12,7624.89990234375
2024-01-15,7594.89990234375
2024-01-16,7558.2998046875
2024-01-17,7446.2998046875
2024-01-18,7459.10009765625
2024-01-19,7461.89990234375
2024-01-22,7487.7001953125
2024-01-23,7485.7001953125
2024-01-24,7527.7001953125
2024-01-25,7529.7001953125
2024-01-26,7635.10009765625
2024-01-29,7632.7001953125
2024-01-30,7666.2998046875
2024-01-31,7630.60009765625
2024-02-01,7622.2001953125
2024-02-02,7615.5
2024-02-05,7612.89990234375
2024-02-06,7681.0
2024-02-07,7628.7998046875
2024-02-08,7595.5
2024-02-09,7572.60009765625
2024-02-12,7573.7001953125
2024-02-13,7512.2998046875
2024-02-14,7568.39990234375
2024-02-15,7597.5
2024-02-16,7711.7001953125
2024-02-19,7728.5
2024-02-20,7719.2001953125
2024-02-21,7662.5
2024-02-22,7684.5
2024-02-23,7706.2998046875
2024-02-26,7684.2998046875
2024-02-27,7683.0
2024-02-28,7625.0
2024-02-29,7630.0
2024-03-01,7682.5
2024-03-04,7640.2998046875
2024-03-05,7646.2001953125
2024-03-06,7679.2998046875
2024-03-07,7692.5
2024-03-08,7659.7001953125
2024-03-11,7669.2001953125
2024-03-12,7747.7998046875
2024-03-13,7772.2001953125
2024-03-14,7743.2001953125
2024-03-15,7727.39990234375
2024-03-18,7722.60009765625
2024-03-19,7738.2998046875
2024-03-20,7737.39990234375
2024-03-21,7882.60009765625
2024-03-22,7930.89990234375
2024-03-25,7917.60009765625
2024-03-26,7931.0
2024-03-27,7932.0
2024-03-28,7952.60009765625
2024-04-02,7935.10009765625
2024-04-03,7937.39990234375
2024-04-04,7975.89990234375
2024-04-05,7911.2001953125
2024-04-08,7943.5
2024-04-09,7934.7998046875
2024-04-10,7961.2001953125
2024-04-11,7923.7998046875
2024-04-12,7995.60009765625
2024-04-15,7965.5
2024-04-16,7820.39990234375
2024-04-17,7848.0
2024-04-18,7877.10009765625
2024-04-19,7895.89990234375
2024-04-22,8023.89990234375
2024-04-23,8044.7998046875
2024-04-24,8040.39990234375
2024-04-25,8078.89990234375
2024-04-26,8139.7998046875
2024-04-29,8147.0
2024-04-30,8144.10009765625
2024-05-01,8121.2001953125
2024-05-02,8172.2001953125
2024-05-03,8213.5
2024-05-07,8313.7001953125
2024-05-08,8354.099609375
2024-05-09,8381.400390625
2024-05-10,8433.7998046875
2024-05-13,8415.0
2024-05-14,8428.099609375
2024-05-15,8445.7998046875
2024-05-16,8438.7001953125
2024-05-17,8420.2998046875
2024-05-20,8424.2001953125
2024-05-21,8416.5
2024-05-22,8370.2998046875
2024-05-23,8339.2001953125
2024-05-24,8317.599609375
2024-05-28,8254.2001953125
2024-05-29,8183.10009765625
2024-05-30,8231.099609375
2024-05-31,8275.400390625
2024-06-03,8262.7998046875
2024-06-04,8232.0
2024-06-05,8247.0
2024-06-06,8285.2998046875
2024-06-07,8245.400390625
2024-06-10,8228.5
2024-06-11,8147.7998046875
2024-06-12,8215.5
2024-06-13,8163.7001953125
2024-06-14,8146.89990234375
2024-06-17,8142.2001953125
2024-06-18,8191.2998046875
2024-06-19,8205.099609375
2024-06-20,8272.5
2024-06-21,8237.7001953125
2024-06-24,8281.599609375
2024-06-25,8247.7998046875
2024-06-26,8225.2998046875
2024-06-27,8179.7001953125
2024-06-28,8164.10009765625
2024-07-01,8166.7998046875
2024-07-02,8121.2001953125
2024-07-03,8171.10009765625
2024-07-04,8241.2998046875
2024-07-05,8203.900390625
2024-07-08,8193.5
2024-07-09,8139.7998046875
2024-07-10,8193.5
2024-07-11,8223.2998046875
2024-07-12,8252.900390625
2024-07-15,8183.0
2024-07-16,8164.89990234375
2024-07-17,8187.5
2024-07-18,8204.900390625
2024-07-19,8155.7001953125
2024-07-22,8198.7998046875
2024-07-23,8167.39990234375
2024-07-24,8153.7001953125
2024-07-25,8186.39990234375
2024-07-26,8285.7001953125
2024-07-29,8292.400390625
2024-07-30,8274.400390625
2024-07-31,8368.0
2024-08-01,8283.400390625
2024-08-02,8174.7001953125
2024-08-05,8008.2001953125
2024-08-06,8026.7001953125
2024-08-07,8166.89990234375
2024-08-08,8145.0
2024-08-09,8168.10009765625
2024-08-12,8210.2998046875
2024-08-13,8235.2001953125
2024-08-14,8281.099609375
2024-08-15,8347.400390625
2024-08-16,8311.400390625
2024-08-19,8356.900390625
2024-08-20,8273.2998046875
2024-08-21,8283.400390625
2024-08-22,8288.0
2024-08-23,8327.7998046875
2024-08-27,8345.5
2024-08-28,8343.900390625
2024-08-29,8379.599609375
2024-08-30,8376.599609375
2024-09-02,8363.7998046875
2024-09-03,8298.5
2024-09-04,8269.599609375
2024-09-05,8241.7001953125
2024-09-06,8181.5
2024-09-09,8270.7998046875
2024-09-10,8206.0
2024-09-11,8193.900390625
2024-09-12,8241.0
2024-09-13,8273.099609375
2024-09-16,8278.400390625
2024-09-17,8309.900390625
2024-09-18,8253.7001953125
2024-09-19,8328.7001953125
2024-09-20,8230.0
2024-09-23,8259.7001953125
2024-09-24,8282.7998046875
2024-09-25,8268.7001953125
2024-09-26,8284.900390625
2024-09-27,8320.7998046875
2024-09-30,8237.0
2024-10-01,8276.7001953125
2024-10-02,8290.900390625
2024-10-03,8282.5
2024-10-04,8280.599609375
2024-10-07,8303.599609375
2024-10-08,8190.60009765625
2024-10-09,8243.7001953125
2024-10-10,8237.7001953125
2024-10-11,8253.7001953125
2024-10-14,8292.7001953125
2024-10-15,8249.2998046875
2024-10-16,8329.099609375
2024-10-17,8385.099609375
2024-10-18,8358.2998046875
2024-10-21,8318.2001953125
2024-10-22,8306.5
2024-10-23,8258.599609375
2024-10-24,8269.400390625
2024-10-25,8248.7998046875
2024-10-28,8285.599609375
2024-10-29,8219.599609375
2024-10-30,8159.60009765625
2024-10-31,8110.10009765625
2024-11-01,8177.2001953125
2024-11-04,8184.2001953125
2024-11-05,8172.39990234375
2024-11-06,8166.7001953125
2024-11-07,8140.7001953125
2024-11-08,8072.39990234375
2024-11-11,8125.2001953125
2024-11-12,8025.7998046875
2024-11-13,8030.2998046875
2024-11-14,8071.2001953125
2024-11-15,8063.60009765625
2024-11-18,8109.2998046875
2024-11-19,8099.0
2024-11-20,8085.10009765625
2024-11-21,8149.2998046875
2024-11-22,8262.099609375
2024-11-25,8291.7001953125
2024-11-26,8258.599609375
2024-11-27,8274.7998046875
2024-11-28,8281.2001953125
2024-11-29,8287.2998046875
2024-12-02,8312.900390625
2024-12-03,8359.400390625
2024-12-04,8335.7998046875
2024-12-05,8349.400390625
2024-12-06,8308.599609375
2024-12-09,8352.099609375
2024-12-10,8280.400390625
2024-12-11,8301.599609375
2024-12-12,8311.7998046875
2024-12-13,8300.2998046875
2024-12-16,8262.099609375
2024-12-17,8195.2001953125
2024-12-18,8199.099609375
2024-12-19,8105.2998046875
2024-12-20,8084.60009765625
2024-12-23,8102.7001953125
2024-12-24,8137.0
2024-12-27,8149.7998046875
2024-12-30,8121.0
2024-12-31,8173.0
2025-01-02,8260.099609375
2025-01-03,8224.0
2025-01-06,8249.7001953125
2025-01-07,8245.2998046875
2025-01-08,8251.0
2025-01-09,8319.7001953125
2025-01-10,8248.5
2025-01-13,8224.2001953125
2025-01-14,8201.5
2025-01-15,8301.099609375
2025-01-16,8391.900390625
2025-01-17,8505.2001953125
2025-01-20,8520.5
2025-01-21,8548.2998046875
2025-01-22,8545.099609375
2025-01-23,8565.2001953125
2025-01-24,8502.400390625
2025-01-27,8503.7001953125
2025-01-28,8533.900390625
2025-01-29,8557.7998046875
2025-01-30,8646.900390625
2025-01-31,8674.0
2025-02-03,8583.599609375
2025-02-04,8570.7998046875
2025-02-05,8623.2998046875
2025-02-06,8727.2998046875
2025-02-07,8700.5
2025-02-10,8767.7998046875
2025-02-11,8777.400390625
2025-02-12,8807.400390625
2025-02-13,8764.7001953125
2025-02-14,8732.5
2025-02-17,8768.0
2025-02-18,8766.7001953125
2025-02-19,8712.5
2025-02-20,8663.0
2025-02-21,8659.400390625
2025-02-24,8659.0
2025-02-25,8668.7001953125
2025-02-26,8731.5
2025-02-27,8756.2001953125
2025-02-28,8809.7001953125
2025-03-03,8871.2998046875
2025-03-04,8759.0
2025-03-05,8755.7998046875
2025-03-06,8682.7998046875
2025-03-07,8679.900390625
2025-03-10,8600.2001953125
2025-03-11,8496.0
2025-03-12,8541.0
2025-03-13,8542.599609375
2025-03-14,8632.2998046875
2025-03-17,8680.2998046875
2025-03-18,8705.2001953125
2025-03-19,8706.7001953125
2025-03-20,8702.0
2025-03-21,8646.7998046875
2025-03-24,8638.0
2025-03-25,8663.7998046875
2025-03-26,8689.599609375
2025-03-27,8666.099609375
2025-03-28,8658.900390625
2025-03-31,8582.7998046875
2025-04-01,8634.7998046875
2025-04-02,8608.5
2025-04-03,8474.7001953125
2025-04-04,8055.0
2025-04-07,7702.10009765625
2025-04-08,7910.5
2025-04-09,7679.5
2025-04-10,7913.2998046875
2025-04-11,7964.2001953125
2025-04-14,8134.2998046875
2025-04-15,8249.099609375
2025-04-16,8275.599609375
2025-04-17,8275.7001953125
2025-04-22,8328.599609375
2025-04-23,8403.2001953125
2025-04-24,8407.400390625
2025-04-25,8415.2998046875
2025-04-28,8417.2998046875
2025-04-29,8463.5
2025-04-30,8494.900390625
2025-05-01,8496.7998046875
2025-05-02,8596.400390625
2025-05-06,8597.400390625
2025-05-07,8559.2998046875
2025-05-08,8531.599609375
2025-05-09,8554.7998046875
2025-05-12,8605.0
2025-05-13,8602.900390625
2025-05-14,8585.0
2025-05-15,8633.7998046875
2025-05-16,8684.599609375
2025-05-19,8699.2998046875
2025-05-20,8781.099609375
2025-05-21,8786.5
2025-05-22,8739.2998046875
2025-05-23,8718.0
2025-05-27,8778.099609375
2025-05-28,8726.0
2025-05-29,8716.5
2025-05-30,8772.400390625
2025-06-02,8774.2998046875
2025-06-03,8787.0
2025-06-04,8801.2998046875
2025-06-05,8811.0
2025-06-06,8837.900390625
2025-06-09,8832.2998046875
2025-06-10,8853.099609375
2025-06-11,8864.400390625
2025-06-12,8884.900390625
2025-06-13,8850.599609375
2025-06-16,8875.2001953125
2025-06-17,8834.0
2025-06-18,8843.5
2025-06-19,8791.7998046875
2025-06-20,8774.7001953125
2025-06-23,8758.0
2025-06-24,8759.0
2025-06-25,8718.7998046875
2025-06-26,8735.599609375
2025-06-27,8798.900390625
2025-06-30,8761.0
2025-07-01,8785.2998046875
2025-07-02,8774.7001953125
2025-07-03,8823.2001953125
2025-07-04,8822.900390625
2025-07-07,8806.5
2025-07-08,8854.2001953125
2025-07-09,8867.0
2025-07-10,8975.7001953125
2025-07-11,8941.099609375
2025-07-14,8998.099609375
2025-07-15,8938.2998046875
2025-07-16,8926.599609375
2025-07-17,8972.599609375
2025-07-18,8992.099609375
2025-07-21,9013.0
2025-07-22,9023.7998046875
2025-07-23,9061.5
2025-07-24,9138.400390625
2025-07-25,9120.2998046875
2025-07-28,9081.400390625
2025-07-29,9136.2998046875
2025-07-30,9136.900390625
2025-07-31,9132.7998046875
2025-08-01,9068.599609375
2025-08-04,9128.2998046875
2025-08-05,9142.7001953125
2025-08-06,9164.2998046875
2025-08-07,9100.7998046875
2025-08-08,9095.7001953125
2025-08-11,9129.7001953125
2025-08-12,9147.7998046875
2025-08-13,9165.2001953125
2025-08-14,9177.2001953125
2025-08-15,9138.900390625
2025-08-18,9157.7001953125
2025-08-19,9189.2001953125
2025-08-20,9288.099609375
2025-08-21,9309.2001953125
2025-08-22,9321.400390625
2025-08-26,9265.7998046875
2025-08-27,9255.5
2025-08-28,9216.7998046875
2025-08-29,9187.2998046875
2025-09-01,9196.2998046875
2025-09-02,9116.7001953125
2025-09-03,9178.0
2025-09-04,9216.900390625
2025-09-05,9208.2001953125
2025-09-08,9221.400390625
2025-09-09,9242.5
2025-09-10,9225.400390625
2025-09-11,9297.599609375
2025-09-12,9283.2998046875
2025-09-15,9277.0
2025-09-16,9195.7001953125
2025-09-17,9208.400390625
2025-09-18,9228.099609375
2025-09-19,9216.7001953125
2025-09-22,9226.7001953125
2025-09-23,9223.2998046875
2025-09-24,9250.400390625
2025-09-25,9214.0
2025-09-26,9284.7998046875
2025-09-29,9299.7998046875
2025-09-30,9350.400390625
2025-10-01,9446.400390625
2025-10-02,9427.7001953125
2025-10-03,9491.2998046875
2025-10-06,9479.099609375
2025-10-07,9483.599609375
2025-10-08,9548.900390625
2025-10-09,9509.400390625
2025-10-10,9427.5
2025-10-13,9442.900390625
2025-10-14,9452.7998046875
2025-10-15,9424.7998046875
2025-10-16,9436.099609375
2025-10-17,9354.599609375
2025-10-20,9403.599609375
2025-10-21,9427.0
2025-10-22,9515.0
2025-10-23,9578.599609375
2025-10-24,9645.599609375
2025-10-27,9653.7998046875
2025-10-28,9696.7001953125
2025-10-29,9756.099609375
2025-10-30,9760.099609375
2025-10-31,9717.2998046875
2025-11-03,9701.400390625
2025-11-04,9715.0
2025-11-05,9777.099609375
2025-11-06,9735.7998046875
2025-11-07,9682.599609375
2025-11-10,9787.2001953125
2025-11-11,9899.599609375
2025-11-12,9911.400390625
2025-11-13,9807.7001953125
2025-11-14,9698.400390625
2025-11-17,9675.400390625
2025-11-18,9552.2998046875
2025-11-19,9507.400390625
2025-11-20,9527.7001953125
2025-11-21,9539.7001953125
2025-11-24,9534.900390625
2025-11-25,9609.5
2025-11-26,9691.599609375
2025-11-27,9693.900390625
2025-11-28,9720.5
2025-12-01,9702.5
2025-12-02,9701.7998046875
2025-12-03,9692.099609375
2025-12-04,9710.900390625
2025-12-05,9667.0
2025-12-08,9645.099609375
2025-12-09,9642.0
2025-12-10,9655.5
2025-12-11,9703.2001953125
2025-12-12,9649.0
2025-12-15,9751.2998046875
2025-12-16,9684.7998046875
2025-12-17,9774.2998046875
2025-12-18,9837.7998046875
2025-12-19,9897.400390625
2025-12-22,9866.0
2025-12-23,9889.2001953125
2025-12-24,9870.7001953125
2025-12-29,9866.5
2025-12-30,9940.7001953125
2025-12-31,9931.400390625
2026-01-02,9951.099609375
2026-01-05,10004.599609375
2026-01-06,10122.7001953125
2026-01-07,10048.2001953125
2026-01-08,10044.7001953125
2026-01-09,10124.599609375
2026-01-12,10140.7001953125
2026-01-13,10137.400390625
2026-01-14,10184.400390625
2026-01-15,10238.900390625
2026-01-16,10235.2998046875
2026-01-19,10195.400390625
2026-01-20,10126.7998046875
2026-01-21,10138.099609375
2026-01-22,10150.099609375
2026-01-23,10143.400390625
2026-01-26,10148.900390625
2026-01-27,10207.7998046875
2026-01-28,10154.400390625
2026-01-29,10171.7998046875
2026-01-30,10223.5
2026-02-02,10341.599609375
2026-02-03,10314.599609375
2026-02-04,10402.2998046875
2026-02-05,10309.2001953125
2026-02-06,10369.7998046875
2026-02-09,10386.2001953125
2026-02-10,10353.7998046875
2026-02-11,10472.099609375
2026-02-12,10402.400390625
2026-02-13,10446.400390625
2026-02-16,10473.7001953125
2026-02-17,10556.2001953125
2026-02-18,10686.2001953125
2026-02-19,10627.0
2026-02-20,10686.900390625
2026-02-23,10684.7001953125
2026-02-24,10680.599609375
2026-02-25,10806.400390625
2026-02-26,10846.7001953125
2026-02-27,10910.599609375
2026-03-02,10780.099609375
2026-03-03,10484.099609375
2026-03-04,10567.7001953125
2026-03-05,10413.900390625
2026-03-06,10284.7998046875
2026-03-09,10249.5
2026-03-10,10412.2001953125
2026-03-11,10353.7998046875
2026-03-12,10305.2001953125
2026-03-13,10261.2001953125
2026-03-16,10317.7001953125
2026-03-17,10403.599609375
2026-03-18,10305.2998046875
2026-03-19,10063.5
2026-03-20,9918.2998046875
2026-03-23,9894.2001953125
2026-03-24,9965.2001953125
2026-03-25,10106.7998046875
2026-03-26,9972.2001953125
2026-03-27,9967.400390625
2026-03-30,10128.0
2026-03-31,10176.5
2026-04-01,10364.7998046875
2026-04-02,10436.2998046875
2026-04-07,10348.7998046875
2026-04-08,10608.900390625
2026-04-09,10603.5
2026-04-10,10600.5
2026-04-13,10583.0
2026-04-14,10609.099609375
2026-04-15,10559.599609375
2026-04-16,10590.0
2026-04-17,10667.599609375
2026-04-20,10609.099609375
2026-04-21,10498.099609375
2026-04-22,10476.5
2026-04-23,10457.0
2026-04-24,10379.099609375
2026-04-27,10321.099609375
2026-04-28,10332.7998046875
2026-04-29,10213.099609375
2026-04-30,10378.7998046875
2026-05-01,10363.900390625
2026-05-05,10219.099609375
2026-05-06,10438.7001953125
2026-05-07,10277.0
2026-05-08,10233.099609375
2026-05-11,10269.400390625
2026-05-12,10265.2998046875
2026-05-13,10325.400390625
2026-05-14,10372.900390625
2026-05-15,10195.400390625
2026-05-18,10323.7998046875
2026-05-19,10330.599609375
2026-05-20,10432.2998046875
2026-05-21,10443.5
2026-05-22,10466.2998046875
2026-05-26,10491.400390625
2026-05-27,10505.0
2026-05-28,10426.0
2026-05-29,10409.2998046875
2026-06-01,10339.0
2026-06-02,10373.5
2026-06-03,10332.2998046875
2026-06-04,10360.2998046875
2026-06-05,10368.099609375
2026-06-08,10373.2001953125
2026-06-09,10227.2998046875
2026-06-10,10254.7998046875
2026-06-11,10303.900390625
2026-06-12,10471.7001953125
2026-06-15,10430.599609375
2026-06-16,10494.2001953125
2026-06-17,10508.599609375
2026-06-18,10399.7001953125
2026-06-19,10363.2998046875
2026-06-22,10437.900390625
2026-06-23,10428.900390625
2026-06-24,10461.599609375
2026-06-25,10529.900390625
2026-06-26,10508.0
2026-06-29,10484.2001953125
2026-06-30,10497.099609375
2026-07-01,10478.2998046875
2026-07-02,10652.900390625
2026-07-03,10679.0
2026-07-06,10651.7998046875
2026-07-07,10665.900390625
2026-07-08,10489.0
2026-07-09,10472.5
2026-07-10,10497.2998046875
2026-07-13,10498.2998046875
2026-07-14,10529.400390625
2026-07-15,10515.900390625
2026-07-16,10572.2001953125
2026-07-17,10600.400390625
2026-07-20,10524.7998046875
2026-07-21,10585.900390625
2026-07-22,10717.0
2026-07-23,10639.2001953125
2026-07-24,10736.2001953125
2026-07-27,10781.7998046875
2026-07-28,10871.0
2026-07-29,10908.400390625
2026-07-30,10897.2998046875
2026-07-31,10868.099609375
2026-08-03,10857.7001953125
2026-08-04,10879.400390625
2026-08-05,10888.2998046875
2026-08-06,10867.900390625
2026-08-07,10901.099609375
2026-08-10,10862.5
2026-08-11,10844.2001953125
2026-08-12,10833.2001953125
2026-08-13,10772.7001953125
2026-08-14,10750.099609375
2026-08-17,10720.2998046875
2026-08-18,10728.0
2026-08-19,10743.400390625
2026-08-20,10748.2001953125
2026-08-21,10816.599609375
2026-08-24,10854.2998046875
2026-08-25,10886.2001953125
2026-08-26,10878.099609375
2026-08-27,10792.5
2026-08-28,10824.2998046875
2026-09-01,10789.2998046875
2026-09-02,10756.5
2026-09-03,10831.5
2026-09-04,10831.099609375
2026-09-07,10822.099609375
2026-09-08,10811.7001953125
2026-09-09,10670.099609375
2026-09-10,10608.900390625
2026-09-11,10650.400390625
2026-09-14,10697.599609375
2026-09-15,10658.099609375
2026-09-16,10688.5
2026-09-17,10816.099609375
2026-09-18,10659.099609375
2026-09-21,10739.0
2026-09-22,10708.2998046875
2026-09-23,10705.2998046875
2026-09-24,10680.0
2026-09-25,10695.2998046875
2026-09-28,10684.900390625
2026-09-29,10723.2802734375
