date,close
2009-06-01,36.11000061035156
2009-06-02,36.13999938964844
2009-06-03,35.439998626708984
2009-06-04,35.75
2009-06-05,35.54999923706055
2009-06-08,35.5
2009-06-09,35.86000061035156
2009-06-10,35.810001373291016
2009-06-11,36.27000045776367
2009-06-12,36.220001220703125
2009-06-15,35.06999969482422
2009-06-16,34.619998931884766
2009-06-17,34.47999954223633
2009-06-18,34.56999969482422
2009-06-19,34.7599983215332
2009-06-22,33.720001220703125
2009-06-23,33.58000183105469
2009-06-24,33.7400016784668
2009-06-25,34.630001068115234
2009-06-26,34.52000045776367
2009-06-29,34.77000045776367
2009-06-30,34.4900016784668
2009-07-01,34.959999084472656
2009-07-02,33.900001525878906
2009-07-06,33.869998931884766
2009-07-07,33.189998626708984
2009-07-08,33.099998474121094
2009-07-09,33.38999938964844
2009-07-10,33.11000061035156
2009-07-13,33.66999816894531
2009-07-14,33.939998626708984
2009-07-15,35.150001525878906
2009-07-16,35.439998626708984
2009-07-17,35.439998626708984
2009-07-20,36.130001068115234
2009-07-21,36.290000915527344
2009-07-22,36.15999984741211
2009-07-23,37.04999923706055
2009-07-24,37.209999084472656
2009-07-27,37.310001373291016
2009-07-28,37.09000015258789
2009-07-29,36.810001373291016
2009-07-30,37.540000915527344
2009-07-31,37.7400016784668
2009-08-03,38.63999938964844
2009-08-04,38.54999923706055
2009-08-05,38.439998626708984
2009-08-06,38.18000030517578
2009-08-07,38.470001220703125
2009-08-10,38.18000030517578
2009-08-11,37.84000015258789
2009-08-12,38.27000045776367
2009-08-13,38.720001220703125
2009-08-14,38.369998931884766
2009-08-17,37.150001525878906
2009-08-18,37.58000183105469
2009-08-19,38.0
2009-08-20,38.369998931884766
2009-08-21,39.13999938964844
2009-08-24,39.13999938964844
2009-08-25,39.310001373291016
2009-08-26,39.18000030517578
2009-08-27,39.310001373291016
2009-08-28,39.310001373291016
2009-08-31,38.86000061035156
2009-09-01,38.040000915527344
2009-09-02,38.06999969482422
2009-09-03,38.380001068115234
2009-09-04,38.91999816894531
2009-09-08,39.540000915527344
2009-09-09,39.93000030517578
2009-09-10,40.380001068115234
2009-09-11,40.33000183105469
2009-09-14,40.41999816894531
2009-09-15,40.58000183105469
2009-09-16,41.31999969482422
2009-09-17,41.20000076293945
2009-09-18,41.25
2009-09-21,40.900001525878906
2009-09-22,41.380001068115234
2009-09-23,40.900001525878906
2009-09-24,40.459999084472656
2009-09-25,40.25
2009-09-28,40.77000045776367
2009-09-29,40.79999923706055
2009-09-30,40.75
2009-10-01,39.689998626708984
2009-10-02,39.369998931884766
2009-10-05,40.0
2009-10-06,40.68000030517578
2009-10-07,40.810001373291016
2009-10-08,41.34000015258789
2009-10-09,41.38999938964844
2009-10-12,41.380001068115234
2009-10-13,41.40999984741211
2009-10-14,42.2599983215332
2009-10-15,42.41999816894531
2009-10-16,42.029998779296875
2009-10-19,42.4900016784668
2009-10-20,42.220001220703125
2009-10-21,42.029998779296875
2009-10-22,42.459999084472656
2009-10-23,41.72999954223633
2009-10-26,41.27000045776367
2009-10-27,41.06999969482422
2009-10-28,39.880001068115234
2009-10-29,41.06999969482422
2009-10-30,39.650001525878906
2009-11-02,40.09000015258789
2009-11-03,40.040000915527344
2009-11-04,40.56999969482422
2009-11-05,41.20000076293945
2009-11-06,41.279998779296875
2009-11-09,42.400001525878906
2009-11-10,42.279998779296875
2009-11-11,42.45000076293945
2009-11-12,41.880001068115234
2009-11-13,42.29999923706055
2009-11-16,43.0
2009-11-17,42.880001068115234
2009-11-18,42.90999984741211
2009-11-19,42.02000045776367
2009-11-20,41.880001068115234
2009-11-23,42.529998779296875
2009-11-24,42.349998474121094
2009-11-25,42.77000045776367
2009-11-27,41.75
2009-11-30,41.790000915527344
2009-12-01,42.689998626708984
2009-12-02,42.88999938964844
2009-12-03,42.540000915527344
2009-12-04,42.72999954223633
2009-12-07,42.540000915527344
2009-12-08,41.939998626708984
2009-12-09,41.81999969482422
2009-12-10,42.119998931884766
2009-12-11,42.220001220703125
2009-12-14,42.5
2009-12-15,42.15999984741211
2009-12-16,42.43000030517578
2009-12-17,41.75
2009-12-18,41.86000061035156
2009-12-21,42.099998474121094
2009-12-22,42.08000183105469
2009-12-23,42.31999969482422
2009-12-24,42.4900016784668
2009-12-28,42.4900016784668
2009-12-29,42.61000061035156
2009-12-30,42.36000061035156
2009-12-31,42.290000915527344
2010-01-04,43.15999984741211
2010-01-05,43.52000045776367
2010-01-06,43.5099983215332
2010-01-07,43.29999923706055
2010-01-08,43.56999969482422
2010-01-11,43.849998474121094
2010-01-12,43.29999923706055
2010-01-13,43.65999984741211
2010-01-14,43.75
2010-01-15,43.31999969482422
2010-01-19,43.81999969482422
2010-01-20,42.869998931884766
2010-01-21,42.060001373291016
2010-01-22,41.09000015258789
2010-01-25,41.529998779296875
2010-01-26,41.279998779296875
2010-01-27,41.279998779296875
2010-01-28,40.58000183105469
2010-01-29,40.04999923706055
2010-02-01,40.790000915527344
2010-02-02,41.45000076293945
2010-02-03,41.099998474121094
2010-02-04,39.61000061035156
2010-02-05,39.4900016784668
2010-02-08,39.189998626708984
2010-02-09,39.9900016784668
2010-02-10,39.97999954223633
2010-02-11,40.369998931884766
2010-02-12,40.18000030517578
2010-02-16,41.02000045776367
2010-02-17,41.119998931884766
2010-02-18,41.33000183105469
2010-02-19,41.18000030517578
2010-02-22,41.2400016784668
2010-02-23,40.779998779296875
2010-02-24,40.970001220703125
2010-02-25,40.70000076293945
2010-02-26,40.91999816894531
2010-03-01,41.4900016784668
2010-03-02,41.63999938964844
2010-03-03,41.900001525878906
2010-03-04,41.77000045776367
2010-03-05,42.61000061035156
2010-03-08,42.56999969482422
2010-03-09,42.5099983215332
2010-03-10,42.68000030517578
2010-03-11,42.900001525878906
2010-03-12,43.04999923706055
2010-03-15,42.93000030517578
2010-03-16,43.36000061035156
2010-03-17,43.68000030517578
2010-03-18,43.40999984741211
2010-03-19,43.04999923706055
2010-03-22,43.220001220703125
2010-03-23,43.5
2010-03-24,42.970001220703125
2010-03-25,42.95000076293945
2010-03-26,43.18000030517578
2010-03-29,43.630001068115234
2010-03-30,43.68000030517578
2010-03-31,43.5099983215332
2010-04-01,44.130001068115234
2010-04-05,44.41999816894531
2010-04-06,44.52000045776367
2010-04-07,44.20000076293945
2010-04-08,44.33000183105469
2010-04-09,44.68000030517578
2010-04-12,44.7599983215332
2010-04-13,44.650001525878906
2010-04-14,45.290000915527344
2010-04-15,45.119998931884766
2010-04-16,44.34000015258789
2010-04-19,44.2599983215332
2010-04-20,44.7599983215332
2010-04-21,44.5
2010-04-22,44.540000915527344
2010-04-23,44.93000030517578
2010-04-26,44.68000030517578
2010-04-27,43.41999816894531
2010-04-28,43.5099983215332
2010-04-29,44.13999938964844
2010-04-30,43.40999984741211
2010-05-03,43.93000030517578
2010-05-04,42.47999954223633
2010-05-05,41.65999984741211
2010-05-06,40.29999923706055
2010-05-07,39.75
2010-05-10,41.95000076293945
2010-05-11,41.65999984741211
2010-05-12,42.290000915527344
2010-05-13,41.900001525878906
2010-05-14,40.95000076293945
2010-05-17,40.970001220703125
2010-05-18,40.25
2010-05-19,40.130001068115234
2010-05-20,38.4900016784668
2010-05-21,39.279998779296875
2010-05-24,38.61000061035156
2010-05-25,38.52000045776367
2010-05-26,38.22999954223633
2010-05-27,39.900001525878906
2010-05-28,39.34000015258789
2010-06-01,38.79999923706055
2010-06-02,40.0
2010-06-03,40.0
2010-06-04,38.43000030517578
2010-06-07,37.900001525878906
2010-06-08,38.47999954223633
2010-06-09,38.349998474121094
2010-06-10,39.619998931884766
2010-06-11,39.7599983215332
2010-06-14,39.7599983215332
2010-06-15,40.79999923706055
2010-06-16,40.790000915527344
2010-06-17,40.84000015258789
2010-06-18,40.779998779296875
2010-06-21,40.90999984741211
2010-06-22,40.369998931884766
2010-06-23,39.93000030517578
2010-06-24,39.279998779296875
2010-06-25,39.540000915527344
2010-06-28,39.209999084472656
2010-06-29,37.970001220703125
2010-06-30,37.599998474121094
2010-07-01,37.83000183105469
2010-07-02,37.68000030517578
2010-07-06,38.15999984741211
2010-07-07,39.22999954223633
2010-07-08,39.650001525878906
2010-07-09,39.88999938964844
2010-07-12,39.689998626708984
2010-07-13,40.310001373291016
2010-07-14,40.459999084472656
2010-07-15,40.5
2010-07-16,39.380001068115234
2010-07-19,39.630001068115234
2010-07-20,40.029998779296875
2010-07-21,39.34000015258789
2010-07-22,40.4900016784668
2010-07-23,40.79999923706055
2010-07-26,41.16999816894531
2010-07-27,41.27000045776367
2010-07-28,40.970001220703125
2010-07-29,41.099998474121094
2010-07-30,41.11000061035156
2010-08-02,42.27000045776367
2010-08-03,42.18000030517578
2010-08-04,42.2400016784668
2010-08-05,42.130001068115234
2010-08-06,42.08000183105469
2010-08-09,42.27000045776367
2010-08-10,42.08000183105469
2010-08-11,40.439998626708984
2010-08-12,40.31999969482422
2010-08-13,40.279998779296875
2010-08-16,40.4900016784668
2010-08-17,40.939998626708984
2010-08-18,41.0099983215332
2010-08-19,40.36000061035156
2010-08-20,40.029998779296875
2010-08-23,39.83000183105469
2010-08-24,39.25
2010-08-25,39.25
2010-08-26,39.11000061035156
2010-08-27,39.900001525878906
2010-08-30,39.27000045776367
2010-08-31,39.349998474121094
2010-09-01,40.560001373291016
2010-09-02,41.029998779296875
2010-09-03,41.38999938964844
2010-09-07,40.86000061035156
2010-09-08,41.18000030517578
2010-09-09,41.459999084472656
2010-09-10,41.54999923706055
2010-09-13,42.2599983215332
2010-09-14,42.400001525878906
2010-09-15,42.4900016784668
2010-09-16,42.400001525878906
2010-09-17,42.22999954223633
2010-09-20,42.970001220703125
2010-09-21,42.810001373291016
2010-09-22,42.70000076293945
2010-09-23,42.33000183105469
2010-09-24,43.31999969482422
2010-09-27,43.16999816894531
2010-09-28,43.2599983215332
2010-09-29,43.29999923706055
2010-09-30,43.209999084472656
2010-10-01,43.599998474121094
2010-10-04,43.15999984741211
2010-10-05,44.189998626708984
2010-10-06,44.38999938964844
2010-10-07,44.16999816894531
2010-10-08,44.529998779296875
2010-10-11,44.560001373291016
2010-10-12,44.5099983215332
2010-10-13,45.060001373291016
2010-10-14,45.130001068115234
2010-10-15,45.0
2010-10-18,45.119998931884766
2010-10-19,44.20000076293945
2010-10-20,44.84000015258789
2010-10-21,44.79999923706055
2010-10-22,44.90999984741211
2010-10-25,45.060001373291016
2010-10-26,44.900001525878906
2010-10-27,44.599998474121094
2010-10-28,44.83000183105469
2010-10-29,44.83000183105469
2010-11-01,44.88999938964844
2010-11-02,45.31999969482422
2010-11-03,45.56999969482422
2010-11-04,46.599998474121094
2010-11-05,46.5099983215332
2010-11-08,46.33000183105469
2010-11-09,45.95000076293945
2010-11-10,46.06999969482422
2010-11-11,45.849998474121094
2010-11-12,45.380001068115234
2010-11-15,45.34000015258789
2010-11-16,44.380001068115234
2010-11-17,44.47999954223633
2010-11-18,45.459999084472656
2010-11-19,45.540000915527344
2010-11-22,45.33000183105469
2010-11-23,44.2599983215332
2010-11-24,44.86000061035156
2010-11-26,44.45000076293945
2010-11-29,44.20000076293945
2010-11-30,43.849998474121094
2010-12-01,44.97999954223633
2010-12-02,45.75
2010-12-03,45.9900016784668
2010-12-06,45.91999816894531
2010-12-07,45.79999923706055
2010-12-08,45.88999938964844
2010-12-09,46.08000183105469
2010-12-10,46.13999938964844
2010-12-13,46.470001220703125
2010-12-14,46.540000915527344
2010-12-15,46.099998474121094
2010-12-16,46.31999969482422
2010-12-17,46.41999816894531
2010-12-20,46.349998474121094
2010-12-21,46.29999923706055
2010-12-22,46.38999938964844
2010-12-23,46.369998931884766
2010-12-27,46.36000061035156
2010-12-28,46.439998626708984
2010-12-29,46.61000061035156
2010-12-30,46.65999984741211
2010-12-31,46.810001373291016
2011-01-03,47.15999984741211
2011-01-04,47.11000061035156
2011-01-05,47.11000061035156
2011-01-06,46.810001373291016
2011-01-07,46.63999938964844
2011-01-10,46.529998779296875
2011-01-11,46.68000030517578
2011-01-12,47.439998626708984
2011-01-13,47.40999984741211
2011-01-14,47.77000045776367
2011-01-18,47.91999816894531
2011-01-19,47.54999923706055
2011-01-20,47.2400016784668
2011-01-21,47.34000015258789
2011-01-24,47.63999938964844
2011-01-25,47.619998931884766
2011-01-26,47.83000183105469
2011-01-27,47.95000076293945
2011-01-28,46.83000183105469
2011-01-31,47.310001373291016
2011-02-01,48.27000045776367
2011-02-02,48.16999816894531
2011-02-03,48.2599983215332
2011-02-04,48.209999084472656
2011-02-07,48.43000030517578
2011-02-08,48.689998626708984
2011-02-09,48.459999084472656
2011-02-10,48.22999954223633
2011-02-11,48.439998626708984
2011-02-14,48.47999954223633
2011-02-15,48.470001220703125
2011-02-16,48.86000061035156
2011-02-17,49.0099983215332
2011-02-18,49.2400016784668
2011-02-22,47.91999816894531
2011-02-23,47.7599983215332
2011-02-24,47.810001373291016
2011-02-25,48.400001525878906
2011-02-28,48.779998779296875
2011-03-01,48.11000061035156
2011-03-02,48.33000183105469
2011-03-03,49.119998931884766
2011-03-04,48.709999084472656
2011-03-07,48.20000076293945
2011-03-08,48.599998474121094
2011-03-09,48.58000183105469
2011-03-10,47.52000045776367
2011-03-11,47.650001525878906
2011-03-14,47.22999954223633
2011-03-15,46.47999954223633
2011-03-16,45.34000015258789
2011-03-17,46.04999923706055
2011-03-18,46.59000015258789
2011-03-21,47.400001525878906
2011-03-22,47.459999084472656
2011-03-23,47.5
2011-03-24,48.02000045776367
2011-03-25,47.77000045776367
2011-03-28,47.630001068115234
2011-03-29,48.02000045776367
2011-03-30,48.41999816894531
2011-03-31,48.36000061035156
2011-04-01,48.72999954223633
2011-04-04,48.869998931884766
2011-04-05,48.90999984741211
2011-04-06,49.15999984741211
2011-04-07,48.970001220703125
2011-04-08,49.04999923706055
2011-04-11,48.83000183105469
2011-04-12,48.400001525878906
2011-04-13,48.560001373291016
2011-04-14,48.619998931884766
2011-04-15,48.56999969482422
2011-04-18,47.880001068115234
2011-04-19,48.279998779296875
2011-04-20,49.130001068115234
2011-04-21,49.470001220703125
2011-04-25,49.369998931884766
2011-04-26,49.86000061035156
2011-04-27,50.369998931884766
2011-04-28,50.540000915527344
2011-04-29,50.689998626708984
2011-05-02,50.619998931884766
2011-05-03,50.209999084472656
2011-05-04,49.779998779296875
2011-05-05,49.08000183105469
2011-05-06,49.25
2011-05-09,49.58000183105469
2011-05-10,49.959999084472656
2011-05-11,49.2400016784668
2011-05-12,49.41999816894531
2011-05-13,48.63999938964844
2011-05-16,48.459999084472656
2011-05-17,48.58000183105469
2011-05-18,48.97999954223633
2011-05-19,49.189998626708984
2011-05-20,48.65999984741211
2011-05-23,47.7599983215332
2011-05-24,47.900001525878906
2011-05-25,48.09000015258789
2011-05-26,48.58000183105469
2011-05-27,48.83000183105469
2011-05-31,49.70000076293945
2011-06-01,48.560001373291016
2011-06-02,48.72999954223633
2011-06-03,48.459999084472656
2011-06-06,47.83000183105469
2011-06-07,48.06999969482422
2011-06-08,47.61000061035156
2011-06-09,48.119998931884766
2011-06-10,47.209999084472656
2011-06-13,47.25
2011-06-14,47.81999969482422
2011-06-15,46.7599983215332
2011-06-16,46.650001525878906
2011-06-17,46.7599983215332
2011-06-20,46.939998626708984
2011-06-21,47.7400016784668
2011-06-22,46.81999969482422
2011-06-23,46.5
2011-06-24,46.119998931884766
2011-06-27,46.4900016784668
2011-06-28,47.06999969482422
2011-06-29,47.689998626708984
2011-06-30,48.25
2011-07-01,48.900001525878906
2011-07-05,48.75
2011-07-06,48.61000061035156
2011-07-07,49.04999923706055
2011-07-08,48.619998931884766
2011-07-11,47.400001525878906
2011-07-12,47.11000061035156
2011-07-13,47.68000030517578
2011-07-14,47.279998779296875
2011-07-15,47.58000183105469
2011-07-18,46.95000076293945
2011-07-19,47.689998626708984
2011-07-20,47.84000015258789
2011-07-21,48.66999816894531
2011-07-22,48.7599983215332
2011-07-25,48.470001220703125
2011-07-26,48.540000915527344
2011-07-27,47.4900016784668
2011-07-28,47.279998779296875
2011-07-29,47.150001525878906
2011-08-01,46.72999954223633
2011-08-02,45.650001525878906
2011-08-03,45.779998779296875
2011-08-04,43.22999954223633
2011-08-05,43.380001068115234
2011-08-08,40.380001068115234
2011-08-09,42.4900016784668
2011-08-10,40.5099983215332
2011-08-11,42.349998474121094
2011-08-12,42.709999084472656
2011-08-15,43.720001220703125
2011-08-16,43.040000915527344
2011-08-17,43.310001373291016
2011-08-18,41.349998474121094
2011-08-19,40.560001373291016
2011-08-22,40.779998779296875
2011-08-23,42.150001525878906
2011-08-24,42.31999969482422
2011-08-25,41.56999969482422
2011-08-26,42.06999969482422
2011-08-29,43.2599983215332
2011-08-30,43.279998779296875
2011-08-31,43.68000030517578
2011-09-01,43.380001068115234
2011-09-02,42.349998474121094
2011-09-06,41.61000061035156
2011-09-07,42.790000915527344
2011-09-08,42.15999984741211
2011-09-09,40.900001525878906
2011-09-12,40.880001068115234
2011-09-13,41.220001220703125
2011-09-14,41.709999084472656
2011-09-15,42.400001525878906
2011-09-16,42.5
2011-09-19,41.79999923706055
2011-09-20,41.709999084472656
2011-09-21,40.5099983215332
2011-09-22,38.84000015258789
2011-09-23,39.209999084472656
2011-09-26,40.02000045776367
2011-09-27,40.779998779296875
2011-09-28,39.970001220703125
2011-09-29,40.52000045776367
2011-09-30,39.119998931884766
2011-10-03,38.0
2011-10-04,38.72999954223633
2011-10-05,39.52000045776367
2011-10-06,40.439998626708984
2011-10-07,40.06999969482422
2011-10-10,41.619998931884766
2011-10-11,41.58000183105469
2011-10-12,42.22999954223633
2011-10-13,42.13999938964844
2011-10-14,42.939998626708984
2011-10-17,41.959999084472656
2011-10-18,42.779998779296875
2011-10-19,42.13999938964844
2011-10-20,42.06999969482422
2011-10-21,43.040000915527344
2011-10-24,43.70000076293945
2011-10-25,42.91999816894531
2011-10-26,43.54999923706055
2011-10-27,45.33000183105469
2011-10-28,45.18000030517578
2011-10-31,43.54999923706055
2011-11-01,42.22999954223633
2011-11-02,42.9900016784668
2011-11-03,43.88999938964844
2011-11-04,43.45000076293945
2011-11-07,43.7599983215332
2011-11-08,44.22999954223633
2011-11-09,42.2400016784668
2011-11-10,42.599998474121094
2011-11-11,43.58000183105469
2011-11-14,43.060001373291016
2011-11-15,43.18000030517578
2011-11-16,42.45000076293945
2011-11-17,41.650001525878906
2011-11-18,41.709999084472656
2011-11-21,40.66999816894531
2011-11-22,40.59000015258789
2011-11-23,39.63999938964844
2011-11-25,39.45000076293945
2011-11-28,40.91999816894531
2011-11-29,41.08000183105469
2011-11-30,43.04999923706055
2011-12-01,42.90999984741211
2011-12-02,42.88999938964844
2011-12-05,43.310001373291016
2011-12-06,43.22999954223633
2011-12-07,43.470001220703125
2011-12-08,42.29999923706055
2011-12-09,43.11000061035156
2011-12-12,42.150001525878906
2011-12-13,41.59000015258789
2011-12-14,41.13999938964844
2011-12-15,41.400001525878906
2011-12-16,41.349998474121094
2011-12-19,40.84000015258789
2011-12-20,41.720001220703125
2011-12-21,41.689998626708984
2011-12-22,42.06999969482422
2011-12-23,42.36000061035156
2011-12-27,42.290000915527344
2011-12-28,41.689998626708984
2011-12-29,42.189998626708984
2011-12-30,42.16999816894531
2012-01-03,42.97999954223633
2012-01-04,42.970001220703125
2012-01-05,42.79999923706055
2012-01-06,42.470001220703125
2012-01-09,42.619998931884766
2012-01-10,43.0
2012-01-11,43.150001525878906
2012-01-12,43.16999816894531
2012-01-13,42.81999969482422
2012-01-17,43.18000030517578
2012-01-18,43.849998474121094
2012-01-19,44.220001220703125
2012-01-20,44.29999923706055
2012-01-23,44.470001220703125
2012-01-24,44.34000015258789
2012-01-25,44.75
2012-01-26,44.70000076293945
2012-01-27,44.75
2012-01-30,44.38999938964844
2012-01-31,44.47999954223633
2012-02-01,45.04999923706055
2012-02-02,45.2599983215332
2012-02-03,45.900001525878906
2012-02-06,45.709999084472656
2012-02-07,45.880001068115234
2012-02-08,46.0099983215332
2012-02-09,46.02000045776367
2012-02-10,45.439998626708984
2012-02-13,45.939998626708984
2012-02-14,45.720001220703125
2012-02-15,45.61000061035156
2012-02-16,46.16999816894531
2012-02-17,46.29999923706055
2012-02-21,46.38999938964844
2012-02-22,46.290000915527344
2012-02-23,46.4900016784668
2012-02-24,46.720001220703125
2012-02-27,46.52000045776367
2012-02-28,46.959999084472656
2012-02-29,46.68000030517578
2012-03-01,47.029998779296875
2012-03-02,46.7400016784668
2012-03-05,46.4900016784668
2012-03-06,45.27000045776367
2012-03-07,45.779998779296875
2012-03-08,46.529998779296875
2012-03-09,46.599998474121094
2012-03-12,46.5099983215332
2012-03-13,47.27000045776367
2012-03-14,47.06999969482422
2012-03-15,47.38999938964844
2012-03-16,47.47999954223633
2012-03-19,47.68000030517578
2012-03-20,47.33000183105469
2012-03-21,47.11000061035156
2012-03-22,46.70000076293945
2012-03-23,46.91999816894531
2012-03-26,47.540000915527344
2012-03-27,47.38999938964844
2012-03-28,47.119998931884766
2012-03-29,46.86000061035156
2012-03-30,47.20000076293945
2012-04-02,47.689998626708984
2012-04-03,47.209999084472656
2012-04-04,46.40999984741211
2012-04-05,46.349998474121094
2012-04-09,45.97999954223633
2012-04-10,45.099998474121094
2012-04-11,45.56999969482422
2012-04-12,46.380001068115234
2012-04-13,45.66999816894531
2012-04-16,45.779998779296875
2012-04-17,46.439998626708984
2012-04-18,46.290000915527344
2012-04-19,46.04999923706055
2012-04-20,46.220001220703125
2012-04-23,45.66999816894531
2012-04-24,45.900001525878906
2012-04-25,46.439998626708984
2012-04-26,46.65999984741211
2012-04-27,46.83000183105469
2012-04-30,46.65999984741211
2012-05-01,46.88999938964844
2012-05-02,46.68000030517578
2012-05-03,46.279998779296875
2012-05-04,45.5
2012-05-07,45.650001525878906
2012-05-08,45.13999938964844
2012-05-09,44.70000076293945
2012-05-10,44.810001373291016
2012-05-11,44.63999938964844
2012-05-14,43.9900016784668
2012-05-15,43.52000045776367
2012-05-16,43.15999984741211
2012-05-17,42.47999954223633
2012-05-18,42.27000045776367
2012-05-21,43.029998779296875
2012-05-22,42.93000030517578
2012-05-23,42.7599983215332
2012-05-24,42.66999816894531
2012-05-25,42.4900016784668
2012-05-29,43.09000015258789
2012-05-30,42.279998779296875
2012-05-31,42.33000183105469
2012-06-01,41.27000045776367
2012-06-04,41.38999938964844
2012-06-05,41.689998626708984
2012-06-06,42.790000915527344
2012-06-07,42.869998931884766
2012-06-08,42.90999984741211
2012-06-11,42.369998931884766
2012-06-12,42.97999954223633
2012-06-13,42.65999984741211
2012-06-14,43.060001373291016
2012-06-15,43.560001373291016
2012-06-18,43.599998474121094
2012-06-19,44.20000076293945
2012-06-20,44.25
2012-06-21,42.529998779296875
2012-06-22,42.81999969482422
2012-06-25,42.040000915527344
2012-06-26,42.279998779296875
2012-06-27,42.65999984741211
2012-06-28,42.59000015258789
2012-06-29,43.869998931884766
2012-07-02,44.130001068115234
2012-07-03,44.560001373291016
2012-07-05,44.15999984741211
2012-07-06,43.65999984741211
2012-07-09,43.560001373291016
2012-07-10,43.27000045776367
2012-07-11,43.31999969482422
2012-07-12,42.970001220703125
2012-07-13,43.599998474121094
2012-07-16,43.540000915527344
2012-07-17,43.77000045776367
2012-07-18,44.09000015258789
2012-07-19,44.33000183105469
2012-07-20,43.70000076293945
2012-07-23,43.0099983215332
2012-07-24,42.630001068115234
2012-07-25,42.709999084472656
2012-07-26,43.65999984741211
2012-07-27,44.54999923706055
2012-07-30,44.529998779296875
2012-07-31,44.22999954223633
2012-08-01,44.18000030517578
2012-08-02,43.7599983215332
2012-08-03,44.81999969482422
2012-08-06,45.06999969482422
2012-08-07,45.43000030517578
2012-08-08,45.43000030517578
2012-08-09,45.540000915527344
2012-08-10,45.619998931884766
2012-08-13,45.52000045776367
2012-08-14,45.540000915527344
2012-08-15,45.47999954223633
2012-08-16,45.97999954223633
2012-08-17,45.9900016784668
2012-08-20,45.970001220703125
2012-08-21,46.0
2012-08-22,45.9900016784668
2012-08-23,45.630001068115234
2012-08-24,45.79999923706055
2012-08-27,45.689998626708984
2012-08-28,45.689998626708984
2012-08-29,45.63999938964844
2012-08-30,45.150001525878906
2012-08-31,45.459999084472656
2012-09-04,45.33000183105469
2012-09-05,45.25
2012-09-06,46.2599983215332
2012-09-07,46.75
2012-09-10,46.400001525878906
2012-09-11,46.72999954223633
2012-09-12,46.93000030517578
2012-09-13,47.75
2012-09-14,48.08000183105469
2012-09-17,47.84000015258789
2012-09-18,47.77000045776367
2012-09-19,47.79999923706055
2012-09-20,47.58000183105469
2012-09-21,47.54999923706055
2012-09-24,47.41999816894531
2012-09-25,46.9900016784668
2012-09-26,46.689998626708984
2012-09-27,47.20000076293945
2012-09-28,46.689998626708984
2012-10-01,46.939998626708984
2012-10-02,47.060001373291016
2012-10-03,47.040000915527344
2012-10-04,47.45000076293945
2012-10-05,47.5099983215332
2012-10-08,47.2599983215332
2012-10-09,46.68000030517578
2012-10-10,46.529998779296875
2012-10-11,46.709999084472656
2012-10-12,46.630001068115234
2012-10-15,46.939998626708984
2012-10-16,47.5099983215332
2012-10-17,47.880001068115234
2012-10-18,47.75
2012-10-19,47.02000045776367
2012-10-22,47.2400016784668
2012-10-23,46.470001220703125
2012-10-24,46.45000076293945
2012-10-25,46.68000030517578
2012-10-26,46.52000045776367
2012-10-31,46.45000076293945
2012-11-01,47.06999969482422
2012-11-02,46.68000030517578
2012-11-05,46.720001220703125
2012-11-06,46.869998931884766
2012-11-07,46.25
2012-11-08,45.77000045776367
2012-11-09,45.72999954223633
2012-11-12,45.779998779296875
2012-11-13,45.54999923706055
2012-11-14,44.970001220703125
2012-11-15,45.02000045776367
2012-11-16,45.18000030517578
2012-11-19,46.060001373291016
2012-11-20,46.06999969482422
2012-11-21,46.220001220703125
2012-11-23,46.939998626708984
2012-11-26,46.84000015258789
2012-11-27,46.58000183105469
2012-11-28,46.900001525878906
2012-11-29,47.209999084472656
2012-11-30,47.189998626708984
2012-12-03,47.119998931884766
2012-12-04,47.130001068115234
2012-12-05,47.36000061035156
2012-12-06,47.4900016784668
2012-12-07,47.56999969482422
2012-12-10,47.66999816894531
2012-12-11,47.91999816894531
2012-12-12,48.02000045776367
2012-12-13,47.75
2012-12-14,47.7599983215332
2012-12-17,48.11000061035156
2012-12-18,48.119998931884766
2012-12-19,47.939998626708984
2012-12-20,48.33000183105469
2012-12-21,47.90999984741211
2012-12-24,47.790000915527344
2012-12-26,47.65999984741211
2012-12-27,47.720001220703125
2012-12-28,47.36000061035156
2012-12-31,48.08000183105469
2013-01-02,49.040000915527344
2013-01-03,48.83000183105469
2013-01-04,49.040000915527344
2013-01-07,48.84000015258789
2013-01-08,48.599998474121094
2013-01-09,48.77000045776367
2013-01-10,49.290000915527344
2013-01-11,49.27000045776367
2013-01-14,49.279998779296875
2013-01-15,49.2400016784668
2013-01-16,49.18000030517578
2013-01-17,49.52000045776367
2013-01-18,49.59000015258789
2013-01-22,49.720001220703125
2013-01-23,49.650001525878906
2013-01-24,49.7400016784668
2013-01-25,50.04999923706055
2013-01-28,49.880001068115234
2013-01-29,50.20000076293945
2013-01-30,50.040000915527344
2013-01-31,49.88999938964844
2013-02-01,50.34000015258789
2013-02-04,49.630001068115234
2013-02-05,49.959999084472656
2013-02-06,49.9900016784668
2013-02-07,49.790000915527344
2013-02-08,50.060001373291016
2013-02-11,49.97999954223633
2013-02-12,50.16999816894531
2013-02-13,50.279998779296875
2013-02-14,50.18000030517578
2013-02-15,50.099998474121094
2013-02-19,50.470001220703125
2013-02-20,49.939998626708984
2013-02-21,49.47999954223633
2013-02-22,49.959999084472656
2013-02-25,49.029998779296875
2013-02-26,49.31999969482422
2013-02-27,49.90999984741211
2013-02-28,49.84000015258789
2013-03-01,49.88999938964844
2013-03-04,50.0
2013-03-05,50.459999084472656
2013-03-06,50.59000015258789
2013-03-07,50.72999954223633
2013-03-08,50.900001525878906
2013-03-11,51.02000045776367
2013-03-12,50.779998779296875
2013-03-13,50.75
2013-03-14,51.029998779296875
2013-03-15,51.0099983215332
2013-03-18,50.56999969482422
2013-03-19,50.400001525878906
2013-03-20,50.75
2013-03-21,50.20000076293945
2013-03-22,50.599998474121094
2013-03-25,50.310001373291016
2013-03-26,50.63999938964844
2013-03-27,50.58000183105469
2013-03-28,50.75
2013-04-01,50.380001068115234
2013-04-02,50.720001220703125
2013-04-03,50.290000915527344
2013-04-04,50.4900016784668
2013-04-05,50.29999923706055
2013-04-08,50.5099983215332
2013-04-09,50.7400016784668
2013-04-10,51.400001525878906
2013-04-11,51.650001525878906
2013-04-12,51.45000076293945
2013-04-15,50.2599983215332
2013-04-16,51.0099983215332
2013-04-17,50.119998931884766
2013-04-18,49.90999984741211
2013-04-19,50.38999938964844
2013-04-22,50.58000183105469
2013-04-23,51.08000183105469
2013-04-24,51.31999969482422
2013-04-25,51.599998474121094
2013-04-26,51.52000045776367
2013-04-29,52.0
2013-04-30,52.189998626708984
2013-05-01,51.77000045776367
2013-05-02,52.08000183105469
2013-05-03,52.650001525878906
2013-05-06,52.720001220703125
2013-05-07,52.91999816894531
2013-05-08,53.369998931884766
2013-05-09,53.02000045776367
2013-05-10,53.119998931884766
2013-05-13,53.099998474121094
2013-05-14,53.43000030517578
2013-05-15,53.630001068115234
2013-05-16,53.33000183105469
2013-05-17,53.7599983215332
2013-05-20,53.90999984741211
2013-05-21,54.029998779296875
2013-05-22,53.5
2013-05-23,53.16999816894531
2013-05-24,52.91999816894531
2013-05-28,53.08000183105469
2013-05-29,52.72999954223633
2013-05-30,52.90999984741211
2013-05-31,51.9900016784668
2013-06-03,52.18000030517578
2013-06-04,51.9900016784668
2013-06-05,51.189998626708984
2013-06-06,51.560001373291016
2013-06-07,52.099998474121094
2013-06-10,52.040000915527344
2013-06-11,51.45000076293945
2013-06-12,51.20000076293945
2013-06-13,51.939998626708984
2013-06-14,51.470001220703125
2013-06-17,52.02000045776367
2013-06-18,52.36000061035156
2013-06-19,51.470001220703125
2013-06-20,49.91999816894531
2013-06-21,50.06999969482422
2013-06-24,49.22999954223633
2013-06-25,49.81999969482422
2013-06-26,50.290000915527344
2013-06-27,50.130001068115234
2013-06-28,50.0
2013-07-01,50.31999969482422
2013-07-02,50.13999938964844
2013-07-03,50.11000061035156
2013-07-05,50.41999816894531
2013-07-08,50.65999984741211
2013-07-09,51.029998779296875
2013-07-10,51.08000183105469
2013-07-11,52.209999084472656
2013-07-12,52.040000915527344
2013-07-15,52.27000045776367
2013-07-16,52.150001525878906
2013-07-17,52.34000015258789
2013-07-18,52.540000915527344
2013-07-19,52.56999969482422
2013-07-22,52.7599983215332
2013-07-23,52.81999969482422
2013-07-24,52.61000061035156
2013-07-25,52.75
2013-07-26,52.65999984741211
2013-07-29,52.380001068115234
2013-07-30,52.279998779296875
2013-07-31,52.290000915527344
2013-08-01,53.02000045776367
2013-08-02,53.18000030517578
2013-08-05,53.099998474121094
2013-08-06,52.790000915527344
2013-08-07,52.56999969482422
2013-08-08,53.0
2013-08-09,52.97999954223633
2013-08-12,52.939998626708984
2013-08-13,53.209999084472656
2013-08-14,53.06999969482422
2013-08-15,52.5
2013-08-16,52.43000030517578
2013-08-19,52.0
2013-08-20,52.060001373291016
2013-08-21,51.560001373291016
2013-08-22,52.02000045776367
2013-08-23,52.349998474121094
2013-08-26,52.099998474121094
2013-08-27,51.22999954223633
2013-08-28,51.279998779296875
2013-08-29,51.369998931884766
2013-08-30,51.09000015258789
2013-09-03,51.599998474121094
2013-09-04,52.04999923706055
2013-09-05,52.150001525878906
2013-09-06,52.31999969482422
2013-09-09,52.970001220703125
2013-09-10,53.459999084472656
2013-09-11,53.650001525878906
2013-09-12,53.380001068115234
2013-09-13,53.560001373291016
2013-09-16,53.939998626708984
2013-09-17,54.06999969482422
2013-09-18,55.16999816894531
2013-09-19,55.02000045776367
2013-09-20,54.66999816894531
2013-09-23,54.540000915527344
2013-09-24,54.43000030517578
2013-09-25,54.34000015258789
2013-09-26,54.529998779296875
2013-09-27,54.29999923706055
2013-09-30,53.91999816894531
2013-10-01,54.36000061035156
2013-10-02,54.34000015258789
2013-10-03,53.959999084472656
2013-10-04,54.25
2013-10-07,53.790000915527344
2013-10-08,53.25
2013-10-09,53.34000015258789
2013-10-10,54.43000030517578
2013-10-11,54.7599983215332
2013-10-14,54.93000030517578
2013-10-15,54.63999938964844
2013-10-16,55.189998626708984
2013-10-17,55.720001220703125
2013-10-18,56.029998779296875
2013-10-21,56.06999969482422
2013-10-22,56.4900016784668
2013-10-23,56.060001373291016
2013-10-24,56.27000045776367
2013-10-25,56.33000183105469
2013-10-28,56.369998931884766
2013-10-29,56.56999969482422
2013-10-30,56.36000061035156
2013-10-31,56.04999923706055
2013-11-01,56.040000915527344
2013-11-04,56.29999923706055
2013-11-05,55.939998626708984
2013-11-06,56.25
2013-11-07,55.38999938964844
2013-11-08,55.939998626708984
2013-11-11,55.959999084472656
2013-11-12,55.79999923706055
2013-11-13,56.13999938964844
2013-11-14,56.41999816894531
2013-11-15,56.83000183105469
2013-11-18,56.77000045776367
2013-11-19,56.619998931884766
2013-11-20,56.27000045776367
2013-11-21,56.63999938964844
2013-11-22,56.88999938964844
2013-11-25,56.720001220703125
2013-11-26,56.65999984741211
2013-11-27,56.81999969482422
2013-11-29,56.91999816894531
2013-12-02,56.59000015258789
2013-12-03,56.310001373291016
2013-12-04,56.150001525878906
2013-12-05,55.88999938964844
2013-12-06,56.54999923706055
2013-12-09,56.63999938964844
2013-12-10,56.529998779296875
2013-12-11,55.880001068115234
2013-12-12,55.4900016784668
2013-12-13,55.470001220703125
2013-12-16,55.90999984741211
2013-12-17,55.689998626708984
2013-12-18,56.130001068115234
2013-12-19,56.060001373291016
2013-12-20,56.310001373291016
2013-12-23,56.68000030517578
2013-12-24,56.86000061035156
2013-12-26,57.09000015258789
2013-12-27,57.27000045776367
2013-12-30,57.380001068115234
2013-12-31,57.619998931884766
2014-01-02,56.79999923706055
2014-01-03,56.77000045776367
2014-01-06,56.59000015258789
2014-01-07,56.88999938964844
2014-01-08,56.869998931884766
2014-01-09,56.81999969482422
2014-01-10,57.189998626708984
2014-01-13,56.63999938964844
2014-01-14,57.13999938964844
2014-01-15,57.380001068115234
2014-01-16,57.33000183105469
2014-01-17,57.130001068115234
2014-01-21,57.279998779296875
2014-01-22,57.36000061035156
2014-01-23,56.849998474121094
2014-01-24,55.5
2014-01-27,55.209999084472656
2014-01-28,55.619998931884766
2014-01-29,55.029998779296875
2014-01-30,55.47999954223633
2014-01-31,54.95000076293945
2014-02-03,53.779998779296875
2014-02-04,54.290000915527344
2014-02-05,54.25
2014-02-06,55.150001525878906
2014-02-07,55.790000915527344
2014-02-10,55.720001220703125
2014-02-11,56.47999954223633
2014-02-12,56.56999969482422
2014-02-13,56.810001373291016
2014-02-14,57.040000915527344
2014-02-18,57.2599983215332
2014-02-19,56.90999984741211
2014-02-20,57.16999816894531
2014-02-21,57.209999084472656
2014-02-24,57.61000061035156
2014-02-25,57.439998626708984
2014-02-26,57.369998931884766
2014-02-27,57.689998626708984
2014-02-28,57.810001373291016
2014-03-03,57.02000045776367
2014-03-04,57.970001220703125
2014-03-05,57.91999816894531
2014-03-06,58.29999923706055
2014-03-07,58.099998474121094
2014-03-10,57.900001525878906
2014-03-11,57.58000183105469
2014-03-12,57.5
2014-03-13,56.689998626708984
2014-03-14,56.5099983215332
2014-03-17,57.13999938964844
2014-03-18,57.52000045776367
2014-03-19,56.97999954223633
2014-03-20,57.11000061035156
2014-03-21,56.97999954223633
2014-03-24,56.90999984741211
2014-03-25,57.349998474121094
2014-03-26,57.15999984741211
2014-03-27,57.31999969482422
2014-03-28,57.720001220703125
2014-03-31,58.13999938964844
2014-04-01,58.560001373291016
2014-04-02,58.70000076293945
2014-04-03,58.58000183105469
2014-04-04,58.150001525878906
2014-04-07,57.7400016784668
2014-04-08,57.939998626708984
2014-04-09,58.599998474121094
2014-04-10,57.47999954223633
2014-04-11,57.040000915527344
2014-04-14,57.43000030517578
2014-04-15,57.41999816894531
2014-04-16,58.119998931884766
2014-04-17,58.29999923706055
2014-04-21,58.43000030517578
2014-04-22,58.650001525878906
2014-04-23,58.47999954223633
2014-04-24,58.52000045776367
2014-04-25,58.09000015258789
2014-04-28,58.2599983215332
2014-04-29,58.63999938964844
2014-04-30,58.83000183105469
2014-05-01,58.79999923706055
2014-05-02,58.77000045776367
2014-05-05,58.77000045776367
2014-05-06,58.5
2014-05-07,58.72999954223633
2014-05-08,58.689998626708984
2014-05-09,58.75
2014-05-12,59.2400016784668
2014-05-13,59.31999969482422
2014-05-14,59.18000030517578
2014-05-15,58.810001373291016
2014-05-16,59.040000915527344
2014-05-19,59.11000061035156
2014-05-20,58.65999984741211
2014-05-21,59.13999938964844
2014-05-22,59.29999923706055
2014-05-23,59.4900016784668
2014-05-27,59.790000915527344
2014-05-28,59.68000030517578
2014-05-29,60.0099983215332
2014-05-30,60.0099983215332
2014-06-02,60.11000061035156
2014-06-03,60.25
2014-06-04,60.130001068115234
2014-06-05,60.52000045776367
2014-06-06,60.84000015258789
2014-06-09,60.880001068115234
2014-06-10,60.91999816894531
2014-06-11,60.599998474121094
2014-06-12,60.380001068115234
2014-06-13,60.52000045776367
2014-06-16,60.5
2014-06-17,60.540000915527344
2014-06-18,61.040000915527344
2014-06-19,61.18000030517578
2014-06-20,61.20000076293945
2014-06-23,61.150001525878906
2014-06-24,60.72999954223633
2014-06-25,60.040000915527344
2014-06-26,60.099998474121094
2014-06-27,60.220001220703125
2014-06-30,60.2599983215332
2014-07-01,60.720001220703125
2014-07-02,60.84000015258789
2014-07-03,61.13999938964844
2014-07-07,60.86000061035156
2014-07-08,60.36000061035156
2014-07-09,60.61000061035156
2014-07-10,60.20000076293945
2014-07-11,60.22999954223633
2014-07-14,60.59000015258789
2014-07-15,60.459999084472656
2014-07-16,60.779998779296875
2014-07-17,60.0099983215332
2014-07-18,60.61000061035156
2014-07-21,60.459999084472656
2014-07-22,60.75
2014-07-23,60.88999938964844
2014-07-24,60.91999816894531
2014-07-25,60.65999984741211
2014-07-28,60.75
2014-07-29,60.47999954223633
2014-07-30,60.5099983215332
2014-07-31,59.38999938964844
2014-08-01,59.13999938964844
2014-08-04,59.560001373291016
2014-08-05,58.86000061035156
2014-08-06,58.810001373291016
2014-08-07,58.41999816894531
2014-08-08,58.9900016784668
2014-08-11,59.20000076293945
2014-08-12,59.18000030517578
2014-08-13,59.52000045776367
2014-08-14,59.79999923706055
2014-08-15,59.810001373291016
2014-08-18,60.2400016784668
2014-08-19,60.47999954223633
2014-08-20,60.5
2014-08-21,60.65999984741211
2014-08-22,60.45000076293945
2014-08-25,60.81999969482422
2014-08-26,60.88999938964844
2014-08-27,60.9900016784668
2014-08-28,60.810001373291016
2014-08-29,60.91999816894531
2014-09-02,60.880001068115234
2014-09-03,61.09000015258789
2014-09-04,60.88999938964844
2014-09-05,61.150001525878906
2014-09-08,60.720001220703125
2014-09-09,60.400001525878906
2014-09-10,60.59000015258789
2014-09-11,60.400001525878906
2014-09-12,60.099998474121094
2014-09-15,60.04999923706055
2014-09-16,60.43000030517578
2014-09-17,60.25
2014-09-18,60.630001068115234
2014-09-19,60.45000076293945
2014-09-22,59.959999084472656
2014-09-23,59.58000183105469
2014-09-24,59.95000076293945
2014-09-25,58.97999954223633
2014-09-26,59.38999938964844
2014-09-29,59.04999923706055
2014-09-30,58.900001525878906
2014-10-01,58.130001068115234
2014-10-02,57.900001525878906
2014-10-03,58.22999954223633
2014-10-06,58.529998779296875
2014-10-07,57.63999938964844
2014-10-08,58.59000015258789
2014-10-09,57.27000045776367
2014-10-10,56.400001525878906
2014-10-13,56.0099983215332
2014-10-14,56.09000015258789
2014-10-15,55.689998626708984
2014-10-16,55.529998779296875
2014-10-17,56.310001373291016
2014-10-20,56.709999084472656
2014-10-21,57.54999923706055
2014-10-22,57.11000061035156
2014-10-23,57.75
2014-10-24,58.08000183105469
2014-10-27,57.91999816894531
2014-10-28,58.650001525878906
2014-10-29,58.38999938964844
2014-10-30,58.83000183105469
2014-10-31,59.61000061035156
2014-11-03,59.36000061035156
2014-11-04,59.08000183105469
2014-11-05,59.31999969482422
2014-11-06,59.2599983215332
2014-11-07,59.400001525878906
2014-11-10,59.529998779296875
2014-11-11,59.72999954223633
2014-11-12,59.540000915527344
2014-11-13,59.630001068115234
2014-11-14,59.709999084472656
2014-11-17,59.619998931884766
2014-11-18,60.060001373291016
2014-11-19,59.959999084472656
2014-11-20,59.91999816894531
2014-11-21,60.439998626708984
2014-11-24,60.59000015258789
2014-11-25,60.560001373291016
2014-11-26,60.79999923706055
2014-11-28,60.43000030517578
2014-12-01,60.04999923706055
2014-12-02,60.310001373291016
2014-12-03,60.470001220703125
2014-12-04,60.33000183105469
2014-12-05,60.38999938964844
2014-12-08,59.83000183105469
2014-12-09,59.63999938964844
2014-12-10,58.7400016784668
2014-12-11,58.779998779296875
2014-12-12,57.790000915527344
2014-12-15,57.15999984741211
2014-12-16,56.9900016784668
2014-12-17,57.459999084472656
2014-12-18,58.709999084472656
2014-12-19,58.869998931884766
2014-12-22,59.220001220703125
2014-12-23,59.20000076293945
2014-12-24,59.310001373291016
2014-12-26,59.54999923706055
2014-12-29,59.41999816894531
2014-12-30,59.029998779296875
2014-12-31,58.5
2015-01-02,58.36000061035156
2015-01-05,57.209999084472656
2015-01-06,56.619998931884766
2015-01-07,57.36000061035156
2015-01-08,58.2599983215332
2015-01-09,57.900001525878906
2015-01-12,57.56999969482422
2015-01-13,57.61000061035156
2015-01-14,57.34000015258789
2015-01-15,57.209999084472656
2015-01-16,57.880001068115234
2015-01-20,58.0099983215332
2015-01-21,58.439998626708984
2015-01-22,59.119998931884766
2015-01-23,58.7599983215332
2015-01-26,59.15999984741211
2015-01-27,58.75
2015-01-28,57.970001220703125
2015-01-29,58.52000045776367
2015-01-30,57.72999954223633
2015-02-02,58.47999954223633
2015-02-03,59.38999938964844
2015-02-04,59.040000915527344
2015-02-05,59.68000030517578
2015-02-06,59.18000030517578
2015-02-09,58.970001220703125
2015-02-10,59.470001220703125
2015-02-11,59.31999969482422
2015-02-12,60.060001373291016
2015-02-13,60.439998626708984
2015-02-17,60.4900016784668
2015-02-18,60.61000061035156
2015-02-19,60.599998474121094
2015-02-20,61.0099983215332
2015-02-23,60.849998474121094
2015-02-24,61.130001068115234
2015-02-25,61.15999984741211
2015-02-26,61.060001373291016
2015-02-27,60.90999984741211
2015-03-02,61.150001525878906
2015-03-03,60.83000183105469
2015-03-04,60.54999923706055
2015-03-05,60.61000061035156
2015-03-06,59.790000915527344
2015-03-09,59.869998931884766
2015-03-10,58.779998779296875
2015-03-11,58.810001373291016
2015-03-12,59.5
2015-03-13,59.119998931884766
2015-03-16,59.83000183105469
2015-03-17,59.77000045776367
2015-03-18,60.7400016784668
2015-03-19,60.220001220703125
2015-03-20,61.119998931884766
2015-03-23,61.18000030517578
2015-03-24,61.0
2015-03-25,60.36000061035156
2015-03-26,60.060001373291016
2015-03-27,60.119998931884766
2015-03-30,60.63999938964844
2015-03-31,60.02000045776367
2015-04-01,60.20000076293945
2015-04-02,60.560001373291016
2015-04-06,61.060001373291016
2015-04-07,60.959999084472656
2015-04-08,61.349998474121094
2015-04-09,61.59000015258789
2015-04-10,61.86000061035156
2015-04-13,61.529998779296875
2015-04-14,61.7599983215332
2015-04-15,62.099998474121094
2015-04-16,62.189998626708984
2015-04-17,61.41999816894531
2015-04-20,61.75
2015-04-21,61.93000030517578
2015-04-22,62.20000076293945
2015-04-23,62.43000030517578
2015-04-24,62.650001525878906
2015-04-27,62.630001068115234
2015-04-28,62.75
2015-04-29,62.38999938964844
2015-04-30,61.7400016784668
2015-05-01,62.29999923706055
2015-05-04,62.439998626708984
2015-05-05,61.650001525878906
2015-05-06,61.47999954223633
2015-05-07,61.4900016784668
2015-05-08,62.470001220703125
2015-05-11,62.099998474121094
2015-05-12,61.970001220703125
2015-05-13,62.130001068115234
2015-05-14,62.790000915527344
2015-05-15,62.90999984741211
2015-05-18,62.86000061035156
2015-05-19,62.75
2015-05-20,62.7400016784668
2015-05-21,62.9900016784668
2015-05-22,62.7400016784668
2015-05-26,61.88999938964844
2015-05-27,62.34000015258789
2015-05-28,62.22999954223633
2015-05-29,61.7400016784668
2015-06-01,61.70000076293945
2015-06-02,61.79999923706055
2015-06-03,62.02000045776367
2015-06-04,61.41999816894531
2015-06-05,61.04999923706055
2015-06-08,60.810001373291016
2015-06-09,60.65999984741211
2015-06-10,61.560001373291016
2015-06-11,61.7400016784668
2015-06-12,61.310001373291016
2015-06-15,60.9900016784668
2015-06-16,61.13999938964844
2015-06-17,61.18000030517578
2015-06-18,61.790000915527344
2015-06-19,61.41999816894531
2015-06-22,62.15999984741211
2015-06-23,62.29999923706055
2015-06-24,61.86000061035156
2015-06-25,60.959999084472656
2015-06-26,60.900001525878906
2015-06-29,59.349998474121094
2015-06-30,59.45000076293945
2015-07-01,59.810001373291016
2015-07-02,59.849998474121094
2015-07-06,59.13999938964844
2015-07-07,59.20000076293945
2015-07-08,58.0
2015-07-09,58.47999954223633
2015-07-10,59.720001220703125
2015-07-13,60.18000030517578
2015-07-14,60.54999923706055
2015-07-15,60.38999938964844
2015-07-16,60.83000183105469
2015-07-17,60.790000915527344
2015-07-20,60.79999923706055
2015-07-21,60.650001525878906
2015-07-22,60.31999969482422
2015-07-23,60.02000045776367
2015-07-24,59.380001068115234
2015-07-27,58.83000183105469
2015-07-28,59.529998779296875
2015-07-29,59.900001525878906
2015-07-30,59.86000061035156
2015-07-31,59.939998626708984
2015-08-03,59.75
2015-08-04,59.689998626708984
2015-08-05,59.939998626708984
2015-08-06,59.540000915527344
2015-08-07,59.439998626708984
2015-08-10,60.220001220703125
2015-08-11,59.41999816894531
2015-08-12,59.209999084472656
2015-08-13,59.150001525878906
2015-08-14,59.290000915527344
2015-08-17,59.310001373291016
2015-08-18,59.029998779296875
2015-08-19,58.47999954223633
2015-08-20,57.189998626708984
2015-08-21,55.560001373291016
2015-08-24,53.459999084472656
2015-08-25,53.36000061035156
2015-08-26,55.16999816894531
2015-08-27,56.349998474121094
2015-08-28,56.29999923706055
2015-08-31,55.86000061035156
2015-09-01,54.029998779296875
2015-09-02,54.97999954223633
2015-09-03,55.09000015258789
2015-09-04,54.04999923706055
2015-09-08,55.47999954223633
2015-09-09,54.939998626708984
2015-09-10,55.310001373291016
2015-09-11,55.41999816894531
2015-09-14,55.150001525878906
2015-09-15,55.70000076293945
2015-09-16,56.47999954223633
2015-09-17,56.400001525878906
2015-09-18,55.25
2015-09-21,55.40999984741211
2015-09-22,54.43000030517578
2015-09-23,54.18000030517578
2015-09-24,53.9900016784668
2015-09-25,54.130001068115234
2015-09-28,52.849998474121094
2015-09-29,52.83000183105469
2015-09-30,53.939998626708984
2015-10-01,54.060001373291016
2015-10-02,54.9900016784668
2015-10-05,56.040000915527344
2015-10-06,55.9900016784668
2015-10-07,56.61000061035156
2015-10-08,57.11000061035156
2015-10-09,57.209999084472656
2015-10-12,57.150001525878906
2015-10-13,56.56999969482422
2015-10-14,56.630001068115234
2015-10-15,57.560001373291016
2015-10-16,57.65999984741211
2015-10-19,57.4900016784668
2015-10-20,57.38999938964844
2015-10-21,57.08000183105469
2015-10-22,57.90999984741211
2015-10-23,58.52000045776367
2015-10-26,58.290000915527344
2015-10-27,57.970001220703125
2015-10-28,58.4900016784668
2015-10-29,58.29999923706055
2015-10-30,58.06999969482422
2015-11-02,58.72999954223633
2015-11-03,58.90999984741211
2015-11-04,58.689998626708984
2015-11-05,58.56999969482422
2015-11-06,58.380001068115234
2015-11-09,57.75
2015-11-10,57.79999923706055
2015-11-11,57.70000076293945
2015-11-12,57.0
2015-11-13,56.40999984741211
2015-11-16,57.16999816894531
2015-11-17,57.189998626708984
2015-11-18,57.86000061035156
2015-11-19,58.0099983215332
2015-11-20,58.13999938964844
2015-11-23,57.90999984741211
2015-11-24,57.959999084472656
2015-11-25,58.0099983215332
2015-11-27,57.93000030517578
2015-11-30,57.7599983215332
2015-12-01,58.33000183105469
2015-12-02,57.7400016784668
2015-12-03,57.099998474121094
2015-12-04,57.91999816894531
2015-12-07,57.41999816894531
2015-12-08,56.849998474121094
2015-12-09,56.54999923706055
2015-12-10,56.5099983215332
2015-12-11,55.41999816894531
2015-12-14,55.619998931884766
2015-12-15,56.16999816894531
2015-12-16,57.150001525878906
2015-12-17,56.36000061035156
2015-12-18,55.560001373291016
2015-12-21,55.310001373291016
2015-12-22,55.7400016784668
2015-12-23,56.540000915527344
2015-12-24,56.470001220703125
2015-12-28,56.29999923706055
2015-12-29,56.790000915527344
2015-12-30,56.380001068115234
2015-12-31,55.81999969482422
2016-01-04,54.83000183105469
2016-01-05,54.880001068115234
2016-01-06,54.04999923706055
2016-01-07,52.790000915527344
2016-01-08,52.18000030517578
2016-01-11,52.2400016784668
2016-01-12,52.58000183105469
2016-01-13,51.5099983215332
2016-01-14,52.2599983215332
2016-01-15,50.779998779296875
2016-01-19,51.08000183105469
2016-01-20,50.2599983215332
2016-01-21,50.540000915527344
2016-01-22,51.81999969482422
2016-01-25,51.04999923706055
2016-01-26,51.900001525878906
2016-01-27,51.470001220703125
2016-01-28,51.75
2016-01-29,52.86000061035156
2016-02-01,52.7599983215332
2016-02-02,51.63999938964844
2016-02-03,52.040000915527344
2016-02-04,52.189998626708984
2016-02-05,51.31999969482422
2016-02-08,50.47999954223633
2016-02-09,50.20000076293945
2016-02-10,50.189998626708984
2016-02-11,49.52000045776367
2016-02-12,50.38999938964844
2016-02-16,51.400001525878906
2016-02-17,52.33000183105469
2016-02-18,52.11000061035156
2016-02-19,52.02000045776367
2016-02-22,52.75
2016-02-23,51.970001220703125
2016-02-24,52.04999923706055
2016-02-25,52.61000061035156
2016-02-26,52.47999954223633
2016-02-29,52.20000076293945
2016-03-01,53.47999954223633
2016-03-02,53.81999969482422
2016-03-03,54.220001220703125
2016-03-04,54.560001373291016
2016-03-07,54.599998474121094
2016-03-08,54.0099983215332
2016-03-09,54.29999923706055
2016-03-10,54.27000045776367
2016-03-11,55.36000061035156
2016-03-14,55.2400016784668
2016-03-15,54.880001068115234
2016-03-16,55.400001525878906
2016-03-17,55.88999938964844
2016-03-18,56.0
2016-03-21,56.0
2016-03-22,55.93000030517578
2016-03-23,55.349998474121094
2016-03-24,55.22999954223633
2016-03-28,55.400001525878906
2016-03-29,55.97999954223633
2016-03-30,56.33000183105469
2016-03-31,56.060001373291016
2016-04-01,56.02000045776367
2016-04-04,55.81999969482422
2016-04-05,55.02000045776367
2016-04-06,55.68000030517578
2016-04-07,54.970001220703125
2016-04-08,55.54999923706055
2016-04-11,55.529998779296875
2016-04-12,56.22999954223633
2016-04-13,56.90999984741211
2016-04-14,56.9900016784668
2016-04-15,56.900001525878906
2016-04-18,57.310001373291016
2016-04-19,57.849998474121094
2016-04-20,57.79999923706055
2016-04-21,57.52000045776367
2016-04-22,57.5099983215332
2016-04-25,57.29999923706055
2016-04-26,57.5
2016-04-27,57.59000015258789
2016-04-28,57.060001373291016
2016-04-29,56.810001373291016
2016-05-02,57.15999984741211
2016-05-03,56.34000015258789
2016-05-04,55.810001373291016
2016-05-05,55.81999969482422
2016-05-06,55.97999954223633
2016-05-09,55.849998474121094
2016-05-10,56.650001525878906
2016-05-11,56.2400016784668
2016-05-12,56.22999954223633
2016-05-13,55.599998474121094
2016-05-16,56.27000045776367
2016-05-17,55.84000015258789
2016-05-18,55.77000045776367
2016-05-19,55.5099983215332
2016-05-20,55.88999938964844
2016-05-23,55.7599983215332
2016-05-24,56.5
2016-05-25,56.970001220703125
2016-05-26,57.08000183105469
2016-05-27,57.13999938964844
2016-05-31,57.0
2016-06-01,57.08000183105469
2016-06-02,57.18000030517578
2016-06-03,57.34000015258789
2016-06-06,57.689998626708984
2016-06-07,57.91999816894531
2016-06-08,58.13999938964844
2016-06-09,57.720001220703125
2016-06-10,56.709999084472656
2016-06-13,56.11000061035156
2016-06-14,55.72999954223633
2016-06-15,55.900001525878906
2016-06-16,55.939998626708984
2016-06-17,56.09000015258789
2016-06-20,56.880001068115234
2016-06-21,57.150001525878906
2016-06-22,56.349998474121094
2016-06-23,57.38999938964844
2016-06-24,54.29999923706055
2016-06-27,53.290000915527344
2016-06-28,54.45000076293945
2016-06-29,55.47999954223633
2016-06-30,56.22999954223633
2016-07-01,56.349998474121094
2016-07-05,55.650001525878906
2016-07-06,55.7400016784668
2016-07-07,55.61000061035156
2016-07-08,56.459999084472656
2016-07-11,56.95000076293945
2016-07-12,57.5
2016-07-13,57.47999954223633
2016-07-14,57.83000183105469
2016-07-15,57.709999084472656
2016-07-18,57.88999938964844
2016-07-19,57.619998931884766
2016-07-20,57.95000076293945
2016-07-21,57.779998779296875
2016-07-22,57.959999084472656
2016-07-25,57.810001373291016
2016-07-26,57.90999984741211
2016-07-27,57.9900016784668
2016-07-28,58.02000045776367
2016-07-29,58.349998474121094
2016-08-01,58.15999984741211
2016-08-02,57.79999923706055
2016-08-03,57.86000061035156
2016-08-04,58.06999969482422
2016-08-05,58.439998626708984
2016-08-08,58.529998779296875
2016-08-09,58.86000061035156
2016-08-10,58.83000183105469
2016-08-11,59.220001220703125
2016-08-12,59.119998931884766
2016-08-15,59.369998931884766
2016-08-16,59.119998931884766
2016-08-17,59.18000030517578
2016-08-18,59.38999938964844
2016-08-19,59.16999816894531
2016-08-22,59.099998474121094
2016-08-23,59.220001220703125
2016-08-24,59.0
2016-08-25,58.869998931884766
2016-08-26,58.630001068115234
2016-08-29,58.88999938964844
2016-08-30,58.779998779296875
2016-08-31,58.54999923706055
2016-09-01,58.7599983215332
2016-09-02,59.220001220703125
2016-09-06,59.630001068115234
2016-09-07,59.619998931884766
2016-09-08,59.459999084472656
2016-09-09,58.08000183105469
2016-09-12,58.72999954223633
2016-09-13,57.689998626708984
2016-09-14,57.63999938964844
2016-09-15,58.25
2016-09-16,57.83000183105469
2016-09-19,57.97999954223633
2016-09-20,58.189998626708984
2016-09-21,59.11000061035156
2016-09-22,59.540000915527344
2016-09-23,59.130001068115234
2016-09-26,58.599998474121094
2016-09-27,58.93000030517578
2016-09-28,59.310001373291016
2016-09-29,58.689998626708984
2016-09-30,59.099998474121094
2016-10-03,58.97999954223633
2016-10-04,58.7400016784668
2016-10-05,59.09000015258789
2016-10-06,59.0
2016-10-07,58.7599983215332
2016-10-10,59.040000915527344
2016-10-11,58.220001220703125
2016-10-12,58.220001220703125
2016-10-13,57.970001220703125
2016-10-14,58.0099983215332
2016-10-17,57.84000015258789
2016-10-18,58.349998474121094
2016-10-19,58.54999923706055
2016-10-20,58.459999084472656
2016-10-21,58.439998626708984
2016-10-24,58.619998931884766
2016-10-25,58.529998779296875
2016-10-26,58.2599983215332
2016-10-27,58.13999938964844
2016-10-28,57.95000076293945
2016-10-31,57.970001220703125
2016-11-01,57.61000061035156
2016-11-02,57.189998626708984
2016-11-03,57.029998779296875
2016-11-04,56.7400016784668
2016-11-07,57.900001525878906
2016-11-08,58.220001220703125
2016-11-09,58.400001525878906
2016-11-10,58.2400016784668
2016-11-11,57.91999816894531
2016-11-14,57.7599983215332
2016-11-15,58.2599983215332
2016-11-16,58.02000045776367
2016-11-17,58.29999923706055
2016-11-18,58.02000045776367
2016-11-21,58.470001220703125
2016-11-22,58.709999084472656
2016-11-23,58.56999969482422
2016-11-25,58.790000915527344
2016-11-28,58.56999969482422
2016-11-29,58.720001220703125
2016-11-30,58.56999969482422
2016-12-01,58.290000915527344
2016-12-02,58.38999938964844
2016-12-05,58.790000915527344
2016-12-06,59.11000061035156
2016-12-07,59.91999816894531
2016-12-08,60.029998779296875
2016-12-09,60.310001373291016
2016-12-12,60.119998931884766
2016-12-13,60.599998474121094
2016-12-14,59.869998931884766
2016-12-15,59.959999084472656
2016-12-16,59.84000015258789
2016-12-19,59.90999984741211
2016-12-20,60.119998931884766
2016-12-21,59.41999816894531
2016-12-22,59.31999969482422
2016-12-23,59.36000061035156
2016-12-27,59.439998626708984
2016-12-28,59.150001525878906
2016-12-29,59.2599983215332
2016-12-30,59.16999816894531
2017-01-03,59.630001068115234
2017-01-04,60.13999938964844
2017-01-05,60.369998931884766
2017-01-06,60.380001068115234
2017-01-09,60.2400016784668
2017-01-10,60.2400016784668
2017-01-11,60.56999969482422
2017-01-12,60.540000915527344
2017-01-13,60.70000076293945
2017-01-17,60.5099983215332
2017-01-18,60.40999984741211
2017-01-19,60.2400016784668
2017-01-20,60.4900016784668
2017-01-23,60.5
2017-01-24,60.83000183105469
2017-01-25,61.43000030517578
2017-01-26,61.310001373291016
2017-01-27,61.189998626708984
2017-01-30,60.79999923706055
2017-01-31,60.88999938964844
2017-02-01,60.91999816894531
2017-02-02,61.0
2017-02-03,61.349998474121094
2017-02-06,61.119998931884766
2017-02-07,61.06999969482422
2017-02-08,61.22999954223633
2017-02-09,61.47999954223633
2017-02-10,61.72999954223633
2017-02-13,62.02000045776367
2017-02-14,62.150001525878906
2017-02-15,62.45000076293945
2017-02-16,62.459999084472656
2017-02-17,62.41999816894531
2017-02-21,62.689998626708984
2017-02-22,62.709999084472656
2017-02-23,62.7400016784668
2017-02-24,62.58000183105469
2017-02-27,62.630001068115234
2017-02-28,62.41999816894531
2017-03-01,63.189998626708984
2017-03-02,62.790000915527344
2017-03-03,62.939998626708984
2017-03-06,62.7599983215332
2017-03-07,62.61000061035156
2017-03-08,62.400001525878906
2017-03-09,62.439998626708984
2017-03-10,62.779998779296875
2017-03-13,63.02000045776367
2017-03-14,62.65999984741211
2017-03-15,63.40999984741211
2017-03-16,63.540000915527344
2017-03-17,63.5099983215332
2017-03-20,63.52000045776367
2017-03-21,62.90999984741211
2017-03-22,63.029998779296875
2017-03-23,63.060001373291016
2017-03-24,63.08000183105469
2017-03-27,63.130001068115234
2017-03-28,63.40999984741211
2017-03-29,63.439998626708984
2017-03-30,63.40999984741211
2017-03-31,63.2599983215332
2017-04-03,63.25
2017-04-04,63.27000045776367
2017-04-05,63.099998474121094
2017-04-06,63.15999984741211
2017-04-07,63.099998474121094
2017-04-10,63.08000183105469
2017-04-11,63.15999984741211
2017-04-12,63.0099983215332
2017-04-13,62.59000015258789
2017-04-17,63.08000183105469
2017-04-18,62.77000045776367
2017-04-19,62.61000061035156
2017-04-20,63.11000061035156
2017-04-21,63.02000045776367
2017-04-24,63.97999954223633
2017-04-25,64.41000366210938
2017-04-26,64.27999877929688
2017-04-27,64.30000305175781
2017-04-28,64.27999877929688
2017-05-01,64.44999694824219
2017-05-02,64.63999938964844
2017-05-03,64.44999694824219
2017-05-04,64.58999633789062
2017-05-05,65.0199966430664
2017-05-08,64.88999938964844
2017-05-09,64.87000274658203
2017-05-10,65.0199966430664
2017-05-11,64.93000030517578
2017-05-12,65.01000213623047
2017-05-15,65.37000274658203
2017-05-16,65.48999786376953
2017-05-17,64.5
2017-05-18,64.58000183105469
2017-05-19,65.25
2017-05-22,65.51000213623047
2017-05-23,65.54000091552734
2017-05-24,65.66999816894531
2017-05-25,65.87000274658203
2017-05-26,65.83000183105469
2017-05-30,65.80000305175781
2017-05-31,65.69999694824219
2017-06-01,66.23999786376953
2017-06-02,66.61000061035156
2017-06-05,66.54000091552734
2017-06-06,66.37000274658203
2017-06-07,66.41000366210938
2017-06-08,66.45999908447266
2017-06-09,66.2300033569336
2017-06-12,66.11000061035156
2017-06-13,66.4800033569336
2017-06-14,66.38999938964844
2017-06-15,66.02999877929688
2017-06-16,66.2699966430664
2017-06-19,66.66000366210938
2017-06-20,65.41000366210938
2017-06-21,65.44000244140625
2017-06-22,65.43000030517578
2017-06-23,65.54000091552734
2017-06-26,65.69999694824219
2017-06-27,65.41999816894531
2017-06-28,65.93000030517578
2017-06-29,65.33000183105469
2017-06-30,65.48999786376953
2017-07-03,65.56999969482422
2017-07-05,65.58000183105469
2017-07-06,65.08999633789062
2017-07-07,65.33999633789062
2017-07-10,65.5
2017-07-11,65.5999984741211
2017-07-12,66.18000030517578
2017-07-13,66.33000183105469
2017-07-14,66.72000122070312
2017-07-17,66.63999938964844
2017-07-18,66.76000213623047
2017-07-19,67.12999725341797
2017-07-20,67.19999694824219
2017-07-21,67.11000061035156
2017-07-24,67.05999755859375
2017-07-25,67.19999694824219
2017-07-26,67.4000015258789
2017-07-27,67.2699966430664
2017-07-28,67.19999694824219
2017-07-31,67.27999877929688
2017-08-01,67.5
2017-08-02,67.54000091552734
2017-08-03,67.4000015258789
2017-08-04,67.52999877929688
2017-08-07,67.58999633789062
2017-08-08,67.4000015258789
2017-08-09,67.31999969482422
2017-08-10,66.33999633789062
2017-08-11,66.3499984741211
2017-08-14,66.94000244140625
2017-08-15,66.8499984741211
2017-08-16,67.16000366210938
2017-08-17,66.27999877929688
2017-08-18,66.33999633789062
2017-08-21,66.4000015258789
2017-08-22,66.94000244140625
2017-08-23,66.83000183105469
2017-08-24,66.79000091552734
2017-08-25,67.05000305175781
2017-08-28,66.98999786376953
2017-08-29,66.94000244140625
2017-08-30,67.13999938964844
2017-08-31,67.55000305175781
2017-09-01,67.70999908447266
2017-09-05,67.19000244140625
2017-09-06,67.5
2017-09-07,67.76000213623047
2017-09-08,67.69000244140625
2017-09-11,68.30999755859375
2017-09-12,68.58999633789062
2017-09-13,68.41000366210938
2017-09-14,68.44000244140625
2017-09-15,68.56999969482422
2017-09-18,68.69999694824219
2017-09-19,68.83999633789062
2017-09-20,68.87000274658203
2017-09-21,68.68000030517578
2017-09-22,68.69000244140625
2017-09-25,68.4000015258789
2017-09-26,68.26000213623047
2017-09-27,68.36000061035156
2017-09-28,68.44000244140625
2017-09-29,68.81999969482422
2017-10-02,68.9000015258789
2017-10-03,69.16999816894531
2017-10-04,69.22000122070312
2017-10-05,69.48999786376953
2017-10-06,69.4000015258789
2017-10-09,69.2699966430664
2017-10-10,69.66000366210938
2017-10-11,69.83999633789062
2017-10-12,69.83000183105469
2017-10-13,70.0
2017-10-16,70.06999969482422
2017-10-17,70.0
2017-10-18,70.11000061035156
2017-10-19,70.05000305175781
2017-10-20,70.31999969482422
2017-10-23,69.9800033569336
2017-10-24,70.0199966430664
2017-10-25,69.7699966430664
2017-10-26,69.75
2017-10-27,70.19000244140625
2017-10-30,70.08000183105469
2017-10-31,70.30000305175781
2017-11-01,70.41999816894531
2017-11-02,70.5199966430664
2017-11-03,70.58999633789062
2017-11-06,70.79000091552734
2017-11-07,70.69999694824219
2017-11-08,70.83999633789062
2017-11-09,70.5
2017-11-10,70.37999725341797
2017-11-13,70.27999877929688
2017-11-14,70.13999938964844
2017-11-15,69.79000091552734
2017-11-16,70.48999786376953
2017-11-17,70.37999725341797
2017-11-20,70.5199966430664
2017-11-21,71.05999755859375
2017-11-22,71.1500015258789
2017-11-24,71.3499984741211
2017-11-27,71.08999633789062
2017-11-28,71.6500015258789
2017-11-29,71.37999725341797
2017-11-30,71.72000122070312
2017-12-01,71.54000091552734
2017-12-04,71.36000061035156
2017-12-05,71.1500015258789
2017-12-06,71.01000213623047
2017-12-07,71.19999694824219
2017-12-08,71.61000061035156
2017-12-11,71.87999725341797
2017-12-12,71.87999725341797
2017-12-13,72.05000305175781
2017-12-14,71.68000030517578
2017-12-15,71.97000122070312
2017-12-18,72.62999725341797
2017-12-19,71.7300033569336
2017-12-20,71.68000030517578
2017-12-21,71.91999816894531
2017-12-22,72.0
2017-12-26,71.91999816894531
2017-12-27,72.0
2017-12-28,72.16000366210938
2017-12-29,72.08999633789062
2018-01-02,72.7699966430664
2018-01-03,73.13999938964844
2018-01-04,73.6500015258789
2018-01-05,74.12999725341797
2018-01-08,74.19999694824219
2018-01-09,74.29000091552734
2018-01-10,74.12000274658203
2018-01-11,74.62999725341797
2018-01-12,75.19999694824219
2018-01-16,75.06999969482422
2018-01-17,75.66000366210938
2018-01-18,75.55999755859375
2018-01-19,75.91999816894531
2018-01-22,76.47000122070312
2018-01-23,76.70999908447266
2018-01-24,76.77999877929688
2018-01-25,76.70999908447266
2018-01-26,77.54000091552734
2018-01-29,76.87000274658203
2018-01-30,76.12000274658203
2018-01-31,76.19999694824219
2018-02-01,76.1500015258789
2018-02-02,74.48999786376953
2018-02-05,71.52999877929688
2018-02-06,73.05000305175781
2018-02-07,72.19999694824219
2018-02-08,69.83000183105469
2018-02-09,70.63999938964844
2018-02-12,71.62000274658203
2018-02-13,71.75
2018-02-14,72.97000122070312
2018-02-15,73.79000091552734
2018-02-16,73.87000274658203
2018-02-20,73.25
2018-02-21,72.93000030517578
2018-02-22,73.08000183105469
2018-02-23,73.98999786376953
2018-02-26,74.77999877929688
2018-02-27,73.63999938964844
2018-02-28,72.79000091552734
2018-03-01,71.87999725341797
2018-03-02,72.20999908447266
2018-03-05,72.77999877929688
2018-03-06,73.16000366210938
2018-03-07,73.11000061035156
2018-03-08,73.37999725341797
2018-03-09,74.33000183105469
2018-03-12,74.36000061035156
2018-03-13,73.86000061035156
2018-03-14,73.70999908447266
2018-03-15,73.68000030517578
2018-03-16,73.6500015258789
2018-03-19,72.87000274658203
2018-03-20,72.97000122070312
2018-03-21,73.04000091552734
2018-03-22,71.30999755859375
2018-03-23,70.08999633789062
2018-03-26,71.7300033569336
2018-03-27,70.69999694824219
2018-03-28,70.75
2018-03-29,71.69999694824219
2018-04-02,70.26000213623047
2018-04-03,71.01000213623047
2018-04-04,71.51000213623047
2018-04-05,72.0199966430664
2018-04-06,70.81999969482422
2018-04-09,71.19000244140625
2018-04-10,72.30000305175781
2018-04-11,71.9800033569336
2018-04-12,72.37999725341797
2018-04-13,72.22000122070312
2018-04-16,72.56999969482422
2018-04-17,73.0999984741211
2018-04-18,73.33999633789062
2018-04-19,73.02999877929688
2018-04-20,72.45999908447266
2018-04-23,72.36000061035156
2018-04-24,71.66999816894531
2018-04-25,71.68000030517578
2018-04-26,72.26000213623047
2018-04-27,72.41000366210938
2018-04-30,71.98999786376953
2018-05-01,71.91000366210938
2018-05-02,71.61000061035156
2018-05-03,71.62000274658203
2018-05-04,72.22000122070312
2018-05-07,72.33999633789062
2018-05-08,72.37000274658203
2018-05-09,72.79000091552734
2018-05-10,73.52999877929688
2018-05-11,73.69000244140625
2018-05-14,73.80000305175781
2018-05-15,73.16000366210938
2018-05-16,73.48999786376953
2018-05-17,73.4000015258789
2018-05-18,73.1500015258789
2018-05-21,73.62000274658203
2018-05-22,73.54000091552734
2018-05-23,73.38999938964844
2018-05-24,73.12000274658203
2018-05-25,72.91000366210938
2018-05-29,71.80000305175781
2018-05-30,72.73999786376953
2018-05-31,72.33000183105469
2018-06-01,73.08000183105469
2018-06-04,73.51000213623047
2018-06-05,73.43000030517578
2018-06-06,74.12999725341797
2018-06-07,73.80000305175781
2018-06-08,73.94999694824219
2018-06-11,74.19000244140625
2018-06-12,74.08999633789062
2018-06-13,73.94000244140625
2018-06-14,73.91999816894531
2018-06-15,73.62999725341797
2018-06-18,73.30999755859375
2018-06-19,72.01000213623047
2018-06-20,72.18000030517578
2018-06-21,71.63999938964844
2018-06-22,72.0199966430664
2018-06-25,71.0
2018-06-26,71.0999984741211
2018-06-27,70.41000366210938
2018-06-28,70.77999877929688
2018-06-29,71.12000274658203
2018-07-02,70.91000366210938
2018-07-03,70.8499984741211
2018-07-05,71.36000061035156
2018-07-06,71.87999725341797
2018-07-09,72.58000183105469
2018-07-10,72.7300033569336
2018-07-11,71.87000274658203
2018-07-12,72.55000305175781
2018-07-13,72.66000366210938
2018-07-16,72.55999755859375
2018-07-17,72.83999633789062
2018-07-18,72.87999725341797
2018-07-19,72.54000091552734
2018-07-20,72.79000091552734
2018-07-23,72.79000091552734
2018-07-24,73.16000366210938
2018-07-25,73.87999725341797
2018-07-26,73.56999969482422
2018-07-27,73.3499984741211
2018-07-30,73.11000061035156
2018-07-31,73.30000305175781
2018-08-01,73.13999938964844
2018-08-02,73.0999984741211
2018-08-03,73.37000274658203
2018-08-06,73.36000061035156
2018-08-07,73.69999694824219
2018-08-08,73.70999908447266
2018-08-09,73.5199966430664
2018-08-10,72.6500015258789
2018-08-13,72.22000122070312
2018-08-14,72.55000305175781
2018-08-15,71.69000244140625
2018-08-16,72.2300033569336
2018-08-17,72.55999755859375
2018-08-20,72.83000183105469
2018-08-21,73.16999816894531
2018-08-22,73.27999877929688
2018-08-23,72.93000030517578
2018-08-24,73.48999786376953
2018-08-27,74.19999694824219
2018-08-28,74.23999786376953
2018-08-29,74.68000030517578
2018-08-30,74.04000091552734
2018-08-31,73.80999755859375
2018-09-04,73.4000015258789
2018-09-05,73.0
2018-09-06,72.73999786376953
2018-09-07,72.44000244140625
2018-09-10,72.55999755859375
2018-09-11,72.77999877929688
2018-09-12,72.91999816894531
2018-09-13,73.41999816894531
2018-09-14,73.4800033569336
2018-09-17,73.23999786376953
2018-09-18,73.76000213623047
2018-09-19,73.94999694824219
2018-09-20,74.6500015258789
2018-09-21,74.69000244140625
2018-09-24,74.33999633789062
2018-09-25,74.48999786376953
2018-09-26,74.44000244140625
2018-09-27,74.44000244140625
2018-09-28,74.26000213623047
2018-10-01,74.47000122070312
2018-10-02,74.22000122070312
2018-10-03,74.16999816894531
2018-10-04,73.37999725341797
2018-10-05,72.94999694824219
2018-10-08,72.83000183105469
2018-10-09,72.69000244140625
2018-10-10,70.58000183105469
2018-10-11,69.38999938964844
2018-10-12,70.2300033569336
2018-10-15,69.8499984741211
2018-10-16,71.26000213623047
2018-10-17,71.06999969482422
2018-10-18,69.93000030517578
2018-10-19,70.06999969482422
2018-10-22,69.88999938964844
2018-10-23,69.3499984741211
2018-10-24,67.43000030517578
2018-10-25,68.38999938964844
2018-10-26,67.47000122070312
2018-10-29,67.02999877929688
2018-10-30,67.98999786376953
2018-10-31,68.73999786376953
2018-11-01,69.69999694824219
2018-11-02,69.56999969482422
2018-11-05,69.77999877929688
2018-11-06,70.08000183105469
2018-11-07,71.36000061035156
2018-11-08,70.77999877929688
2018-11-09,70.18000030517578
2018-11-12,68.88999938964844
2018-11-13,68.98999786376953
2018-11-14,68.73999786376953
2018-11-15,69.4000015258789
2018-11-16,69.58000183105469
2018-11-19,68.52999877929688
2018-11-20,67.27999877929688
2018-11-21,67.9000015258789
2018-11-23,67.44999694824219
2018-11-26,68.44000244140625
2018-11-27,68.5199966430664
2018-11-28,69.91000366210938
2018-11-29,69.62000274658203
2018-11-30,69.83000183105469
2018-12-03,70.7300033569336
2018-12-04,68.75
2018-12-06,68.44999694824219
2018-12-07,67.13999938964844
2018-12-10,66.94000244140625
2018-12-11,67.02999877929688
2018-12-12,67.73999786376953
2018-12-13,67.68000030517578
2018-12-14,66.58999633789062
2018-12-17,65.58000183105469
2018-12-18,64.94999694824219
2018-12-19,64.05000305175781
2018-12-20,63.4900016784668
2018-12-21,62.290000915527344
2018-12-24,61.18000030517578
2018-12-26,63.439998626708984
2018-12-27,63.7400016784668
2018-12-28,63.849998474121094
2018-12-31,64.16000366210938
2019-01-02,64.13999938964844
2019-01-03,63.04999923706055
2019-01-04,65.05999755859375
2019-01-07,65.45999908447266
2019-01-08,65.94000244140625
2019-01-09,66.55000305175781
2019-01-10,66.86000061035156
2019-01-11,66.62000274658203
2019-01-14,66.23999786376953
2019-01-15,66.83999633789062
2019-01-16,67.02999877929688
2019-01-17,67.5199966430664
2019-01-18,68.2300033569336
2019-01-22,67.33000183105469
2019-01-23,67.5
2019-01-24,67.62000274658203
2019-01-25,68.37000274658203
2019-01-28,67.9000015258789
2019-01-29,67.91000366210938
2019-01-30,68.87000274658203
2019-01-31,69.31999969482422
2019-02-01,69.23999786376953
2019-02-04,69.63999938964844
2019-02-05,70.05000305175781
2019-02-06,69.77999877929688
2019-02-07,69.05000305175781
2019-02-08,69.02999877929688
2019-02-11,68.94000244140625
2019-02-12,69.79000091552734
2019-02-13,69.83000183105469
2019-02-14,69.79000091552734
2019-02-15,70.51000213623047
2019-02-19,70.75
2019-02-20,70.94000244140625
2019-02-21,70.7699966430664
2019-02-22,71.19999694824219
2019-02-25,71.37999725341797
2019-02-26,71.43000030517578
2019-02-27,71.27999877929688
2019-02-28,71.02999877929688
2019-03-01,71.41000366210938
2019-03-04,71.19999694824219
2019-03-05,71.20999908447266
2019-03-06,70.86000061035156
2019-03-07,70.12000274658203
2019-03-08,69.94000244140625
2019-03-11,70.87000274658203
2019-03-12,71.13999938964844
2019-03-13,71.55000305175781
2019-03-14,71.4800033569336
2019-03-15,72.05999755859375
2019-03-18,72.45999908447266
2019-03-19,72.5199966430664
2019-03-20,72.33999633789062
2019-03-21,72.8499984741211
2019-03-22,71.33999633789062
2019-03-25,71.33000183105469
2019-03-26,71.81999969482422
2019-03-27,71.48999786376953
2019-03-28,71.69999694824219
2019-03-29,72.1500015258789
2019-04-01,73.02999877929688
2019-04-02,73.0
2019-04-03,73.33999633789062
2019-04-04,73.44999694824219
2019-04-05,73.7300033569336
2019-04-08,73.81999969482422
2019-04-09,73.43000030517578
2019-04-10,73.73999786376953
2019-04-11,73.51000213623047
2019-04-12,74.02999877929688
2019-04-15,74.0
2019-04-16,74.08000183105469
2019-04-17,74.11000061035156
2019-04-18,74.12999725341797
2019-04-22,74.12000274658203
2019-04-23,74.5199966430664
2019-04-24,74.11000061035156
2019-04-25,74.08999633789062
2019-04-26,74.37000274658203
2019-04-29,74.55000305175781
2019-04-30,74.62000274658203
2019-05-01,74.11000061035156
2019-05-02,73.94000244140625
2019-05-03,74.72000122070312
2019-05-06,74.0999984741211
2019-05-07,72.83999633789062
2019-05-08,72.80000305175781
2019-05-09,72.43000030517578
2019-05-10,72.87999725341797
2019-05-13,71.05000305175781
2019-05-14,71.70999908447266
2019-05-15,72.0
2019-05-16,72.54000091552734
2019-05-17,71.98999786376953
2019-05-20,71.55000305175781
2019-05-21,72.19999694824219
2019-05-22,71.91000366210938
2019-05-23,71.0999984741211
2019-05-24,71.48999786376953
2019-05-28,70.87999725341797
2019-05-29,70.47000122070312
2019-05-30,70.77999877929688
2019-05-31,70.08999633789062
2019-06-03,70.22000122070312
2019-06-04,71.36000061035156
2019-06-05,71.61000061035156
2019-06-06,71.98999786376953
2019-06-07,72.75
2019-06-10,73.05999755859375
2019-06-11,73.2699966430664
2019-06-12,72.8499984741211
2019-06-13,73.0999984741211
2019-06-14,72.77999877929688
2019-06-17,71.94000244140625
2019-06-18,72.87000274658203
2019-06-19,73.11000061035156
2019-06-20,73.94000244140625
2019-06-21,73.73999786376953
2019-06-24,73.66000366210938
2019-06-25,73.06999969482422
2019-06-26,73.12000274658203
2019-06-27,73.4000015258789
2019-06-28,73.70999908447266
2019-07-01,74.29000091552734
2019-07-02,74.47000122070312
2019-07-03,74.94000244140625
2019-07-05,74.58999633789062
2019-07-08,74.19999694824219
2019-07-09,74.16000366210938
2019-07-10,74.54000091552734
2019-07-11,74.62999725341797
2019-07-12,74.8499984741211
2019-07-15,74.91000366210938
2019-07-16,74.62999725341797
2019-07-17,74.30000305175781
2019-07-18,74.6500015258789
2019-07-19,74.22000122070312
2019-07-22,74.4000015258789
2019-07-23,74.80999755859375
2019-07-24,75.05000305175781
2019-07-25,74.48999786376953
2019-07-26,74.86000061035156
2019-07-29,74.80999755859375
2019-07-30,74.44999694824219
2019-07-31,73.76000213623047
2019-08-01,73.16000366210938
2019-08-02,72.51000213623047
2019-08-05,70.37000274658203
2019-08-06,71.16999816894531
2019-08-07,71.41999816894531
2019-08-08,72.47000122070312
2019-08-09,71.9800033569336
2019-08-12,71.16999816894531
2019-08-13,72.20999908447266
2019-08-14,70.1500015258789
2019-08-15,70.27999877929688
2019-08-16,71.23999786376953
2019-08-19,71.83999633789062
2019-08-20,71.45999908447266
2019-08-21,72.05000305175781
2019-08-22,71.94000244140625
2019-08-23,70.44000244140625
2019-08-26,71.08999633789062
2019-08-27,70.9000015258789
2019-08-28,71.19000244140625
2019-08-29,71.98999786376953
2019-08-30,72.12999725341797
2019-09-03,71.73999786376953
2019-09-04,72.69999694824219
2019-09-05,73.48999786376953
2019-09-06,73.58999633789062
2019-09-09,73.68000030517578
2019-09-10,73.69000244140625
2019-09-11,74.26000213623047
2019-09-12,74.58000183105469
2019-09-13,74.66000366210938
2019-09-16,74.3499984741211
2019-09-17,74.47000122070312
2019-09-18,74.43000030517578
2019-09-19,74.51000213623047
2019-09-20,74.2300033569336
2019-09-23,74.12999725341797
2019-09-24,73.69000244140625
2019-09-25,73.88999938964844
2019-09-26,73.80999755859375
2019-09-27,73.4000015258789
2019-09-30,73.75
2019-10-01,72.9000015258789
2019-10-02,71.68000030517578
2019-10-03,72.27999877929688
2019-10-04,73.04000091552734
2019-10-07,72.75
2019-10-08,71.79000091552734
2019-10-09,72.41000366210938
2019-10-10,72.9800033569336
2019-10-11,73.97000122070312
2019-10-14,73.7699966430664
2019-10-15,74.51000213623047
2019-10-16,74.52999877929688
2019-10-17,74.70999908447266
2019-10-18,74.45999908447266
2019-10-21,75.0
2019-10-22,74.76000213623047
2019-10-23,75.02999877929688
2019-10-24,75.19999694824219
2019-10-25,75.41000366210938
2019-10-28,75.86000061035156
2019-10-29,75.7699966430664
2019-10-30,75.94999694824219
2019-10-31,75.7699966430664
2019-11-01,76.54000091552734
2019-11-04,76.87000274658203
2019-11-05,76.88999938964844
2019-11-06,76.8499984741211
2019-11-07,77.16999816894531
2019-11-08,77.16999816894531
2019-11-11,76.98999786376953
2019-11-12,76.94000244140625
2019-11-13,76.87000274658203
2019-11-14,76.87999725341797
2019-11-15,77.38999938964844
2019-11-18,77.45999908447266
2019-11-19,77.37000274658203
2019-11-20,77.04000091552734
2019-11-21,77.01000213623047
2019-11-22,77.08000183105469
2019-11-25,77.66999816894531
2019-11-26,77.7300033569336
2019-11-27,78.0199966430664
2019-11-29,77.54000091552734
2019-12-02,77.04000091552734
2019-12-03,76.6500015258789
2019-12-04,77.18000030517578
2019-12-05,77.26000213623047
2019-12-06,77.87000274658203
2019-12-09,77.62000274658203
2019-12-10,77.56999969482422
2019-12-11,77.94000244140625
2019-12-12,78.62999725341797
2019-12-13,78.87999725341797
2019-12-16,78.51000213623047
2019-12-17,78.5
2019-12-18,78.55000305175781
2019-12-19,78.7300033569336
2019-12-20,78.87000274658203
2019-12-23,79.05000305175781
2019-12-24,79.06999969482422
2019-12-26,79.5
2019-12-27,79.55000305175781
2019-12-30,79.06999969482422
2019-12-31,79.25
2020-01-02,80.06999969482422
2020-01-03,79.37999725341797
2020-01-06,79.55999755859375
2020-01-07,79.36000061035156
2020-01-08,79.75
2020-01-09,80.19999694824219
2020-01-10,80.0199966430664
2020-01-13,80.62000274658203
2020-01-14,80.55000305175781
2020-01-15,80.5
2020-01-16,81.08999633789062
2020-01-17,81.30999755859375
2020-01-21,80.87000274658203
2020-01-22,80.93000030517578
2020-01-23,80.94000244140625
2020-01-24,80.2699966430664
2020-01-27,78.77999877929688
2020-01-28,79.5199966430664
2020-01-29,79.51000213623047
2020-01-30,79.51000213623047
2020-01-31,78.11000061035156
2020-02-03,78.63999938964844
2020-02-04,79.98999786376953
2020-02-05,80.75
2020-02-06,80.91000366210938
2020-02-07,80.37999725341797
2020-02-10,80.77999877929688
2020-02-11,81.19000244140625
2020-02-12,81.7300033569336
2020-02-13,81.36000061035156
2020-02-14,81.44000244140625
2020-02-18,81.12000274658203
2020-02-19,81.45999908447266
2020-02-20,80.98999786376953
2020-02-21,80.36000061035156
2020-02-24,77.5999984741211
2020-02-25,75.61000061035156
2020-02-26,75.68000030517578
2020-02-27,73.02999877929688
2020-02-28,72.26000213623047
2020-03-02,74.6500015258789
2020-03-03,72.87000274658203
2020-03-04,75.86000061035156
2020-03-05,73.54000091552734
2020-03-06,72.2300033569336
2020-03-09,66.79000091552734
2020-03-10,69.86000061035156
2020-03-11,66.25
2020-03-12,59.7400016784668
2020-03-13,64.0199966430664
2020-03-16,56.84000015258789
2020-03-17,60.38999938964844
2020-03-18,56.7599983215332
2020-03-19,57.119998931884766
2020-03-20,55.310001373291016
2020-03-23,54.33000183105469
2020-03-24,58.75
2020-03-25,60.36000061035156
2020-03-26,63.540000915527344
2020-03-27,61.68000030517578
2020-03-30,63.040000915527344
2020-03-31,62.56999969482422
2020-04-01,59.70000076293945
2020-04-02,60.900001525878906
2020-04-03,59.9900016784668
2020-04-06,63.689998626708984
2020-04-07,63.7599983215332
2020-04-08,65.30000305175781
2020-04-09,66.25
2020-04-13,65.72000122070312
2020-04-14,67.41000366210938
2020-04-15,65.7300033569336
2020-04-16,66.01000213623047
2020-04-17,67.80999755859375
2020-04-20,66.81999969482422
2020-04-21,64.7699966430664
2020-04-22,66.29000091552734
2020-04-23,66.22000122070312
2020-04-24,66.9000015258789
2020-04-27,67.98999786376953
2020-04-28,68.0
2020-04-29,69.80000305175781
2020-04-30,68.72000122070312
2020-05-01,66.91000366210938
2020-05-04,67.12999725341797
2020-05-05,67.5999984741211
2020-05-06,67.23999786376953
2020-05-07,68.12999725341797
2020-05-08,69.26000213623047
2020-05-11,69.33000183105469
2020-05-12,68.16000366210938
2020-05-13,67.26000213623047
2020-05-14,67.68000030517578
2020-05-15,67.73999786376953
2020-05-18,70.04000091552734
2020-05-19,69.33000183105469
2020-05-20,70.48999786376953
2020-05-21,69.87000274658203
2020-05-22,69.79000091552734
2020-05-26,71.0999984741211
2020-05-27,71.98999786376953
2020-05-28,72.05000305175781
2020-05-29,72.22000122070312
2020-06-01,73.13999938964844
2020-06-02,73.94000244140625
2020-06-03,75.1500015258789
2020-06-04,74.73999786376953
2020-06-05,76.44999694824219
2020-06-08,77.33999633789062
2020-06-09,76.66000366210938
2020-06-10,76.44999694824219
2020-06-11,72.1500015258789
2020-06-12,73.19000244140625
2020-06-15,73.06999969482422
2020-06-16,74.27999877929688
2020-06-17,74.23999786376953
2020-06-18,74.1500015258789
2020-06-19,73.7300033569336
2020-06-22,74.47000122070312
2020-06-23,74.81999969482422
2020-06-24,73.05999755859375
2020-06-25,73.83999633789062
2020-06-26,72.41000366210938
2020-06-29,73.23999786376953
2020-06-30,73.72000122070312
2020-07-01,74.2699966430664
2020-07-02,74.95999908447266
2020-07-06,76.4000015258789
2020-07-07,75.51000213623047
2020-07-08,76.29000091552734
2020-07-09,75.81999969482422
2020-07-10,76.43000030517578
2020-07-13,75.76000213623047
2020-07-14,76.69999694824219
2020-07-15,77.45999908447266
2020-07-16,76.98999786376953
2020-07-17,77.26000213623047
2020-07-20,77.94000244140625
2020-07-21,78.18000030517578
2020-07-22,78.43000030517578
2020-07-23,77.62000274658203
2020-07-24,77.16000366210938
2020-07-27,78.0199966430664
2020-07-28,77.48999786376953
2020-07-29,78.41000366210938
2020-07-30,77.9000015258789
2020-07-31,77.66999816894531
2020-08-03,78.48999786376953
2020-08-04,78.9000015258789
2020-08-05,79.44000244140625
2020-08-06,79.72000122070312
2020-08-07,79.36000061035156
2020-08-10,79.55999755859375
2020-08-11,79.27999877929688
2020-08-12,80.52999877929688
2020-08-13,80.36000061035156
2020-08-14,80.18000030517578
2020-08-17,80.76000213623047
2020-08-18,80.8499984741211
2020-08-19,80.41000366210938
2020-08-20,80.48999786376953
2020-08-21,80.62000274658203
2020-08-24,81.4800033569336
2020-08-25,81.80000305175781
2020-08-26,82.47000122070312
2020-08-27,82.22000122070312
2020-08-28,82.8499984741211
2020-08-31,82.3499984741211
2020-09-01,83.05999755859375
2020-09-02,84.01000213623047
2020-09-03,81.44999694824219
2020-09-04,81.05000305175781
2020-09-08,79.1500015258789
2020-09-09,80.69999694824219
2020-09-10,79.51000213623047
2020-09-11,79.80000305175781
2020-09-14,80.77999877929688
2020-09-15,81.31999969482422
2020-09-16,81.0999984741211
2020-09-17,80.66000366210938
2020-09-18,79.9000015258789
2020-09-21,78.80000305175781
2020-09-22,79.16999816894531
2020-09-23,77.69999694824219
2020-09-24,77.73999786376953
2020-09-25,78.58999633789062
2020-09-28,79.83999633789062
2020-09-29,79.55999755859375
2020-09-30,79.91999816894531
2020-10-01,80.5199966430664
2020-10-02,79.91000366210938
2020-10-05,81.2300033569336
2020-10-06,80.36000061035156
2020-10-07,81.45999908447266
2020-10-08,82.12000274658203
2020-10-09,82.81999969482422
2020-10-12,83.79000091552734
2020-10-13,83.2300033569336
2020-10-14,82.83000183105469
2020-10-15,82.4000015258789
2020-10-16,82.44999694824219
2020-10-19,81.63999938964844
2020-10-20,82.02999877929688
2020-10-21,81.83000183105469
2020-10-22,82.08999633789062
2020-10-23,82.44000244140625
2020-10-26,81.05000305175781
2020-10-27,80.77999877929688
2020-10-28,78.19999694824219
2020-10-29,78.81999969482422
2020-10-30,78.13999938964844
2020-11-02,79.0
2020-11-03,80.44999694824219
2020-11-04,82.1500015258789
2020-11-05,83.81999969482422
2020-11-06,83.93000030517578
2020-11-09,85.1500015258789
2020-11-10,85.08000183105469
2020-11-11,85.79000091552734
2020-11-12,84.86000061035156
2020-11-13,86.0
2020-11-16,87.05999755859375
2020-11-17,86.8499984741211
2020-11-18,86.12000274658203
2020-11-19,86.55999755859375
2020-11-20,86.3499984741211
2020-11-23,86.66999816894531
2020-11-24,87.95999908447266
2020-11-25,87.87000274658203
2020-11-27,88.41000366210938
2020-11-30,87.33000183105469
2020-12-01,88.56999969482422
2020-12-02,88.75
2020-12-03,88.9000015258789
2020-12-04,89.68000030517578
2020-12-07,89.47000122070312
2020-12-08,89.77999877929688
2020-12-09,89.1500015258789
2020-12-10,89.38999938964844
2020-12-11,89.16000366210938
2020-12-14,88.20999908447266
2020-12-15,89.33000183105469
2020-12-16,89.55000305175781
2020-12-17,90.19000244140625
2020-12-18,89.77999877929688
2020-12-21,89.20999908447266
2020-12-22,89.05999755859375
2020-12-23,89.4800033569336
2020-12-24,89.58999633789062
2020-12-28,90.18000030517578
2020-12-29,90.36000061035156
2020-12-30,90.66000366210938
2020-12-31,90.72000122070312
2021-01-04,90.22000122070312
2021-01-05,91.1500015258789
2021-01-06,91.66000366210938
2021-01-07,92.62000274658203
2021-01-08,93.44000244140625
2021-01-11,92.62000274658203
2021-01-12,92.94999694824219
2021-01-13,93.01000213623047
2021-01-14,93.1500015258789
2021-01-15,92.16999816894531
2021-01-19,93.02999877929688
2021-01-20,94.19000244140625
2021-01-21,94.20999908447266
2021-01-22,93.7699966430664
2021-01-25,94.08000183105469
2021-01-26,93.79000091552734
2021-01-27,91.4800033569336
2021-01-28,92.25
2021-01-29,90.44000244140625
2021-02-01,91.9800033569336
2021-02-02,93.1500015258789
2021-02-03,93.30999755859375
2021-02-04,93.94999694824219
2021-02-05,94.48999786376953
2021-02-08,95.19999694824219
2021-02-09,95.38999938964844
2021-02-10,95.41000366210938
2021-02-11,95.87999725341797
2021-02-12,96.33999633789062
2021-02-16,96.5199966430664
2021-02-17,96.33000183105469
2021-02-18,95.66000366210938
2021-02-19,95.83000183105469
2021-02-22,94.83999633789062
2021-02-23,94.91000366210938
2021-02-24,95.44999694824219
2021-02-25,93.33999633789062
2021-02-26,92.51000213623047
2021-03-01,94.63999938964844
2021-03-02,94.02999877929688
2021-03-03,93.0
2021-03-04,91.66999816894531
2021-03-05,92.95999908447266
2021-03-08,92.13999938964844
2021-03-09,93.70999908447266
2021-03-10,94.12999725341797
2021-03-11,95.3499984741211
2021-03-12,95.16999816894531
2021-03-15,95.68000030517578
2021-03-16,95.66999816894531
2021-03-17,95.94999694824219
2021-03-18,94.66000366210938
2021-03-19,94.7300033569336
2021-03-22,95.20999908447266
2021-03-23,94.12999725341797
2021-03-24,93.3499984741211
2021-03-25,93.7699966430664
2021-03-26,95.33000183105469
2021-03-29,95.11000061035156
2021-03-30,94.95999908447266
2021-03-31,95.1500015258789
2021-04-01,96.38999938964844
2021-04-05,97.45999908447266
2021-04-06,97.3499984741211
2021-04-07,97.19000244140625
2021-04-08,97.79000091552734
2021-04-09,98.2300033569336
2021-04-12,97.95999908447266
2021-04-13,98.41999816894531
2021-04-14,98.36000061035156
2021-04-15,99.29000091552734
2021-04-16,99.68000030517578
2021-04-19,99.2699966430664
2021-04-20,98.20999908447266
2021-04-21,99.08000183105469
2021-04-22,98.4800033569336
2021-04-23,99.55000305175781
2021-04-26,99.76000213623047
2021-04-27,99.72000122070312
2021-04-28,99.87999725341797
2021-04-29,100.12000274658203
2021-04-30,99.19000244140625
2021-05-03,99.58000183105469
2021-05-04,98.63999938964844
2021-05-05,99.0
2021-05-06,99.70999908447266
2021-05-07,100.61000061035156
2021-05-10,99.62000274658203
2021-05-11,98.80000305175781
2021-05-12,96.76000213623047
2021-05-13,97.54000091552734
2021-05-14,99.08000183105469
2021-05-17,98.93000030517578
2021-05-18,98.66000366210938
2021-05-19,98.19999694824219
2021-05-20,99.33000183105469
2021-05-21,99.22000122070312
2021-05-24,100.0
2021-05-25,100.0
2021-05-26,100.23999786376953
2021-05-27,100.3499984741211
2021-05-28,100.6500015258789
2021-06-01,100.9800033569336
2021-06-02,101.08999633789062
2021-06-03,100.55999755859375
2021-06-04,101.48999786376953
2021-06-07,101.5199966430664
2021-06-08,101.47000122070312
2021-06-09,101.20999908447266
2021-06-10,100.98999786376953
2021-06-11,101.18000030517578
2021-06-14,101.44000244140625
2021-06-15,101.23999786376953
2021-06-16,100.58999633789062
2021-06-17,100.4000015258789
2021-06-18,99.06999969482422
2021-06-21,100.23999786376953
2021-06-22,100.6500015258789
2021-06-23,100.45999908447266
2021-06-24,101.16999816894531
2021-06-25,101.58000183105469
2021-06-28,101.55000305175781
2021-06-29,101.58999633789062
2021-06-30,101.19000244140625
2021-07-01,101.61000061035156
2021-07-02,102.08000183105469
2021-07-06,101.6500015258789
2021-07-07,101.87000274658203
2021-07-08,100.75
2021-07-09,102.08000183105469
2021-07-12,102.37999725341797
2021-07-13,102.02999877929688
2021-07-14,102.16999816894531
2021-07-15,101.73999786376953
2021-07-16,100.97000122070312
2021-07-19,99.44000244140625
2021-07-20,100.54000091552734
2021-07-21,101.5999984741211
2021-07-22,101.7699966430664
2021-07-23,102.41000366210938
2021-07-26,102.3499984741211
2021-07-27,101.66000366210938
2021-07-28,102.12999725341797
2021-07-29,102.69000244140625
2021-07-30,102.11000061035156
2021-08-02,102.16000366210938
2021-08-03,102.88999938964844
2021-08-04,102.68000030517578
2021-08-05,103.12000274658203
2021-08-06,102.94999694824219
2021-08-09,103.0
2021-08-10,103.12999725341797
2021-08-11,103.44999694824219
2021-08-12,103.5
2021-08-13,103.76000213623047
2021-08-16,103.62000274658203
2021-08-17,102.66000366210938
2021-08-18,101.95999908447266
2021-08-19,101.41999816894531
2021-08-20,102.0199966430664
2021-08-23,103.05000305175781
2021-08-24,103.5199966430664
2021-08-25,103.6500015258789
2021-08-26,102.98999786376953
2021-08-27,103.9800033569336
2021-08-30,104.26000213623047
2021-08-31,104.33000183105469
2021-09-01,104.76000213623047
2021-09-02,105.05000305175781
2021-09-03,105.29000091552734
2021-09-07,105.12999725341797
2021-09-08,104.56999969482422
2021-09-09,104.29000091552734
2021-09-10,103.68000030517578
2021-09-13,104.05999755859375
2021-09-14,103.44000244140625
2021-09-15,104.05999755859375
2021-09-16,103.79000091552734
2021-09-17,102.76000213623047
2021-09-20,100.94999694824219
2021-09-21,101.19000244140625
2021-09-22,102.12000274658203
2021-09-23,103.23999786376953
2021-09-24,102.94999694824219
2021-09-27,102.83999633789062
2021-09-28,100.80999755859375
2021-09-29,100.63999938964844
2021-09-30,99.91999816894531
2021-10-01,100.76000213623047
2021-10-04,99.5199966430664
2021-10-05,100.37999725341797
2021-10-06,100.45999908447266
2021-10-07,101.55999755859375
2021-10-08,101.44999694824219
2021-10-11,100.8499984741211
2021-10-12,100.72000122070312
2021-10-13,101.4800033569336
2021-10-14,102.79000091552734
2021-10-15,103.62999725341797
2021-10-18,103.69000244140625
2021-10-19,104.56999969482422
2021-10-20,104.87999725341797
2021-10-21,104.9000015258789
2021-10-22,104.91000366210938
2021-10-25,105.2699966430664
2021-10-26,105.20999908447266
2021-10-27,104.69000244140625
2021-10-28,105.5999984741211
2021-10-29,105.30999755859375
2021-11-01,105.83999633789062
2021-11-02,105.9000015258789
2021-11-03,106.58000183105469
2021-11-04,106.80999755859375
2021-11-05,107.0199966430664
2021-11-08,107.22000122070312
2021-11-09,106.94999694824219
2021-11-10,105.9800033569336
2021-11-11,106.33000183105469
2021-11-12,107.06999969482422
2021-11-15,107.01000213623047
2021-11-16,107.2300033569336
2021-11-17,106.93000030517578
2021-11-18,106.95999908447266
2021-11-19,106.58000183105469
2021-11-22,105.94000244140625
2021-11-23,105.91000366210938
2021-11-24,105.94999694824219
2021-11-26,103.37000274658203
2021-11-29,104.30000305175781
2021-11-30,102.87999725341797
2021-12-01,101.73999786376953
2021-12-02,103.20999908447266
2021-12-03,102.33000183105469
2021-12-06,103.36000061035156
2021-12-07,105.5999984741211
2021-12-08,105.9000015258789
2021-12-09,105.05999755859375
2021-12-10,105.62999725341797
2021-12-13,103.56999969482422
2021-12-14,103.01000213623047
2021-12-15,104.29000091552734
2021-12-16,103.79000091552734
2021-12-17,102.7699966430664
2021-12-20,101.80000305175781
2021-12-21,103.45999908447266
2021-12-22,104.43000030517578
2021-12-23,105.0999984741211
2021-12-27,106.25
2021-12-28,106.13999938964844
2021-12-29,106.1500015258789
2021-12-30,105.94999694824219
2021-12-31,105.77999877929688
2022-01-03,106.33999633789062
2022-01-04,106.25
2022-01-05,104.5199966430664
2022-01-06,104.30000305175781
2022-01-07,104.27999877929688
2022-01-10,103.9800033569336
2022-01-11,105.22000122070312
2022-01-12,105.86000061035156
2022-01-13,104.44000244140625
2022-01-14,104.47000122070312
2022-01-18,102.66000366210938
2022-01-19,102.04000091552734
2022-01-20,101.23999786376953
2022-01-21,99.5199966430664
2022-01-24,99.36000061035156
2022-01-25,98.36000061035156
2022-01-26,97.87000274658203
2022-01-27,97.37000274658203
2022-01-28,98.93000030517578
2022-01-31,100.97000122070312
2022-02-01,101.75
2022-02-02,102.4000015258789
2022-02-03,100.44000244140625
2022-02-04,100.88999938964844
2022-02-07,100.69000244140625
2022-02-08,101.47000122070312
2022-02-09,103.06999969482422
2022-02-10,101.58000183105469
2022-02-11,99.6500015258789
2022-02-14,99.27999877929688
2022-02-15,101.0199966430664
2022-02-16,101.25
2022-02-17,99.29000091552734
2022-02-18,98.55000305175781
2022-02-22,97.41000366210938
2022-02-23,96.02999877929688
2022-02-24,96.43000030517578
2022-02-25,98.56999969482422
2022-02-28,97.87999725341797
2022-03-01,96.22000122070312
2022-03-02,97.5999984741211
2022-03-03,96.61000061035156
2022-03-04,95.18000030517578
2022-03-07,92.22000122070312
2022-03-08,92.11000061035156
2022-03-09,94.9000015258789
2022-03-10,94.1500015258789
2022-03-11,92.8499984741211
2022-03-14,92.25
2022-03-15,93.69000244140625
2022-03-16,96.86000061035156
2022-03-17,97.8499984741211
2022-03-18,98.93000030517578
2022-03-21,98.58000183105469
2022-03-22,99.7699966430664
2022-03-23,98.6500015258789
2022-03-24,99.79000091552734
2022-03-25,99.9800033569336
2022-03-28,100.37000274658203
2022-03-29,101.9800033569336
2022-03-30,101.41000366210938
2022-03-31,99.77999877929688
2022-04-01,100.43000030517578
2022-04-04,101.4000015258789
2022-04-05,99.94999694824219
2022-04-06,98.80000305175781
2022-04-07,99.01000213623047
2022-04-08,98.91999816894531
2022-04-11,97.51000213623047
2022-04-12,96.97000122070312
2022-04-13,98.13999938964844
2022-04-14,97.11000061035156
2022-04-18,96.94999694824219
2022-04-19,97.9800033569336
2022-04-20,98.06999969482422
2022-04-21,96.55000305175781
2022-04-22,94.37999725341797
2022-04-25,94.52999877929688
2022-04-26,91.91999816894531
2022-04-27,92.2699966430664
2022-04-28,94.19999694824219
2022-04-29,91.7300033569336
2022-05-02,92.02999877929688
2022-05-03,92.58999633789062
2022-05-04,94.7699966430664
2022-05-05,91.54000091552734
2022-05-06,90.62999725341797
2022-05-09,87.76000213623047
2022-05-10,88.06999969482422
2022-05-11,86.97000122070312
2022-05-12,86.8499984741211
2022-05-13,89.13999938964844
2022-05-16,88.8499984741211
2022-05-17,90.6500015258789
2022-05-18,87.62000274658203
2022-05-19,87.69999694824219
2022-05-20,87.94999694824219
2022-05-23,89.37000274658203
2022-05-24,88.62999725341797
2022-05-25,89.23999786376953
2022-05-26,90.70999908447266
2022-05-27,92.55999755859375
2022-05-31,92.13999938964844
2022-06-01,91.45999908447266
2022-06-02,93.30000305175781
2022-06-03,91.75
2022-06-06,92.08000183105469
2022-06-07,92.77999877929688
2022-06-08,91.91000366210938
2022-06-09,88.94000244140625
2022-06-10,86.62999725341797
2022-06-13,83.41999816894531
2022-06-14,83.16999816894531
2022-06-15,84.44000244140625
2022-06-16,81.97000122070312
2022-06-17,81.93000030517578
2022-06-21,83.76000213623047
2022-06-22,83.27999877929688
2022-06-23,83.76000213623047
2022-06-24,86.30999755859375
2022-06-27,86.05999755859375
2022-06-28,84.79000091552734
2022-06-29,84.55999755859375
2022-06-30,83.88999938964844
2022-07-01,84.4800033569336
2022-07-05,84.05000305175781
2022-07-06,84.16999816894531
2022-07-07,85.51000213623047
2022-07-08,85.44999694824219
2022-07-11,84.23999786376953
2022-07-12,83.72000122070312
2022-07-13,83.37999725341797
2022-07-14,82.80999755859375
2022-07-15,84.22000122070312
2022-07-18,83.98999786376953
2022-07-19,86.12000274658203
2022-07-20,86.38999938964844
2022-07-21,87.2699966430664
2022-07-22,86.52999877929688
2022-07-25,86.80000305175781
2022-07-26,85.75
2022-07-27,87.8499984741211
2022-07-28,88.69000244140625
2022-07-29,89.81999969482422
2022-08-01,89.52999877929688
2022-08-02,88.83000183105469
2022-08-03,89.97000122070312
2022-08-04,90.11000061035156
2022-08-05,89.83000183105469
2022-08-08,89.87000274658203
2022-08-09,89.44000244140625
2022-08-10,91.30999755859375
2022-08-11,91.38999938964844
2022-08-12,92.6500015258789
2022-08-15,92.62999725341797
2022-08-16,92.69999694824219
2022-08-17,92.02999877929688
2022-08-18,92.0
2022-08-19,90.7699966430664
2022-08-22,89.05999755859375
2022-08-23,89.05000305175781
2022-08-24,89.27999877929688
2022-08-25,90.5999984741211
2022-08-26,87.9000015258789
2022-08-29,87.36000061035156
2022-08-30,86.45999908447266
2022-08-31,85.9000015258789
2022-09-01,85.69000244140625
2022-09-02,84.94999694824219
2022-09-06,84.4800033569336
2022-09-07,85.73999786376953
2022-09-08,86.13999938964844
2022-09-09,87.7300033569336
2022-09-12,88.80999755859375
2022-09-13,85.30000305175781
2022-09-14,85.63999938964844
2022-09-15,84.75
2022-09-16,83.98999786376953
2022-09-19,84.54000091552734
2022-09-20,83.5
2022-09-21,82.12999725341797
2022-09-22,81.5199966430664
2022-09-23,79.80999755859375
2022-09-26,78.86000061035156
2022-09-27,78.5999984741211
2022-09-28,80.20999908447266
2022-09-29,78.69999694824219
2022-09-30,77.83000183105469
2022-10-03,79.68000030517578
2022-10-04,82.4000015258789
2022-10-05,82.02999877929688
2022-10-06,81.08000183105469
2022-10-07,79.0199966430664
2022-10-10,78.38999938964844
2022-10-11,77.7300033569336
2022-10-12,77.5199966430664
2022-10-13,79.2699966430664
2022-10-14,77.58999633789062
2022-10-17,79.5999984741211
2022-10-18,80.3499984741211
2022-10-19,79.52999877929688
2022-10-20,79.1500015258789
2022-10-21,80.83000183105469
2022-10-24,81.06999969482422
2022-10-25,82.5
2022-10-26,82.51000213623047
2022-10-27,82.01000213623047
2022-10-28,83.31999969482422
2022-10-31,82.7699966430664
2022-11-01,82.8499984741211
2022-11-02,81.1500015258789
2022-11-03,80.44000244140625
2022-11-04,82.33000183105469
2022-11-07,82.8499984741211
2022-11-08,83.43000030517578
2022-11-09,81.88999938964844
2022-11-10,86.27999877929688
2022-11-11,87.58999633789062
2022-11-14,86.80000305175781
2022-11-15,87.63999938964844
2022-11-16,86.9800033569336
2022-11-17,86.7699966430664
2022-11-18,86.94000244140625
2022-11-21,86.45999908447266
2022-11-22,87.54000091552734
2022-11-23,88.22000122070312
2022-11-25,88.29000091552734
2022-11-28,87.01000213623047
2022-11-29,87.19000244140625
2022-11-30,89.66999816894531
2022-12-01,89.80000305175781
2022-12-02,89.72000122070312
2022-12-05,88.19000244140625
2022-12-06,87.25
2022-12-07,87.08999633789062
2022-12-08,87.76000213623047
2022-12-09,87.33999633789062
2022-12-12,88.12000274658203
2022-12-13,88.25
2022-12-14,87.91000366210938
2022-12-15,85.75
2022-12-16,84.91999816894531
2022-12-19,84.4000015258789
2022-12-20,84.58999633789062
2022-12-21,85.69999694824219
2022-12-22,84.66999816894531
2022-12-23,85.05999755859375
2022-12-27,85.02999877929688
2022-12-28,83.93000030517578
2022-12-29,85.38999938964844
2022-12-30,84.87999725341797
2023-01-03,84.9000015258789
2023-01-04,85.9800033569336
2023-01-05,85.0999984741211
2023-01-06,87.06999969482422
2023-01-09,87.26000213623047
2023-01-10,87.75
2023-01-11,88.66999816894531
2023-01-12,89.29000091552734
2023-01-13,89.69000244140625
2023-01-17,89.62999725341797
2023-01-18,88.6500015258789
2023-01-19,88.30000305175781
2023-01-20,89.66999816894531
2023-01-23,90.45999908447266
2023-01-24,90.33999633789062
2023-01-25,90.55000305175781
2023-01-26,91.31999969482422
2023-01-27,91.37000274658203
2023-01-30,90.2699966430664
2023-01-31,91.25
2023-02-01,92.18000030517578
2023-02-02,92.93000030517578
2023-02-03,91.86000061035156
2023-02-06,91.0999984741211
2023-02-07,92.06999969482422
2023-02-08,91.27999877929688
2023-02-09,90.87999725341797
2023-02-10,90.80000305175781
2023-02-13,91.76000213623047
2023-02-14,91.80999755859375
2023-02-15,91.87000274658203
2023-02-16,90.94000244140625
2023-02-17,90.70999908447266
2023-02-21,89.16000366210938
2023-02-22,88.91999816894531
2023-02-23,89.3499984741211
2023-02-24,88.16000366210938
2023-02-27,88.68000030517578
2023-02-28,88.22000122070312
2023-03-01,88.41000366210938
2023-03-02,88.88999938964844
2023-03-03,90.2300033569336
2023-03-06,90.16999816894531
2023-03-07,88.75
2023-03-08,88.94000244140625
2023-03-09,87.51000213623047
2023-03-10,86.36000061035156
2023-03-13,86.13999938964844
2023-03-14,87.33000183105469
2023-03-15,86.12000274658203
2023-03-16,87.5199966430664
2023-03-17,86.56999969482422
2023-03-20,87.41000366210938
2023-03-21,88.56999969482422
2023-03-22,87.62000274658203
2023-03-23,87.8499984741211
2023-03-24,88.05999755859375
2023-03-27,88.37000274658203
2023-03-28,88.44999694824219
2023-03-29,89.52999877929688
2023-03-30,90.26000213623047
2023-03-31,91.16000366210938
2023-04-03,91.69000244140625
2023-04-04,91.37000274658203
2023-04-05,90.9000015258789
2023-04-06,91.26000213623047
2023-04-10,91.31999969482422
2023-04-11,91.5
2023-04-12,91.3499984741211
2023-04-13,92.56999969482422
2023-04-14,92.30000305175781
2023-04-17,92.47000122070312
2023-04-18,92.63999938964844
2023-04-19,92.44999694824219
2023-04-20,92.11000061035156
2023-04-21,92.16999816894531
2023-04-24,92.20999908447266
2023-04-25,90.7300033569336
2023-04-26,90.5
2023-04-27,92.05000305175781
2023-04-28,92.58999633789062
2023-05-01,92.47000122070312
2023-05-02,91.43000030517578
2023-05-03,91.0999984741211
2023-05-04,90.7699966430664
2023-05-05,92.30999755859375
2023-05-08,92.3499984741211
2023-05-09,91.95999908447266
2023-05-10,92.19000244140625
2023-05-11,91.95999908447266
2023-05-12,91.69999694824219
2023-05-15,92.33000183105469
2023-05-16,91.58999633789062
2023-05-17,92.44999694824219
2023-05-18,92.91000366210938
2023-05-19,92.97000122070312
2023-05-22,93.11000061035156
2023-05-23,91.94000244140625
2023-05-24,91.08999633789062
2023-05-25,91.45999908447266
2023-05-26,92.66000366210938
2023-05-30,92.27999877929688
2023-05-31,91.62000274658203
2023-06-01,92.70999908447266
2023-06-02,94.08999633789062
2023-06-05,93.83999633789062
2023-06-06,94.29000091552734
2023-06-07,92.83999633789062
2023-06-08,93.51000213623047
2023-06-09,93.63999938964844
2023-06-12,94.31999969482422
2023-06-13,95.05000305175781
2023-06-14,95.27999877929688
2023-06-15,96.36000061035156
2023-06-16,96.08000183105469
2023-06-20,95.19999694824219
2023-06-21,94.87000274658203
2023-06-22,94.88999938964844
2023-06-23,93.91000366210938
2023-06-26,93.75
2023-06-27,94.73999786376953
2023-06-28,94.7300033569336
2023-06-29,94.88999938964844
2023-06-30,95.94000244140625
2023-07-03,96.16999816894531
2023-07-05,95.69999694824219
2023-07-06,94.5199966430664
2023-07-07,94.70999908447266
2023-07-10,94.94999694824219
2023-07-11,95.69999694824219
2023-07-12,96.8499984741211
2023-07-13,97.94999694824219
2023-07-14,97.68000030517578
2023-07-17,97.93000030517578
2023-07-18,98.4800033569336
2023-07-19,98.5999984741211
2023-07-20,97.94000244140625
2023-07-21,97.98999786376953
2023-07-24,98.33999633789062
2023-07-25,98.66000366210938
2023-07-26,98.79000091552734
2023-07-27,98.16999816894531
2023-07-28,99.19999694824219
2023-07-31,99.38999938964844
2023-08-01,98.69999694824219
2023-08-02,97.06999969482422
2023-08-03,96.83999633789062
2023-08-04,96.63999938964844
2023-08-07,97.29000091552734
2023-08-08,96.7300033569336
2023-08-09,96.31999969482422
2023-08-10,96.47000122070312
2023-08-11,96.11000061035156
2023-08-14,96.30000305175781
2023-08-15,95.12000274658203
2023-08-16,94.38999938964844
2023-08-17,93.7699966430664
2023-08-18,93.7300033569336
2023-08-21,94.22000122070312
2023-08-22,94.01000213623047
2023-08-23,95.12000274658203
2023-08-24,93.91000366210938
2023-08-25,94.4800033569336
2023-08-28,95.20999908447266
2023-08-29,96.55999755859375
2023-08-30,96.80000305175781
2023-08-31,96.5
2023-09-01,96.7699966430664
2023-09-05,96.20999908447266
2023-09-06,95.6500015258789
2023-09-07,95.29000091552734
2023-09-08,95.33000183105469
2023-09-11,96.1500015258789
2023-09-12,95.69000244140625
2023-09-13,95.72000122070312
2023-09-14,96.5999984741211
2023-09-15,95.81999969482422
2023-09-18,95.72000122070312
2023-09-19,95.51000213623047
2023-09-20,94.88999938964844
2023-09-21,93.31999969482422
2023-09-22,93.26000213623047
2023-09-25,93.37999725341797
2023-09-26,92.0199966430664
2023-09-27,92.05999755859375
2023-09-28,92.62999725341797
2023-09-29,92.37000274658203
2023-10-02,91.95999908447266
2023-10-03,90.7300033569336
2023-10-04,91.12000274658203
2023-10-05,91.3499984741211
2023-10-06,92.4800033569336
2023-10-09,92.80999755859375
2023-10-10,93.58999633789062
2023-10-11,94.0199966430664
2023-10-12,93.30000305175781
2023-10-13,92.7699966430664
2023-10-16,93.62000274658203
2023-10-17,93.66000366210938
2023-10-18,92.31999969482422
2023-10-19,91.48999786376953
2023-10-20,90.4000015258789
2023-10-23,90.33000183105469
2023-10-24,90.98999786376953
2023-10-25,89.83000183105469
2023-10-26,88.91000366210938
2023-10-27,88.58999633789062
2023-10-30,89.62000274658203
2023-10-31,90.0199966430664
2023-11-01,90.91999816894531
2023-11-02,92.72000122070312
2023-11-03,93.79000091552734
2023-11-06,93.87000274658203
2023-11-07,93.81999969482422
2023-11-08,93.80000305175781
2023-11-09,93.23999786376953
2023-11-10,94.30999755859375
2023-11-13,94.33000183105469
2023-11-14,96.38999938964844
2023-11-15,96.58999633789062
2023-11-16,96.5199966430664
2023-11-17,96.94999694824219
2023-11-20,97.62999725341797
2023-11-21,97.37000274658203
2023-11-22,97.63999938964844
2023-11-24,97.87999725341797
2023-11-27,97.62000274658203
2023-11-28,97.77999877929688
2023-11-29,97.7699966430664
2023-11-30,98.0199966430664
2023-12-01,98.75
2023-12-04,98.13999938964844
2023-12-05,97.94999694824219
2023-12-06,97.76000213623047
2023-12-07,98.38999938964844
2023-12-08,98.70999908447266
2023-12-11,99.05999755859375
2023-12-12,99.37999725341797
2023-12-13,100.75
2023-12-14,101.4000015258789
2023-12-15,100.97000122070312
2023-12-18,101.41999816894531
2023-12-19,102.1500015258789
2023-12-20,99.77999877929688
2023-12-21,101.02999877929688
2023-12-22,101.18000030517578
2023-12-26,101.66999816894531
2023-12-27,101.95999908447266
2023-12-28,101.95999908447266
2023-12-29,101.7699966430664
2024-01-02,100.9000015258789
2024-01-03,100.0999984741211
2024-01-04,99.98999786376953
2024-01-05,100.08000183105469
2024-01-08,101.27999877929688
2024-01-09,100.81999969482422
2024-01-10,101.29000091552734
2024-01-11,101.23999786376953
2024-01-12,101.44999694824219
2024-01-16,100.55999755859375
2024-01-17,99.79000091552734
2024-01-18,100.66000366210938
2024-01-19,101.66999816894531
2024-01-22,101.83000183105469
2024-01-23,102.04000091552734
2024-01-24,102.37999725341797
2024-01-25,102.79000091552734
2024-01-26,102.87999725341797
2024-01-29,103.55999755859375
2024-01-30,103.38999938964844
2024-01-31,102.05000305175781
2024-02-01,103.31999969482422
2024-02-02,103.73999786376953
2024-02-05,103.33999633789062
2024-02-06,103.94000244140625
2024-02-07,104.47000122070312
2024-02-08,104.44999694824219
2024-02-09,105.01000213623047
2024-02-12,105.13999938964844
2024-02-13,103.47000122070312
2024-02-14,104.61000061035156
2024-02-15,105.44999694824219
2024-02-16,105.19000244140625
2024-02-20,104.88999938964844
2024-02-21,104.91999816894531
2024-02-22,106.7300033569336
2024-02-23,106.7699966430664
2024-02-26,106.4800033569336
2024-02-27,106.69000244140625
2024-02-28,106.23999786376953
2024-02-29,106.6500015258789
2024-03-01,107.68000030517578
2024-03-04,107.5199966430664
2024-03-05,106.6500015258789
2024-03-06,107.4800033569336
2024-03-07,108.5999984741211
2024-03-08,108.06999969482422
2024-03-11,107.8499984741211
2024-03-12,108.94000244140625
2024-03-13,108.80000305175781
2024-03-14,108.37000274658203
2024-03-15,107.81999969482422
2024-03-18,108.26000213623047
2024-03-19,108.63999938964844
2024-03-20,109.73999786376953
2024-03-21,109.9800033569336
2024-03-22,109.72000122070312
2024-03-25,109.5
2024-03-26,109.3499984741211
2024-03-27,110.1500015258789
2024-03-28,110.12999725341797
2024-04-01,109.87000274658203
2024-04-02,109.22000122070312
2024-04-03,109.4800033569336
2024-04-04,108.37999725341797
2024-04-05,109.2300033569336
2024-04-08,109.45999908447266
2024-04-09,109.62000274658203
2024-04-10,108.37000274658203
2024-04-11,109.01000213623047
2024-04-12,107.33000183105469
2024-04-15,106.29000091552734
2024-04-16,105.7300033569336
2024-04-17,105.33999633789062
2024-04-18,105.19000244140625
2024-04-19,104.54000091552734
2024-04-22,105.5999984741211
2024-04-23,106.77999877929688
2024-04-24,106.72000122070312
2024-04-25,106.38999938964844
2024-04-26,107.37999725341797
2024-04-29,107.8499984741211
2024-04-30,106.22000122070312
2024-05-01,105.94000244140625
2024-05-02,107.26000213623047
2024-05-03,108.43000030517578
2024-05-06,109.41000366210938
2024-05-07,109.44000244140625
2024-05-08,109.37999725341797
2024-05-09,110.04000091552734
2024-05-10,110.18000030517578
2024-05-13,110.25
2024-05-14,110.86000061035156
2024-05-15,112.12999725341797
2024-05-16,111.9000015258789
2024-05-17,112.16000366210938
2024-05-20,112.2300033569336
2024-05-21,112.25
2024-05-22,111.72000122070312
2024-05-23,110.9800033569336
2024-05-24,111.69999694824219
2024-05-28,111.7300033569336
2024-05-29,110.5999984741211
2024-05-30,110.31999969482422
2024-05-31,111.08000183105469
2024-06-03,111.30000305175781
2024-06-04,111.1500015258789
2024-06-05,112.43000030517578
2024-06-06,112.54000091552734
2024-06-07,111.9800033569336
2024-06-10,112.30999755859375
2024-06-11,111.1500015258789
2024-06-12,112.22000122070312
2024-06-13,111.87000274658203
2024-06-14,111.66000366210938
2024-06-17,112.37000274658203
2024-06-18,112.83000183105469
2024-06-20,112.5999984741211
2024-06-21,112.1500015258789
2024-06-24,112.25
2024-06-25,112.58999633789062
2024-06-26,112.45999908447266
2024-06-27,112.62000274658203
2024-06-28,112.4000015258789
2024-07-01,112.58999633789062
2024-07-02,113.19000244140625
2024-07-03,114.01000213623047
2024-07-05,114.66000366210938
2024-07-08,114.66000366210938
2024-07-09,114.62999725341797
2024-07-10,115.80000305175781
2024-07-11,115.3499984741211
2024-07-12,116.19000244140625
2024-07-15,116.06999969482422
2024-07-16,116.69000244140625
2024-07-17,115.22000122070312
2024-07-18,114.23999786376953
2024-07-19,113.48999786376953
2024-07-22,114.66000366210938
2024-07-23,114.2699966430664
2024-07-24,112.0199966430664
2024-07-25,111.44999694824219
2024-07-26,112.7699966430664
2024-07-29,112.66999816894531
2024-07-30,112.29000091552734
2024-07-31,114.12999725341797
2024-08-01,112.0999984741211
2024-08-02,110.12999725341797
2024-08-05,107.23999786376953
2024-08-06,107.97000122070312
2024-08-07,107.7699966430664
2024-08-08,110.04000091552734
2024-08-09,110.52999877929688
2024-08-12,110.61000061035156
2024-08-13,112.30999755859375
2024-08-14,112.61000061035156
2024-08-15,114.4000015258789
2024-08-16,114.80000305175781
2024-08-19,115.94999694824219
2024-08-20,115.66000366210938
2024-08-21,116.26000213623047
2024-08-22,115.33999633789062
2024-08-23,116.9000015258789
2024-08-26,116.47000122070312
2024-08-27,116.69999694824219
2024-08-28,116.05999755859375
2024-08-29,116.16000366210938
2024-08-30,116.9800033569336
2024-09-03,114.73999786376953
2024-09-04,114.38999938964844
2024-09-05,114.25
2024-09-06,112.30999755859375
2024-09-09,113.47000122070312
2024-09-10,113.62999725341797
2024-09-11,114.62999725341797
2024-09-12,115.62999725341797
2024-09-13,116.20999908447266
2024-09-16,116.61000061035156
2024-09-17,116.48999786376953
2024-09-18,116.16000366210938
2024-09-19,118.2300033569336
2024-09-20,117.76000213623047
2024-09-23,118.20999908447266
2024-09-24,119.0199966430664
2024-09-25,118.5199966430664
2024-09-26,119.83999633789062
2024-09-27,119.55999755859375
2024-09-30,119.55000305175781
2024-10-01,118.79000091552734
2024-10-02,119.06999969482422
2024-10-03,118.4800033569336
2024-10-04,119.4800033569336
2024-10-07,118.7300033569336
2024-10-08,119.04000091552734
2024-10-09,119.52999877929688
2024-10-10,119.41000366210938
2024-10-11,120.16000366210938
2024-10-14,120.77999877929688
2024-10-15,119.5199966430664
2024-10-16,120.0
2024-10-17,119.94999694824219
2024-10-18,120.6500015258789
2024-10-21,120.06999969482422
2024-10-22,119.80999755859375
2024-10-23,118.75
2024-10-24,119.02999877929688
2024-10-25,118.81999969482422
2024-10-28,119.44000244140625
2024-10-29,119.37000274658203
2024-10-30,118.83999633789062
2024-10-31,117.05000305175781
2024-11-01,117.5
2024-11-04,117.4800033569336
2024-11-05,118.8499984741211
2024-11-06,120.2699966430664
2024-11-07,121.62000274658203
2024-11-08,121.30000305175781
2024-11-11,121.44999694824219
2024-11-12,120.55000305175781
2024-11-13,120.30999755859375
2024-11-14,119.75
2024-11-15,118.63999938964844
2024-11-18,119.2300033569336
2024-11-19,119.55999755859375
2024-11-20,119.55999755859375
2024-11-21,120.01000213623047
2024-11-22,120.44000244140625
2024-11-25,120.86000061035156
2024-11-26,121.04000091552734
2024-11-27,120.94999694824219
2024-11-29,121.7699966430664
2024-12-02,122.02999877929688
2024-12-03,122.25
2024-12-04,122.9000015258789
2024-12-05,122.97000122070312
2024-12-06,123.12000274658203
2024-12-09,122.83000183105469
2024-12-10,122.0999984741211
2024-12-11,122.97000122070312
2024-12-12,122.19999694824219
2024-12-13,122.05999755859375
2024-12-16,122.30999755859375
2024-12-17,120.77999877929688
2024-12-18,117.19000244140625
2024-12-19,117.19999694824219
2024-12-20,118.12000274658203
2024-12-23,118.8499984741211
2024-12-24,119.8499984741211
2024-12-26,119.94999694824219
2024-12-27,119.04000091552734
2024-12-30,117.81999969482422
2024-12-31,117.5
2025-01-02,117.2699966430664
2025-01-03,118.48999786376953
2025-01-06,119.30999755859375
2025-01-07,118.16000366210938
2025-01-08,118.16999816894531
2025-01-10,116.37000274658203
2025-01-13,116.3499984741211
2025-01-14,116.68000030517578
2025-01-15,118.58000183105469
2025-01-16,118.58999633789062
2025-01-17,119.5999984741211
2025-01-21,120.95999908447266
2025-01-22,121.4000015258789
2025-01-23,122.06999969482422
2025-01-24,122.05999755859375
2025-01-27,120.5999984741211
2025-01-28,121.4000015258789
2025-01-29,121.04000091552734
2025-01-30,121.97000122070312
2025-01-31,121.19000244140625
2025-02-03,120.20999908447266
2025-02-04,121.30000305175781
2025-02-05,121.88999938964844
2025-02-06,122.30999755859375
2025-02-07,121.33000183105469
2025-02-10,122.30999755859375
2025-02-11,122.33000183105469
2025-02-12,122.22000122070312
2025-02-13,123.63999938964844
2025-02-14,123.62000274658203
2025-02-18,124.12999725341797
2025-02-19,123.9800033569336
2025-02-20,123.80999755859375
2025-02-21,122.12999725341797
2025-02-24,121.4800033569336
2025-02-25,121.29000091552734
2025-02-26,121.5199966430664
2025-02-27,119.66999816894531
2025-02-28,120.83000183105469
2025-03-03,119.55000305175781
2025-03-04,118.68000030517578
2025-03-05,120.55999755859375
2025-03-06,118.69999694824219
2025-03-07,119.5
2025-03-10,116.41000366210938
2025-03-11,115.80000305175781
2025-03-12,116.48999786376953
2025-03-13,115.16000366210938
2025-03-14,117.44999694824219
2025-03-17,118.62000274658203
2025-03-18,117.7699966430664
2025-03-19,118.7300033569336
2025-03-20,118.2300033569336
2025-03-21,117.9800033569336
2025-03-24,119.70999908447266
2025-03-25,119.7699966430664
2025-03-26,118.44999694824219
2025-03-27,118.27999877929688
2025-03-28,116.23999786376953
2025-03-31,116.38999938964844
2025-04-01,116.80000305175781
2025-04-02,117.4000015258789
2025-04-03,112.91000366210938
2025-04-04,106.0
2025-04-07,104.97000122070312
2025-04-08,103.58999633789062
2025-04-09,112.69999694824219
2025-04-10,109.25
2025-04-11,111.0999984741211
2025-04-14,112.6500015258789
2025-04-15,112.72000122070312
2025-04-16,110.93000030517578
2025-04-17,111.4000015258789
2025-04-21,109.5999984741211
2025-04-22,112.06999969482422
2025-04-23,113.44000244140625
2025-04-24,115.51000213623047
2025-04-25,116.18000030517578
2025-04-28,116.4000015258789
2025-04-29,116.98999786376953
2025-04-30,116.98999786376953
2025-05-01,117.41999816894531
2025-05-02,119.41000366210938
2025-05-05,119.16999816894531
2025-05-06,118.4800033569336
2025-05-07,118.58000183105469
2025-05-08,118.97000122070312
2025-05-09,119.12999725341797
2025-05-12,122.02999877929688
2025-05-13,122.68000030517578
2025-05-14,122.79000091552734
2025-05-15,123.44999694824219
2025-05-16,124.04000091552734
2025-05-19,124.43000030517578
2025-05-20,124.29000091552734
2025-05-21,122.75
2025-05-22,122.68000030517578
2025-05-23,122.30000305175781
2025-05-27,124.3499984741211
2025-05-28,123.45999908447266
2025-05-29,123.91000366210938
2025-05-30,123.6500015258789
2025-06-02,124.56999969482422
2025-06-03,124.8499984741211
2025-06-04,125.16999816894531
2025-06-05,124.80000305175781
2025-06-06,125.76000213623047
2025-06-09,125.91999816894531
2025-06-10,126.5199966430664
2025-06-11,126.3499984741211
2025-06-12,126.8499984741211
2025-06-13,125.38999938964844
2025-06-16,125.5199966430664
2025-06-17,124.25
2025-06-18,124.29000091552734
2025-06-20,123.73999786376953
2025-06-23,124.8499984741211
2025-06-24,126.5
2025-06-25,126.41000366210938
2025-06-26,127.47000122070312
2025-06-27,128.0399932861328
2025-06-30,128.60000610351562
2025-07-01,128.52999877929688
2025-07-02,129.0500030517578
2025-07-03,129.7899932861328
2025-07-07,128.66000366210938
2025-07-08,128.8800048828125
2025-07-09,129.5800018310547
2025-07-10,129.85000610351562
2025-07-11,129.1999969482422
2025-07-14,129.3800048828125
2025-07-15,128.83999633789062
2025-07-16,129.33999633789062
2025-07-17,129.86000061035156
2025-07-18,129.75999450683594
2025-07-21,130.1300048828125
2025-07-22,130.35000610351562
2025-07-23,131.89999389648438
2025-07-24,131.6300048828125
2025-07-25,131.8800048828125
2025-07-28,131.2899932861328
2025-07-29,131.0500030517578
2025-07-30,130.61000061035156
2025-07-31,129.9600067138672
2025-08-01,128.32000732421875
2025-08-04,130.1699981689453
2025-08-05,129.80999755859375
2025-08-06,130.77999877929688
2025-08-07,131.08999633789062
2025-08-08,131.86000061035156
2025-08-11,131.50999450683594
2025-08-12,132.9499969482422
2025-08-13,133.55999755859375
2025-08-14,133.35000610351562
2025-08-15,133.3800048828125
2025-08-18,133.41000366210938
2025-08-19,132.6999969482422
2025-08-20,132.5500030517578
2025-08-21,132.0399932861328
2025-08-22,134.22000122070312
2025-08-25,133.35000610351562
2025-08-26,133.6300048828125
2025-08-27,133.67999267578125
2025-08-28,134.22000122070312
2025-08-29,133.44000244140625
2025-09-02,132.5
2025-09-03,133.05999755859375
2025-09-04,133.9499969482422
2025-09-05,134.07000732421875
2025-09-08,134.72000122070312
2025-09-09,134.9199981689453
2025-09-10,135.22000122070312
2025-09-11,136.5500030517578
2025-09-12,136.35000610351562
2025-09-15,137.24000549316406
2025-09-16,137.10000610351562
2025-09-17,136.97000122070312
2025-09-18,137.5399932861328
2025-09-19,137.75999450683594
2025-09-22,138.41000366210938
2025-09-23,137.88999938964844
2025-09-24,137.3000030517578
2025-09-25,136.6199951171875
2025-09-26,137.33999633789062
2025-09-29,137.67999267578125
2025-09-30,138.24000549316406
2025-10-01,138.94000244140625
2025-10-02,139.25999450683594
2025-10-03,139.5
2025-10-06,140.0500030517578
2025-10-07,139.2100067138672
2025-10-08,140.02999877929688
2025-10-09,139.35000610351562
2025-10-10,135.7100067138672
2025-10-13,137.82000732421875
2025-10-14,137.67999267578125
2025-10-15,138.55999755859375
2025-10-16,138.0800018310547
2025-10-17,138.6300048828125
2025-10-20,140.02000427246094
2025-10-21,139.61000061035156
2025-10-22,139.05999755859375
2025-10-23,139.9499969482422
2025-10-24,140.86000061035156
2025-10-27,142.33999633789062
2025-10-28,142.5500030517578
2025-10-29,142.55999755859375
2025-10-30,141.1699981689453
2025-10-31,141.41000366210938
2025-11-03,141.72000122070312
2025-11-04,139.91000366210938
2025-11-05,140.55999755859375
2025-11-06,139.33999633789062
2025-11-07,139.5399932861328
2025-11-10,141.5800018310547
2025-11-11,142.0500030517578
2025-11-12,142.3300018310547
2025-11-13,140.14999389648438
2025-11-14,140.0800018310547
2025-11-17,138.5800018310547
2025-11-18,137.38999938964844
2025-11-19,137.5800018310547
2025-11-20,135.5
2025-11-21,136.83999633789062
2025-11-24,138.36000061035156
2025-11-25,139.6199951171875
2025-11-26,140.77000427246094
2025-11-28,141.47000122070312
2025-12-01,140.83999633789062
2025-12-02,141.14999389648438
2025-12-03,141.67999267578125
2025-12-04,141.97000122070312
2025-12-05,142.10000610351562
2025-12-08,141.75999450683594
2025-12-09,141.64999389648438
2025-12-10,142.8000030517578
2025-12-11,143.17999267578125
2025-12-12,141.77000427246094
2025-12-15,141.8000030517578
2025-12-16,139.99000549316406
2025-12-17,138.55999755859375
2025-12-18,139.7100067138672
2025-12-19,140.91000366210938
2025-12-22,141.74000549316406
2025-12-23,142.4600067138672
2025-12-24,142.7100067138672
2025-12-26,142.89999389648438
2025-12-29,142.41000366210938
2025-12-30,142.41000366210938
2025-12-31,141.49000549316406
2026-01-02,142.49000549316406
2026-01-05,143.67999267578125
2026-01-06,144.35000610351562
2026-01-07,143.80999755859375
2026-01-08,143.77000427246094
2026-01-09,144.75
2026-01-12,145.3800048828125
2026-01-13,144.88999938964844
2026-01-14,144.7100067138672
2026-01-15,145.0
2026-01-16,145.0
2026-01-20,142.36000061035156
2026-01-21,144.00999450683594
2026-01-22,144.80999755859375
2026-01-23,145.16000366210938
2026-01-26,145.72000122070312
2026-01-27,147.05999755859375
2026-01-28,146.83999633789062
2026-01-29,146.6999969482422
2026-01-30,145.5
2026-02-02,146.30999755859375
2026-02-03,145.5399932861328
2026-02-04,144.99000549316406
2026-02-05,143.2100067138672
2026-02-06,146.27999877929688
2026-02-09,147.41000366210938
2026-02-10,147.30999755859375
2026-02-11,147.7100067138672
2026-02-12,145.64999389648438
2026-02-13,145.94000244140625
2026-02-17,146.0
2026-02-18,146.6300048828125
2026-02-19,146.33999633789062
2026-02-20,147.6300048828125
2026-02-23,146.25999450683594
2026-02-24,147.3300018310547
2026-02-25,148.64999389648438
2026-02-26,147.9499969482422
2026-02-27,147.3800048828125
2026-03-02,146.5500030517578
2026-03-03,143.67999267578125
2026-03-04,145.0
2026-03-05,143.32000732421875
2026-03-06,141.67999267578125
2026-03-09,143.0500030517578
2026-03-10,143.0500030517578
2026-03-11,142.94000244140625
2026-03-12,140.4499969482422
2026-03-13,139.5399932861328
2026-03-16,141.47999572753906
2026-03-17,141.8800048828125
2026-03-18,139.7100067138672
2026-03-19,139.3800048828125
2026-03-20,136.5399932861328
2026-03-23,138.80999755859375
2026-03-24,138.0399932861328
2026-03-25,139.33999633789062
2026-03-26,136.3800048828125
2026-03-27,134.5500030517578
2026-03-30,134.19000244140625
2026-03-31,138.3699951171875
2026-04-01,139.6699981689453
2026-04-02,139.44000244140625
2026-04-06,140.14999389648438
2026-04-07,140.1999969482422
2026-04-08,144.6199951171875
2026-04-09,145.07000732421875
2026-04-10,145.0399932861328
2026-04-13,146.41000366210938
2026-04-14,148.11000061035156
2026-04-15,148.8000030517578
2026-04-16,148.89999389648438
2026-04-17,150.89999389648438
2026-04-20,150.41000366210938
2026-04-21,148.74000549316406
2026-04-22,150.1699981689453
2026-04-23,149.25
2026-04-24,150.49000549316406
2026-04-27,150.50999450683594
2026-04-28,149.6199951171875
2026-04-29,149.13999938964844
2026-04-30,151.5399932861328
2026-05-01,151.66000366210938
2026-05-04,150.6999969482422
2026-05-05,152.35000610351562
2026-05-06,155.39999389648438
2026-05-07,153.92999267578125
2026-05-08,155.3800048828125
2026-05-11,155.52999877929688
2026-05-12,154.64999389648438
2026-05-13,155.8800048828125
2026-05-14,156.64999389648438
2026-05-15,154.0800018310547
2026-05-18,154.35000610351562
2026-05-19,153.14999389648438
2026-05-20,155.10000610351562
2026-05-21,155.69000244140625
2026-05-22,155.99000549316406
2026-05-26,157.83999633789062
2026-05-27,157.63999938964844
2026-05-28,158.25
2026-05-29,158.5399932861328
2026-06-01,159.10000610351562
2026-06-02,159.97000122070312
2026-06-03,158.64999389648438
2026-06-04,159.1300048828125
2026-06-05,154.38999938964844
2026-06-08,154.9199981689453
2026-06-09,154.60000610351562
2026-06-10,152.24000549316406
2026-06-11,155.8300018310547
2026-06-12,156.47000122070312
2026-06-15,158.0399932861328
2026-06-16,157.33999633789062
2026-06-17,155.80999755859375
2026-06-18,157.74000549316406
2026-06-22,157.58999633789062
2026-06-23,154.44000244140625
2026-06-24,154.22999572753906
2026-06-25,154.6999969482422
2026-06-26,154.27999877929688
2026-06-29,155.82000732421875
2026-06-30,156.97000122070312
2026-07-01,156.1199951171875
2026-07-02,156.14999389648438
2026-07-06,157.97000122070312
2026-07-07,156.4600067138672
2026-07-08,155.89999389648438
2026-07-09,157.02000427246094
2026-07-10,157.67999267578125
2026-07-13,155.94000244140625
2026-07-14,156.94000244140625
2026-07-15,157.52000427246094
2026-07-16,156.36000061035156
2026-07-17,155.0
2026-07-20,154.47999572753906
2026-07-21,156.2899932861328
2026-07-22,156.19000244140625
2026-07-23,154.33999633789062
2026-07-24,154.3000030517578
2026-07-27,154.61000061035156
2026-07-28,154.5399932861328
2026-07-29,152.47000122070312
2026-07-30,155.66000366210938
2026-07-31,156.42999267578125
2026-08-03,157.94000244140625
2026-08-04,160.6300048828125
2026-08-05,160.5
2026-08-06,160.10000610351562
2026-08-07,161.44000244140625
2026-08-10,161.10000610351562
2026-08-11,160.88999938964844
2026-08-12,161.64999389648438
2026-08-13,162.47999572753906
2026-08-14,162.2899932861328
2026-08-17,161.8300018310547
2026-08-18,160.0800018310547
2026-08-19,160.6999969482422
2026-08-20,159.97000122070312
2026-08-21,160.80999755859375
2026-08-24,160.1999969482422
2026-08-25,161.0800018310547
2026-08-26,160.89999389648438
2026-08-27,161.52999877929688
2026-08-28,161.08999633789062
2026-08-31,160.67999267578125
2026-09-01,159.4199981689453
2026-09-02,160.16000366210938
2026-09-03,161.94000244140625
2026-09-04,161.88999938964844
2026-09-08,161.1300048828125
2026-09-09,160.14999389648438
2026-09-10,158.7899932861328
2026-09-11,160.25
2026-09-14,158.9600067138672
2026-09-15,158.1999969482422
2026-09-16,157.61000061035156
2026-09-17,159.57000732421875
2026-09-18,159.2899932861328
2026-09-21,161.85000610351562
2026-09-22,162.1999969482422
2026-09-23,160.22000122070312
2026-09-24,160.0800018310547
2026-09-25,161.0500030517578
2026-09-28,159.67999267578125
