expl,p_usd,p_aud,expl_real,p_usd_real,p_aud_real,commodity,quarter,fy
,7616.530598958333,10119.39406416076,,18316.58431655649,25075.898240055118,Nickel,1992Q1,1992
,7318.087239583333,9654.893231342625,,17464.53140237357,24005.011855220746,Nickel,1992Q2,1992
,7238.165364583333,9904.440838236635,,17142.936650982483,24584.28459839644,Nickel,1992Q3,1993
,5889.135091145833,8435.947702543808,,13826.765950114408,20834.747992171557,Nickel,1992Q4,1993
,5991.25439453125,8709.48451014864,,13964.927204937962,21332.83991908549,Nickel,1993Q1,1993
,5769.869303385417,8301.970220698442,,13352.462570010699,20267.789928770184,Nickel,1993Q2,1993
,4722.567708333333,7059.144556552068,,10878.499416302095,17149.036120696095,Nickel,1993Q3,1994
,4748.9765625,7125.9589293752815,,10849.399718543047,17283.061767518382,Nickel,1993Q4,1994
,5668.194173177083,8009.317752122485,,12884.69016576488,19330.774047486928,Nickel,1994Q1,1994
,5923.388509114583,8178.463515898264,,13388.731673597773,19611.45858140631,Nickel,1994Q2,1994
,6152.463053385417,8328.395072717378,,13778.872796094973,19842.76012687711,Nickel,1994Q3,1995
,7583.684244791667,10037.081543378039,,16885.90931991431,23723.383081492768,Nickel,1994Q4,1995
,8516.610514322916,11386.35034670384,,18824.908140293577,26490.65410584024,Nickel,1995Q1,1995
,7514.884602864583,10330.211605843911,,16476.02628722195,23699.203238087222,Nickel,1995Q2,1995
,8649.022786458334,11672.095528283851,,18867.467902175096,26450.652411698255,Nickel,1995Q3,1996
,8213.723307291666,10986.788800550652,,17820.73349856321,24709.026039526394,Nickel,1995Q4,1996
,8038.5380859375,10629.70611266915,,17286.934904946796,23833.733767474532,Nickel,1996Q1,1996
,7934.338216145833,10026.966025711909,,16917.38896173007,22313.74818882173,Nickel,1996Q2,1996
,7190.012532552083,9118.59547565261,,15242.643733345254,20231.620923412436,Nickel,1996Q3,1997
,6853.486002604167,8620.014257845256,,14404.069438616072,19096.860393623727,Nickel,1996Q4,1997
,7566.30859375,9730.335125707305,,15805.922276310293,21524.55017615079,Nickel,1997Q1,1997
,7283.04541015625,9466.696806962196,,15179.323243847655,21003.96072034665,Nickel,1997Q2,1997
,6698.49169921875,9111.52804246486,,13891.538705981811,20307.001021960426,Nickel,1997Q3,1998
,6151.036295572917,8884.928926148948,,12687.825003447164,19742.690092781802,Nickel,1997Q4,1998
,5417.76513671875,8124.210441945542,,11152.302318962189,17998.45197205465,Nickel,1998Q1,1998
,4954.915690104167,7872.860055247338,,10166.072467250307,17338.096471312838,Nickel,1998Q2,1998
,4170.509440104167,6967.4936349682575,,8513.04707617068,15321.511170715474,Nickel,1998Q3,1999
,3951.1559244791665,6335.364924338588,,8027.619019788282,13869.818539998749,Nickel,1998Q4,1999
,4630.068181818183,7300.259917724575,,9372.712040027962,15982.233314561101,Nickel,1999Q1,1999
,5215.104066985647,7977.824792696414,,10478.557040123544,17388.663107047178,Nickel,1999Q2,1999
11.1,6385.627705627707,9822.531465355647,23.982534028197293,12735.813649827047,21222.45000999373,Nickel,1999Q3,2000
22.0,7779.224174518294,12087.674171831397,47.257794490099165,15401.663035374811,25965.310085258534,Nickel,1999Q4,2000
21.6,9384.800000000001,14871.328966828649,45.99914984843923,18398.40109112287,31669.837481045644,Nickel,2000Q1,2000
18.4,9417.91040843216,15968.875388739321,38.90536957648448,18319.712734128076,33764.94558259406,Nickel,2000Q2,2000
17.1,8279.35127674258,14441.568597143869,34.81748436554871,15959.143519987869,29404.62507865823,Nickel,2000Q3,2001
24.1,7440.00909090909,13981.475365025852,48.936003583693584,14239.724765048608,28389.93894473977,Nickel,2000Q4,2001
14.7,6562.630303030303,12365.988888317886,29.525802339526088,12441.463629403757,24837.80569042516,Nickel,2001Q1,2001
16.9,6707.973544973543,13071.72499832454,33.67125150963767,12628.460786541686,26043.866277124474,Nickel,2001Q2,2001
14.9,5515.277272727274,10764.317102453855,29.607007886087946,10353.859313328445,21389.209485953197,Nickel,2001Q3,2002
16.7,5092.641439975197,9956.288250195888,32.875619363857105,9567.624373360048,19599.94867007682,Nickel,2001Q4,2002
9.8,6214.83787878788,11986.957461979964,19.114822287994663,11638.755618392837,23380.465475459034,Nickel,2002Q1,2002
12.3,6958.53415103415,12627.390789440145,23.83444965964563,12929.845656093945,24468.854479966183,Nickel,2002Q2,2002
14.7,6846.50172532781,12511.881807982109,28.300349979183256,12653.519065297518,24087.79823565101,Nickel,2002Q3,2003
17.9,7113.3519668737035,12748.704164299605,34.23892344488965,13069.44191238186,24385.58133536313,Nickel,2002Q4,2003
12.3,8326.775288600287,14033.89093584318,23.22797877749805,15143.136206363106,26502.351286462406,Nickel,2003Q1,2003
21.0,8372.424603174602,13068.30062930479,39.65752474206984,15251.10621232615,24678.878835402928,Nickel,2003Q2,2003
14.4,9395.782575757576,14264.852088700774,27.02183305070298,16988.417172074987,26768.225807905834,Nickel,2003Q3,2004
22.8,12425.955710835056,17340.962521517034,42.56929974124909,22382.291876864896,32376.869797378302,Nickel,2003Q4,2004
15.5,14658.408937198066,19133.80620963068,28.68706676033423,26181.94400163531,35412.437168707926,Nickel,2004Q1,2004
31.5,12517.956299840509,17532.970213138586,58.01019378108281,22184.523949798484,32288.603162607054,Nickel,2004Q2,2004
30.8,14030.016955266956,19760.587260939374,56.51073777330574,24706.65981749753,36256.018342515286,Nickel,2004Q3,2005
40.4,14077.654884559886,18591.72594368712,73.57878468358041,24527.187720292342,33860.31188382897,Nickel,2004Q4,2005
43.3,15406.418253968253,19812.7806763995,78.28409758063125,26707.377099223533,35820.45394491695,Nickel,2005Q1,2005
44.1,16417.921717171717,21351.554166600985,79.24782553347409,28269.796166275493,38368.80361594822,Nickel,2005Q2,2005
40.0,14568.046897546898,19177.735176023823,71.19061320731137,24710.25297568036,34131.86817771404,Nickel,2005Q3,2006
40.7,12718.8715007215,17102.153423048945,72.09069791810748,21374.370151630777,30292.535041035608,Nickel,2005Q4,2006
29.3,14853.595928226363,20082.377657703855,51.468287719484394,24832.511738189347,35276.641343960655,Nickel,2006Q1,2006
36.0,19915.3771043771,26664.047535650156,62.2068399514116,32997.121399888245,46074.614930750555,Nickel,2006Q2,2006
39.8,28785.732323232325,38029.41561110489,68.13853836194751,47248.08398339424,65107.25614320894,Nickel,2006Q3,2007
42.8,32947.75119617225,42733.78884069034,73.35921992217264,54302.236343772405,73245.7339642965,Nickel,2006Q4,2007
40.6,41341.68939393939,52579.73044845607,69.58841889813574,67475.03069042593,90121.68246301042,Nickel,2007Q1,2007
57.9,47763.8596491228,57431.49456808353,97.99586690465851,77083.83449197981,97202.92051519055,Nickel,2007Q2,2007
66.8,30199.421212121215,35627.93017278054,112.29091318228916,48430.84457676764,59890.61098647246,Nickel,2007Q3,2008
85.9,29238.397306397306,32881.6883787644,143.10151896477439,46321.45121878788,54777.876055035566,Nickel,2007Q4,2008
64.0,28977.592579934688,31987.628413660106,105.2012821802748,45416.32228035001,52580.30504723802,Nickel,2008Q1,2008
86.5,25665.296536796537,27195.49647159848,140.16817776145137,39708.40873931678,44068.707326496406,Nickel,2008Q2,2008
95.0,19000.20671936759,21426.38806078366,152.11522317441447,28950.050192226794,34308.20843881807,Nickel,2008Q3,2009
78.5,10922.766045548655,16238.0070052755,126.10331762598942,17032.77694229814,26084.924267506976,Nickel,2008Q4,2009
41.2,10561.476551226551,15902.644877373847,66.11261275335659,16583.46079307124,25518.57773135842,Nickel,2009Q1,2009
45.2,12998.68086124402,17080.304228343943,72.21901312233177,20302.36059782942,27290.32555752633,Nickel,2009Q2,2009
48.6,17599.31755599473,21098.926098139465,76.90635929128283,27253.50891611875,33387.68706098226,Nickel,2009Q3,2010
51.3,17507.476551226548,19249.56190349263,80.74850598729552,26900.67373400276,30299.67572352808,Nickel,2009Q4,2010
47.6,19977.757971014493,22109.88818867579,74.2162182744635,30647.74492860298,34472.94722341901,Nickel,2010Q1,2010
56.4,22456.59848484848,25409.140625535736,87.38611324305842,34462.67239023976,39368.90142042309,Nickel,2010Q2,2010
69.3,21229.148268398272,23424.836253198035,106.59449372991809,32483.75977791158,36031.148068050155,Nickel,2010Q3,2011
62.4,23576.49242424242,23866.067375059814,95.5849801200975,35785.78000672269,36558.294480608965,Nickel,2010Q4,2011
67.6,26914.58260869565,26772.687365657664,102.07561715911767,40421.14700420918,40426.60629966892,Nickel,2011Q1,2011
71.6,24305.882828282833,22872.537165887232,107.1347054113059,36092.939900311554,34224.0576993921,Nickel,2011Q2,2011
73.6,22030.07503607504,20979.0258414199,109.46519802558596,32501.55515469747,31202.08176786569,Nickel,2011Q3,2012
49.3,18386.02837301587,18142.913334335768,73.32383509050798,27004.17381517957,26983.934794892783,Nickel,2011Q4,2012
64.1,19654.36417748918,18616.20071747783,95.240429445797,28705.36045389343,27660.139640900823,Nickel,2012Q1,2012
78.4,17154.939393939392,16976.12421883434,115.90739767467369,25002.150054087953,25097.683428661872,Nickel,2012Q2,2012
43.9,16373.45340909091,15753.298555938783,64.00967011499203,23755.936735553547,22969.554528214623,Nickel,2012Q3,2013
49.3,16984.20092226614,16347.729327129884,71.74234487293771,24479.28326694088,23789.542297695545,Nickel,2012Q4,2013
31.0,17305.289393939394,16663.735574327777,44.935600431891956,24842.212769052676,24154.67624099021,Nickel,2013Q1,2013
40.3,14952.60357142857,15083.832917813548,58.1889788113347,21488.39500170841,21779.474790282024,Nickel,2013Q2,2013
37.8,13953.32332643202,15224.57536981126,53.94948291911033,19944.460507123615,21729.046795352922,Nickel,2013Q3,2014
19.2,13908.738026224979,14997.021916642681,27.19372845773083,19807.49003718766,21240.88237894891,Nickel,2013Q4,2014
16.8,14660.96507936508,16337.764287394688,23.659060354046503,20749.514461554918,23008.10424557479,Nickel,2014Q1,2014
25.6,18467.82817460317,19797.564596680193,35.88168489556576,25999.252468099985,27748.827131159655,Nickel,2014Q2,2014
24.3,18584.21587615283,20098.286816315245,33.8995138397837,26096.341294233593,28037.948645498804,Nickel,2014Q3,2015
22.5,15860.489061421671,18527.16579092945,31.329546755670563,22327.097894044626,25797.6758620882,Nickel,2014Q4,2015
19.2,14392.84265873016,18307.62263141424,26.684482986391817,20393.065909337227,25444.241907773703,Nickel,2015Q1,2015
16.7,13055.831459330142,16776.96152573907,23.058807467662696,18373.371996985737,23165.073396071963,Nickel,2015Q2,2015
14.7,10578.881093544138,14584.184219765828,20.203310888094038,14831.559715063171,20044.136587834302,Nickel,2015Q3,2016
14.6,9422.982864357866,13091.718887173434,19.991827232223187,13211.993683670522,17926.533025014007,Nickel,2015Q4,2016
10.7,8507.679166666667,11789.476419234146,14.678620511676973,11936.054291035356,16173.200970962835,Nickel,2016Q1,2016
10.6,8822.519805194805,11824.84895482483,14.48787584850088,12279.557708134811,16161.975809884672,Nickel,2016Q2,2016
12.3,10263.54329004329,13534.93774237543,16.688480415067488,14224.854498826506,18364.02792136505,Nickel,2016Q3,2017
17.9,10786.974062049063,14387.108071910014,24.153999971029773,14856.004982432467,19413.754634196463,Nickel,2016Q4,2017
20.0,10273.142443064182,13546.40557742189,26.865608958672258,14049.475432281039,18196.621751929666,Nickel,2017Q1,2017
30.4,9232.052729677729,12291.376287681705,40.76192616090962,12611.138324885678,16480.92673205385,Nickel,2017Q2,2017
39.7,10532.385281385279,13334.383796487102,52.89736884915767,14318.963436929438,17767.09869166271,Nickel,2017Q3,2018
48.9,11600.95933014354,15094.933201956374,64.74884415955665,15647.230174965962,19987.310378167498,Nickel,2017Q4,2018
46.0,13284.416666666666,16899.86006275973,60.63844423395639,17768.134851229668,22277.85265168093,Nickel,2018Q1,2018
65.5,14470.080952380953,19117.55972041347,86.0383021758426,19249.18655073772,25112.097405948873,Nickel,2018Q2,2018
47.0,13238.52196969697,18106.850510208315,61.46541348810372,17540.389817002862,23679.681991005018,Nickel,2018Q3,2019
50.2,11463.235966645863,15975.151158980627,65.30508765845317,15126.639617069812,20782.044756857962,Nickel,2018Q4,2019
48.3,12411.529906204907,17424.582207222953,62.83338115345195,16334.379743455482,22667.60694132706,Nickel,2019Q1,2019
57.2,12244.34484126984,17490.25546319851,73.95764986610241,15996.822021939251,22614.304014264337,Nickel,2019Q2,2019
64.4,15650.609385783298,22827.609955926633,82.83402131712852,20379.763362899124,29361.843629011204,Nickel,2019Q3,2020
59.8,15349.15063837129,22449.03076984881,76.38780869719946,19847.809753377245,28676.12488101597,Nickel,2019Q4,2020
36.8,12689.546969696969,19291.86687735818,46.84661510569333,16349.76723798654,24558.659300920455,Nickel,2020Q1,2020
41.7,12236.922345295054,18608.4585542808,54.10520419859786,15921.959984432726,24144.231412482204,Nickel,2020Q2,2020
48.9,14278.52513551666,19954.15074605207,62.46427834938216,18368.40413542211,25489.194814456612,Nickel,2020Q3,2021
54.0,15956.711847041845,21835.57703832757,68.390349955894,20380.262154633063,27654.49546555752,Nickel,2020Q4,2021
45.7,17618.072144927537,22792.796772082715,57.53486408394801,22276.036160216758,28695.41497537916,Nickel,2021Q1,2021
61.3,17367.63946969697,22548.54304284023,76.59015046027555,21566.24196794439,28172.859776690584,Nickel,2021Q2,2021
61.5,19112.22767676768,26023.09400912406,76.2622567814849,23360.336380184966,32269.591505244553,Nickel,2021Q3,2022
68.2,19770.268203463198,27114.750210473434,83.45502043145801,23649.601268226812,33179.795202477144,Nickel,2021Q4,2022
64.5,26765.042156862746,36963.18485963644,77.27111904463962,31327.534627718884,44281.96368306958,Nickel,2022Q1,2022
81.5,29079.92150793651,40709.17616603338,95.93371493360299,33255.01448908548,47918.80369931376,Nickel,2022Q2,2022
79.2,22096.916841709015,32355.891509726207,91.5564846099635,24940.35617522377,37403.9353920694,Nickel,2022Q3,2023
90.3,25527.170346320345,38846.25699450189,102.47282373083365,28513.9312203036,44082.897514952994,Nickel,2022Q4,2023
78.6,26096.01638998683,38144.63514420215,87.98481218268047,28889.158277337123,42699.091080655206,Nickel,2023Q1,2023
83.5,22379.62009683794,33495.739518316615,92.700853619576,24598.002861808676,37186.63049062174,Nickel,2023Q2,2023
86.8,20394.087674258106,31131.258852477644,95.224955634279,22225.822512934123,34152.911786479715,Nickel,2023Q3,2024
74.7,17244.9743001443,26465.583640491554,81.46878628397103,18659.342526055643,28863.70786462873,Nickel,2023Q4,2024
48.5,16615.830572808834,25282.7610663555,52.394283003201686,17816.253586057086,27312.82759614349,Nickel,2024Q1,2024
55.2,18402.306037549406,27917.531283260792,59.030782030885256,19600.871124652673,29854.958406206308,Nickel,2024Q2,2024
54.0,16268.613521237216,24280.304742904154,57.622966059017955,17270.819487248595,25909.318075981086,Nickel,2024Q3,2025
50.8,15977.13582031495,24502.30419228343,54.09157616481873,16829.232459904422,26089.926248631036,Nickel,2024Q4,2025
43.6,15569.764591442372,24803.150899706412,45.99612160630907,16251.914978754114,26166.25561932409,Nickel,2025Q1,2025
47.6,15166.504357864358,23654.54279885265,49.85568728405933,15766.304628819895,24775.493458550318,Nickel,2025Q2,2025
41.1,15028.419666227492,22968.69886325461,42.477876194932804,15504.376577215382,23738.723763309565,Nickel,2025Q3,2026
30.5,14880.63761594203,22670.07558796775,31.335033392032425,15242.886548066546,23290.740181930116,Nickel,2025Q4,2026
24.9,17320.086621212122,24898.29884691953,25.237082076832305,17602.936154489696,25235.357894506316,Nickel,2026Q1,2026
24.5,18081.983463203458,25460.41039594967,24.682800078196266,18108.44700389022,25650.376314777775,Nickel,2026Q2,2026
,16632.36136363636,23635.585282984735,,16632.36136363636,23635.585282984735,Nickel,2026Q3,2027
,2197.0857990620934,2919.06882072023,,5283.653333544479,7233.46400387154,Copper,1992Q1,1992
,2243.30793679708,2959.639302691956,,5353.628704434131,7358.566774996627,Copper,1992Q2,1992
,2486.78972958832,3402.8321422938147,,5889.735402736337,8446.331821556538,Copper,1992Q3,1993
,2212.06544784902,3168.6942384314852,,5193.582884476238,7825.90744393287,Copper,1992Q4,1993
,2209.59185496928,3212.0829407897663,,5150.305324279932,7867.612727578522,Copper,1993Q1,1993
,1870.2810029246,2691.0518027692087,,4328.149525380099,6569.726363265134,Copper,1993Q2,1993
,1912.2203976394667,2858.326453870653,,4404.825883778228,6943.836212657314,Copper,1993Q3,1994
,1667.7310358271268,2502.472419087371,,3810.058944823089,6069.412667017693,Copper,1993Q4,1994
,1861.7734334609966,2630.7382131708305,,4232.101638739641,6349.380502904677,Copper,1994Q1,1994
,2129.653186875407,2940.4268964590483,,4813.689838683115,7050.96503511468,Copper,1994Q2,1994
,2453.94301314036,3321.8252140696154,,5495.777598911632,7914.391708208096,Copper,1994Q3,1995
,2776.756387198893,3675.0647026940833,,6182.754324184215,8686.28668746886,Copper,1994Q4,1995
,2931.128677087403,3918.795860449311,,6478.895330572406,9117.18526916862,Copper,1995Q1,1995
,2884.7140073832197,3965.4243136682826,,6324.5979583832805,9097.335109932612,Copper,1995Q2,1995
,3009.003765781654,4060.733826965795,,6564.0111455477945,9202.208697934624,Copper,1995Q3,1996
,2903.299285447693,3883.4928911820402,,6299.082754175752,8733.88291287836,Copper,1995Q4,1996
,2571.00553406372,3399.7516649143386,,5528.966191672163,7622.861365896228,Copper,1996Q1,1996
,2476.845627185057,3130.0968370846163,,5281.065632919791,6965.635711763029,Copper,1996Q2,1996
,1978.95447872416,2509.7710573546738,,4195.333171831552,5568.482204581811,Copper,1996Q3,1997
,2146.7398665110236,2700.0752974731977,,4511.833845158597,5981.772125398653,Copper,1996Q4,1997
,2418.0295214497896,3109.6058660619724,,5051.232870600778,6878.783374610477,Copper,1997Q1,1997
,2504.6345949605297,3255.5908946627337,,5220.159422816736,7223.24847487717,Copper,1997Q2,1997
,2267.8684338729868,3084.8357749349175,,4703.175512316497,6875.220373819646,Copper,1997Q3,1998
,1910.2159682769768,2759.231501194535,,3940.228078597485,6131.129790132841,Copper,1997Q4,1998
,1699.5863864395133,2548.6149951607217,,3498.5461201157864,5646.225551817878,Copper,1998Q1,1998
,1729.4593978454566,2747.9361228411467,,3548.35695848023,6051.673884774566,Copper,1998Q2,1998
,1640.7881658813467,2741.1953542596425,,3349.2567511902735,6027.8856991871235,Copper,1998Q3,1999
,1544.9959983098333,2477.278458006146,,3138.9900825449436,5423.429130908395,Copper,1998Q4,1999
,1407.8091003832733,2219.702160692605,,2849.847731624914,4859.5253074334505,Copper,1999Q1,1999
,1465.4438197767133,2241.768119591117,,2944.4736782601735,4886.21292252187,Copper,1999Q2,1999
6.5,1678.5339105339135,2581.9626373387377,14.043826232728144,3347.751556301227,5578.559172027955,Copper,1999Q3,2000
8.3,1738.31359816654,2701.0622025688194,17.829077012173776,3441.5925917739505,5802.1019306350845,Copper,1999Q4,2000
6.5,1796.8916666666667,2847.388020283118,13.84233675994699,3522.710510679992,6063.769825076567,Copper,2000Q1,2000
7.0,1739.69268445323,2949.798255445481,14.800955817140839,3384.0489920473706,6237.119092618242,Copper,2000Q2,2000
6.9,1874.0532091097332,3268.887509348915,14.049160358028425,3612.394634382895,6655.8151900288485,Copper,2000Q3,2001
7.7,1847.4583333333333,3471.7959158105737,15.635154671968488,3535.9228544097946,7049.618978338545,Copper,2000Q4,2001
5.8,1765.1136363636367,3326.0102437603855,11.64963629722798,3346.3102589281107,6680.484424252254,Copper,2001Q1,2001
12.3,1653.7637566137564,3222.6640271784795,24.5062954774286,3113.382992729597,6420.776981667952,Copper,2001Q2,2001
10.0,1473.6263955342868,2876.1168346905597,19.87047509133419,2766.446658125031,5714.9807923485705,Copper,2001Q3,2002
10.3,1428.1721091994102,2792.1253356782217,20.276579607648397,2683.1290681630744,5496.577829457423,Copper,2001Q4,2002
8.1,1558.995757575757,3006.9353688615597,15.798985768648649,2919.5887304584576,5865.00359257902,Copper,2002Q1,2002
13.1,1612.0628667628669,2925.349988076821,25.38465776759006,2995.4188055635964,5668.626587614791,Copper,2002Q2,2002
11.1,1516.7115942029002,2771.768264259686,21.36965202509756,2803.14529138387,5336.191288417852,Copper,2002Q3,2003
10.1,1553.3905797101434,2784.0203949641136,19.31916909460254,2854.062057284302,5325.243640904343,Copper,2002Q4,2003
8.6,1662.716406926407,2802.3310229096746,16.24070060865717,3023.8285710810546,5292.071994119538,Copper,2003Q1,2003
10.0,1641.3582142857142,2561.9535082503344,18.884535591461827,2989.8780395172193,4838.130221022393,Copper,2003Q2,2003
7.0,1753.0738471673255,2661.549363108288,13.135613288536172,3169.7146681506365,4994.440454591459,Copper,2003Q3,2004
8.9,2060.297774327122,2875.2352993354266,16.616963495487585,3711.117857762409,5368.278652808325,Copper,2003Q4,2004
8.2,2724.4920997239474,3556.313927325345,15.176383705467138,4866.31938660495,6581.949358315393,Copper,2004Q1,2004
13.8,2781.4936602870816,3895.8312623657716,25.413989656474374,4929.4079037196825,7174.53734819806,Copper,2004Q2,2004
15.5,2854.7227633477637,4020.736286405301,28.438845307994775,5027.126083466495,7377.103049891725,Copper,2004Q3,2005
18.3,3093.1665223665223,4085.0059724861626,33.32900395320598,5389.155833576848,7439.845912888597,Copper,2004Q4,2005
15.2,3264.7015873015876,4198.433111241753,27.480791760406355,5659.434592205692,7590.5438190808945,Copper,2005Q1,2005
22.4,3387.1455988455987,4404.992542282294,40.252863763034455,5832.27995079986,7915.784137574643,Copper,2005Q2,2005
31.5,3750.3481240981237,4937.05049466601,56.06260790075771,6361.322938144707,8786.79130376833,Copper,2005Q3,2006
36.7,4303.783585858586,5786.988820570911,65.005617041635,7232.612060860581,10250.320956246747,Copper,2005Q4,2006
24.6,4947.5020186335405,6689.127971472631,43.21228252216096,8271.323829333709,11750.10112724247,Copper,2006Q1,2006
46.7,7228.802549302549,9678.407483334515,80.69609515919227,11977.160866450908,16723.976258342624,Copper,2006Q2,2006
52.7,7679.876984126985,10146.041462207571,90.2236425043878,12605.532096722529,17370.26219584273,Copper,2006Q3,2007
53.5,7069.226076555024,9168.905417062288,91.6990249027158,11651.016267879522,15715.508152707302,Copper,2006Q4,2007
51.2,5957.595454545454,7577.067306951146,87.75682383213177,9723.573033169934,12987.096891021813,Copper,2007Q1,2007
77.1,7648.5108604845445,9196.606245071596,130.49190567097014,12343.570004827456,15565.274638455743,Copper,2007Q2,2007
65.2,7717.495454545454,9104.756916762894,109.60131047133613,12376.555837135802,15305.111803683665,Copper,2007Q3,2008
70.2,7202.918295271556,8100.447925406607,116.94675938681213,11411.351482467686,13494.603054956238,Copper,2007Q4,2008
64.8,7818.12257917521,8630.226933629772,106.51629820752824,12253.273756390943,14186.108420696773,Copper,2008Q1,2008
93.3,8454.102272727272,8958.147364432685,151.187179018999,13079.878040300342,14516.152510879512,Copper,2008Q2,2008
79.2,7671.978458498023,8651.631536102723,126.81605974119606,11689.565525663562,13853.103809863873,Copper,2008Q3,2009
55.7,3909.724680814355,5812.276532429665,89.47713110531988,6096.758652195748,9336.908964319267,Copper,2008Q4,2009
25.8,3453.214880952381,5199.580728195715,41.40061672418932,5422.182524438157,8343.637552500464,Copper,2009Q1,2009
18.0,4681.272448165869,6151.205529542117,28.75978398676929,7311.578945115471,9828.18568265845,Copper,2009Q2,2009
37.0,5867.01268115942,7033.662901006338,58.55010892546223,9085.391061796912,11130.316999970371,Copper,2009Q3,2010
54.0,6655.135101010102,7317.355801000662,84.99842735504791,10225.780824789386,11517.846953377652,Copper,2009Q4,2010
47.0,7233.994927536231,8006.044483937246,73.28071972478538,11097.623250597411,12482.73833896956,Copper,2010Q1,2010
63.7,7024.831798245614,7948.440595435182,98.69672719118479,10780.549735652045,12315.30726912095,Copper,2010Q2,2010
68.9,7260.94191919192,8011.926496092305,105.97922969684497,11110.322942889987,12323.62552167786,Copper,2010Q3,2011
81.8,8633.679834054834,8739.721791795284,125.30210534974319,13104.704534940687,13387.598296857934,Copper,2010Q4,2011
70.9,9639.165398550724,9588.34715861009,107.05859847013971,14476.394720192455,14478.349907559133,Copper,2011Q1,2011
101.5,9160.425757575757,8620.224991445191,151.8739189839043,13602.743774635643,12898.397556391865,Copper,2011Q2,2011
108.9,8982.863095238095,8554.293015177693,161.96684870905312,13252.656645920964,12722.790473849362,Copper,2011Q3,2012
114.6,7511.362734487734,7412.04137999579,170.44445236049117,11032.189266533675,11023.92088906354,Copper,2011Q4,2012
98.7,8324.729617604618,7885.008951729818,146.64946000468277,12158.336041632783,11715.626189496124,Copper,2012Q1,2012
120.4,7870.241626794258,7788.205858418913,178.00064642896317,11470.338518628434,11514.166755152859,Copper,2012Q2,2012
102.5,7727.478560606061,7434.795446527752,149.45310220470805,11211.653841405252,10840.519451131806,Copper,2012Q3,2013
92.1,7913.248907842729,7616.7051859369185,134.0257598944739,11405.344441194153,11083.981546551311,Copper,2012Q4,2013
61.0,7922.3462121212115,7628.64343969303,88.42166536598094,11372.743081692663,11057.98946591677,Copper,2013Q1,2013
63.7,7156.704563492064,7219.514338234706,91.97612779856131,10284.904153060077,10424.222502621995,Copper,2013Q2,2013
54.6,7084.053450655625,7729.46366683647,77.92703088315938,10125.732843107726,11031.761059996774,Copper,2013Q3,2014
43.5,7162.858833678399,7723.313985204756,61.61079103704642,10200.656214701472,10938.83871392985,Copper,2013Q4,2014
36.2,7030.238041125541,7834.298177399288,50.97964195336211,9949.824251871505,11032.86508396942,Copper,2014Q1,2014
42.5,6795.276785714285,7284.556139768753,59.56920343990409,9566.480425963835,10210.240156689113,Copper,2014Q2,2014
44.2,6995.811281291172,7565.765625044527,61.6608441036395,9823.663265819603,10554.558704310975,Copper,2014Q3,2015
40.8,6632.260213940649,7747.364162379078,56.810911450282624,9336.352900719254,10787.618122598304,Copper,2014Q4,2015
31.3,5833.160389610389,7419.750336583069,43.5012665351075,8264.943007134563,10312.09383436593,Copper,2015Q1,2015
28.1,6056.625059808613,7782.8643790909955,38.799550289899514,8523.44223474214,10746.32163259817,Copper,2015Q2,2015
30.2,5267.099999999999,7261.293139102063,41.5061216884653,7384.458477643942,9979.738961827432,Copper,2015Q3,2016
31.4,4884.943001443001,6786.842497257909,42.99612158163069,6849.193828450579,9293.245387499333,Copper,2015Q4,2016
36.6,4674.734722222222,6477.991670131031,50.20911315209133,6558.532162243526,8886.727233986721,Copper,2016Q1,2016
32.2,4736.4138347763355,6348.229238408171,44.01033984167248,6592.341904350067,8676.637458856687,Copper,2016Q2,2016
34.8,4779.593253968254,6303.037391491829,47.21618849141044,6624.322291038378,8551.879354743858,Copper,2016Q3,2017
32.1,5280.847907647908,7043.321799201407,43.315273691064576,7272.8739659714,9504.15611921029,Copper,2016Q4,2017
26.7,5840.034152864045,7700.805440900238,35.865587959827465,7986.788541975345,10344.341382102073,Copper,2017Q1,2017
42.2,5667.741221741223,7545.920944935725,56.58398960494691,7742.229234378539,10117.969485971425,Copper,2017Q2,2017
44.5,6349.303571428572,8038.44982878364,59.293020498426095,8631.990120028491,10710.65102187951,Copper,2017Q3,2018
42.4,6822.680821371611,8877.534031972082,56.14214708313296,9202.347339063253,11754.807107511675,Copper,2017Q4,2018
46.2,6957.185281385281,8850.630075547384,60.90208964366925,9305.354489130288,11667.139962422983,Copper,2018Q1,2018
59.8,6880.881150793651,9090.87217702953,78.55099954374637,9153.46398827768,11941.423013881325,Copper,2018Q2,2018
73.2,6117.519318181818,8367.17331747308,95.72911207083388,8105.411903199857,10942.378035853433,Copper,2018Q3,2019
81.6,6163.607733513626,8589.595949524262,106.15328989899956,8133.364191152168,11174.1895704059,Copper,2018Q4,2019
65.0,6226.351352813853,8741.19240883596,84.55838043425211,8194.282911262573,11371.401125466886,Copper,2019Q1,2019
109.0,6112.830753968255,8731.783764358042,140.93328383575457,7986.20643971717,11289.898712428492,Copper,2019Q2,2019
117.1,5803.295376121463,8464.549848485214,150.61900459993396,7556.8806028598465,10887.464325921133,Copper,2019Q3,2020
123.8,5898.10423567978,8626.322497581583,158.1406474366771,7626.770596850601,11019.161750929929,Copper,2019Q4,2020
95.9,5633.863636363636,8565.14007454057,122.08126056076064,7258.916281650485,10903.473380389989,Copper,2020Q1,2020
83.3,5350.797923444977,8136.858156090294,108.08065970607197,6962.1419518636685,10557.466956122105,Copper,2020Q2,2020
75.8,6528.584575569358,9123.656648207982,96.82601838206887,8398.60411199269,11654.450479301728,Copper,2020Q3,2021
78.7,7184.985533910534,9832.119966123068,99.67260262090478,9176.821024407316,12452.261579472022,Copper,2020Q4,2021
102.8,8477.111775362318,10966.982330452782,129.42196997439507,10718.337789105866,13807.086166163243,Copper,2021Q1,2021
119.6,9707.534166666666,12603.368027004804,149.43200644451804,12054.316944781302,15747.044918344604,Copper,2021Q2,2021
155.3,9381.889523809523,12774.324227943796,192.5776988319448,11467.218728475797,15840.630804575503,Copper,2021Q3,2022
172.5,9703.101197691198,13307.718566825268,211.08491238162034,11607.049132011942,16284.397725667095,Copper,2021Q4,2022
122.3,9985.468804347825,13790.179263013155,146.5156257234019,11687.637848984441,16520.660208980004,Copper,2022Q1,2022
134.6,9545.642236652237,13363.008264095526,158.43776724003632,10916.139192496117,15729.607674394123,Copper,2022Q2,2022
165.9,7760.54435378631,11363.54600808226,191.7830908685978,8759.17403697315,13136.443500045398,Copper,2022Q3,2023
148.4,8024.011861471862,12210.629798323824,168.40495062741655,8962.847006734106,13856.674584342214,Copper,2022Q4,2023
135.6,8933.414744400527,13058.00245234924,151.79059200981516,9889.587309084849,14617.123323803167,Copper,2023Q1,2023
176.2,8482.94377140975,12696.483393648597,195.61545398526096,9323.816680658558,14095.507168359234,Copper,2023Q2,2023
181.1,8367.073706004141,12772.208374300322,198.67787402497612,9118.578781879783,14011.900642793951,Copper,2023Q3,2024
168.0,8179.614704184704,12553.122627662222,183.22297316877018,8850.476077268879,13690.597919002601,Copper,2023Q4,2024
128.8,8449.703029675638,12857.125729877722,139.1419309445851,9060.15809705789,13889.482146370297,Copper,2024Q1,2024
150.7,9736.974704874836,14771.64304152946,161.1583125372175,10371.15598147449,15796.768851858125,Copper,2024Q2,2024
146.3,9208.51978072652,13743.37562418763,156.11555434137642,9775.798206163972,14665.445687572197,Copper,2024Q3,2025
150.5,9173.2087248259,14067.900099416061,160.25161836230748,9662.436607506745,14979.426962728838,Copper,2024Q4,2025
113.4,9347.826256038648,14891.396966926479,119.63211445310661,9757.377939600032,15709.782242627807,Copper,2025Q1,2025
122.6,9512.988304473305,14836.997615502945,128.4098164081024,9889.205053434396,15540.099020017831,Copper,2025Q2,2025
116.6,9812.409776962168,14996.805405719346,120.50901129754659,10123.17327375788,15499.57283074563,Copper,2025Q3,2026
117.1,11114.303450592886,16932.211228813052,120.30598066252449,11384.866087772612,17395.783746091915,Copper,2025Q4,2026
96.2,12822.220454545457,18432.44111535597,97.50230103579389,13031.616582317049,18681.969048378196,Copper,2026Q1,2026
124.3,13318.294942279943,18752.87938929871,125.22743060080798,13337.786677840952,18892.798892105602,Copper,2026Q2,2026
,13542.82086956522,19245.162526027027,,13542.82086956522,19245.162526027027,Copper,2026Q3,2027
,1170.30232747396,1554.8746600628344,,2814.3970510629547,3852.985515196409,Zinc-lead,1992Q1,1992
,1356.0319824218766,1789.039072635397,,3236.1547989660403,4448.097262085798,Zinc-lead,1992Q2,1992
,1350.3094889322933,1847.7141337332969,,3198.0852691280525,4586.299303723867,Zinc-lead,1992Q3,1993
,1090.6926676432302,1562.3731093585877,,2560.7753949612056,3858.683238803854,Zinc-lead,1992Q4,1993
,1045.9869384765643,1520.5508627366833,,2438.0756501467154,3724.4073522137073,Zinc-lead,1993Q1,1993
,971.1634928385416,1397.357543652578,,2247.438114391771,3411.400956308188,Zinc-lead,1993Q2,1993
,897.5429280598956,1341.6187265469293,,2067.5024313100816,3259.243073638548,Zinc-lead,1993Q3,1994
,941.1642456054691,1412.2406526366265,,2150.161612084131,3425.2011093556885,Zinc-lead,1993Q4,1994
,968.6513061523438,1368.7315333507754,,2201.89562621155,3303.4823716242954,Zinc-lead,1994Q1,1994
,949.018798828125,1310.316824597006,,2145.0826720479836,3142.0601295280862,Zinc-lead,1994Q2,1994
,967.6991577148438,1309.9438106418788,,2167.23017811608,3120.9975736385427,Zinc-lead,1994Q3,1995
,1107.5234375000034,1465.818287598716,,2466.0230742265817,3464.569717230635,Zinc-lead,1994Q4,1995
,1069.0600992838565,1429.2884254430098,,2363.0243665160374,3325.27843804248,Zinc-lead,1995Q1,1995
,1034.51021321615,1422.072323885837,,2268.1143315030636,3262.467634638179,Zinc-lead,1995Q2,1995
,1010.5191243489611,1363.7235146409732,,2204.4036203765595,3090.394229898104,Zinc-lead,1995Q3,1996
,1010.2600504557296,1351.3376811874393,,2191.8896522158298,3039.126223212751,Zinc-lead,1995Q4,1996
,1039.5912882487,1374.6964626200468,,2235.6486634234984,3082.3194125870364,Zinc-lead,1996Q1,1996
,1029.9658610026065,1301.6123606756053,,2196.0663401551224,2896.574136293752,Zinc-lead,1996Q2,1996
,1002.4834391276077,1271.3803920451587,,2125.2393986825277,2820.8386050238987,Zinc-lead,1996Q3,1997
,1027.8597819010433,1292.7969753912168,,2160.267587332593,2864.074538377437,Zinc-lead,1996Q4,1997
,1172.8788248697933,1508.331822106216,,2450.128925581414,3336.5925806024284,Zinc-lead,1997Q1,1997
,1301.7079671223967,1691.9947579580546,,2713.019745076499,3754.0646077359193,Zinc-lead,1997Q2,1997
,1601.9774983723967,2179.0671027509366,,3322.230350355969,4856.519968577407,Zinc-lead,1997Q3,1998
,1183.0286458333333,1708.838142183061,,2440.249042783505,3797.111056291595,Zinc-lead,1997Q4,1998
,1062.0666503906266,1592.6221889292613,,2186.231419994216,3528.3101271078567,Zinc-lead,1998Q1,1998
,1054.7128906250034,1675.8321444176738,,2163.9697522303186,3690.6205858790495,Zinc-lead,1998Q2,1998
,1024.0621337890643,1710.8572709067175,,2090.365524661743,3762.173338220277,Zinc-lead,1998Q3,1999
,956.2975260416666,1533.3471823222874,,1942.9231230960602,3356.9095753152374,Zinc-lead,1998Q4,1999
,992.71515151515,1565.220715060414,,2009.567221809349,3426.689315012344,Zinc-lead,1999Q1,1999
,1019.3350478468905,1559.3315708228397,,2048.120287661769,3398.757438499295,Zinc-lead,1999Q2,1999
16.1,1131.28318903319,1740.1679572884018,34.785477284142026,2256.287485725334,3759.7871396799706,Zinc-lead,1999Q3,2000
14.7,1159.8659494100666,1802.2467748641423,31.57679904565717,2296.355538581083,3871.3730775897116,Zinc-lead,1999Q4,2000
10.0,1129.9416666666666,1790.5266215930694,21.295902707610754,2215.190520086224,3813.088072883298,Zinc-lead,2000Q1,2000
14.6,1134.26160737813,1923.2379032014867,30.870564990036605,2206.364884710868,4066.537033019399,Zinc-lead,2000Q2,2000
14.9,1176.7126293995866,2052.5250818063605,30.338041932554134,2268.212219370745,4179.167248285938,Zinc-lead,2000Q3,2001
16.3,1069.8751515151532,2010.5396232432095,33.09779495494628,2047.6759509817934,4082.4802576011466,Zinc-lead,2000Q4,2001
13.1,1019.9675757575766,1921.9287276381694,26.31210956787699,1933.6590530018793,3860.3052872722083,Zinc-lead,2001Q1,2001
15.5,935.0097883597883,1822.0392108342742,30.8819170650523,1760.2535800371584,3630.197664403703,Zinc-lead,2001Q2,2001
11.4,827.6154545454543,1615.2796588617284,22.65234160412098,1553.6868879237104,3209.6374226950766,Zinc-lead,2001Q3,2002
9.3,764.68505773851,1494.9854501241643,18.307979645740783,1436.6256652066274,2943.0283001668627,Zinc-lead,2001Q4,2002
6.7,795.886818181818,1535.0780857306504,13.068296870363698,1490.4865351894073,2994.157633360859,Zinc-lead,2002Q1,2002
10.3,781.7494708994706,1418.611427956939,19.958929389784554,1452.5904135946596,2748.9286720518426,Zinc-lead,2002Q2,2002
8.8,766.6662525879916,1401.0713680336103,16.94170610998726,1416.9318044505233,2697.334017766275,Zinc-lead,2002Q3,2003
10.3,771.3051759834367,1382.349918125521,19.70172689845606,1417.1277115457221,2644.1437441759326,Zinc-lead,2002Q4,2003
6.7,786.0859812409813,1324.8640133274964,12.652638846279425,1429.5818814927784,2501.9441613530066,Zinc-lead,2003Q1,2003
10.9,774.4892857142858,1208.8802586591348,20.584143794693393,1410.800206222037,2282.9142270464013,Zinc-lead,2003Q2,2003
5.8,820.8667457180501,1246.2551807460275,10.883793867644256,1484.2006619994015,2338.6180161592238,Zinc-lead,2003Q3,2004
6.3,930.3500258799171,1298.3439910870127,11.762569665345143,1675.7959155395806,2424.1050229751177,Zinc-lead,2003Q4,2004
6.2,1067.8237491373359,1393.8438182186865,11.474826704133692,1907.2807781056542,2579.696172046363,Zinc-lead,2004Q1,2004
11.5,1026.237101275917,1437.3739688256928,21.178324713728646,1818.7139342959215,2647.0584910305565,Zinc-lead,2004Q2,2004
7.8,981.6200577200578,1382.5634615775464,14.311160864668338,1728.6189256540563,2536.677962083201,Zinc-lead,2004Q3,2005
7.9,1116.4181818181817,1474.403304038803,14.387930668323891,1945.1107833190838,2685.2674070453127,Zinc-lead,2004Q4,2005
7.0,1314.177857142857,1690.0435405643734,12.655627784397664,2278.157260667871,3055.5088555440407,Zinc-lead,2005Q1,2005
8.6,1272.1303138528137,1654.4091128656326,15.454224480450728,2190.4638899541765,2972.9778852010268,Zinc-lead,2005Q2,2005
13.1,1298.0679292929292,1708.8085426647888,23.31492582539448,2201.7767472897845,3041.2782001549604,Zinc-lead,2005Q3,2006
17.8,1637.721248196248,2202.126190932161,31.528609900302534,2752.2300356719265,3900.5605407381595,Zinc-lead,2005Q4,2006
14.8,2246.373550724638,3037.1448249916234,25.997633387316352,3755.528145256917,5335.039034075493,Zinc-lead,2006Q1,2006
25.5,3270.190885040885,4378.351700416234,44.063178298916554,5418.269765566516,7565.65065218843,Zinc-lead,2006Q2,2006
26.3,3351.5878427128428,4427.850769833772,45.02622007334723,5501.20115382348,7580.584913097921,Zinc-lead,2006Q3,2007
34.1,4196.55442583732,5443.001849335045,58.447415872572144,6916.474781677872,9329.307703321545,Zinc-lead,2006Q4,2007
33.5,3454.1401515151515,4393.08989933248,57.419015593289345,5637.607367992191,7529.758132313241,Zinc-lead,2007Q1,2007
45.5,3681.0112781954886,4426.065665164916,77.00884186808226,5940.6100389699795,7491.125074866667,Zinc-lead,2007Q2,2007
56.9,3226.0219696969702,3805.9168308195017,95.64899640826725,5173.574934373966,6397.752641146194,Zinc-lead,2007Q3,2008
51.5,2637.7295417947594,2966.40749189694,85.79427504872969,4178.86996397946,4941.762723619777,Zinc-lead,2007Q4,2008
39.0,2444.6898306371986,2698.6310085408973,64.10703132860496,3831.5405573268486,4435.928784842977,Zinc-lead,2008Q1,2008
39.1,2121.003391053391,2247.460501963893,63.35925723089884,3281.538924308774,3641.877955504228,Zinc-lead,2008Q2,2008
34.8,1778.5394598155465,2005.645370614833,55.72220806810129,2709.907707374132,3211.465191155858,Zinc-lead,2008Q3,2009
20.2,1195.0905365769497,1776.6459909469022,32.44951612796161,1863.6040038285105,2854.024887965834,Zinc-lead,2008Q4,2009
17.6,1181.248163780664,1778.631043636816,28.242281176191163,1854.7768880544513,2854.1248888121186,Zinc-lead,2009Q1,2009
7.9,1479.1428827751197,1943.5980238821599,12.622349638637633,2310.241516225626,3105.4144068868095,Zinc-lead,2009Q2,2009
12.3,1759.3396409749673,2109.1827537263835,19.463955129275284,2724.4339696262928,3337.6454047131388,Zinc-lead,2009Q3,2010
10.4,2213.8100865800866,2434.095752149628,16.370067490601823,3401.5743316225157,3831.376128968905,Zinc-lead,2009Q4,2010
13.0,2283.5751811594205,2527.2901993869705,20.26913524302574,3503.2174170397293,3940.4605269036924,Zinc-lead,2010Q1,2010
15.9,2027.9336124401916,2294.561679610989,24.635446818521793,3112.137030095425,3555.191964143054,Zinc-lead,2010Q2,2010
19.0,2015.1488816738813,2223.5716658164056,29.225041570973215,3083.478025657052,3420.2091773432953,Zinc-lead,2010Q3,2011
18.7,2314.726262626263,2343.156562248208,28.64485782445229,3513.4269898839107,3589.272009948252,Zinc-lead,2010Q4,2011
18.0,2396.9135869565216,2384.2769192843148,27.179898060120095,3599.758460436003,3600.2446451802703,Zinc-lead,2011Q1,2011
19.8,2255.181228956229,2122.190616960065,29.6266364126237,3348.823868529214,3175.422717523102,Zinc-lead,2011Q2,2011
22.0,2224.071284271284,2117.961417266245,32.72057549677841,3281.2314708575177,3150.04165695109,Zinc-lead,2011Q3,2012
22.9,1905.9616161616166,1880.7594396700379,34.05914449437389,2799.3494692647637,2797.2514198637336,Zinc-lead,2011Q4,2012
21.2,2027.6456349206346,1920.5433349420337,31.499174793305716,2961.3931184720695,2853.5627455404438,Zinc-lead,2012Q1,2012
21.4,1928.8765948963319,1908.7708750128631,31.637988650995112,2811.2056215397606,2821.9472561218213,Zinc-lead,2012Q2,2012
21.1,1891.3060606060608,1819.6716531920663,30.765467868481366,2744.060522893758,2653.225107936819,Zinc-lead,2012Q3,2013
19.6,1952.261790097774,1879.1020823579706,28.52231155191845,2813.7896854703517,2734.5068893302428,Zinc-lead,2012Q4,2013
18.5,2029.748863636364,1954.5005908872065,26.816406709354876,2913.7596020703695,2833.1179869678786,Zinc-lead,2013Q1,2013
20.6,1841.8748015873016,1858.0397473895912,29.744242270806325,2646.959313214767,2682.814776463291,Zinc-lead,2013Q2,2013
13.1,1860.2977915804004,2029.7848244194222,18.69677847196681,2659.053686900554,2896.97993953664,Zinc-lead,2013Q3,2014
12.3,1908.7428743961354,2058.091731009742,17.420982293233816,2718.2484418693048,2914.9576913635487,Zinc-lead,2013Q4,2014
10.1,2026.45386002886,2258.222792647591,14.223601760468432,2868.019495764571,3180.204127626952,Zinc-lead,2014Q1,2014
10.3,2071.4275793650795,2220.5762866161294,14.436771657200286,2916.1831102240662,3112.422601676776,Zinc-lead,2014Q2,2014
13.1,2310.732658102767,2498.989897010923,18.275046555603556,3244.7787136911265,3486.1951686914167,Zinc-lead,2014Q3,2015
16.9,2235.2709972394755,2611.0945376989434,23.531970674259224,3146.631493002086,3635.7514845473365,Zinc-lead,2014Q4,2015
8.7,2079.845797258298,2645.5532718994677,12.091406353208791,2946.911421908687,3676.8344413330497,Zinc-lead,2015Q1,2015
13.2,2192.206180223285,2817.0215628672386,18.22612326785315,3085.0750309394803,3889.6501706832287,Zinc-lead,2015Q2,2015
16.4,1842.8498517786563,2540.5769750176783,22.539748201683143,2583.669991264981,3491.7052014568485,Zinc-lead,2015Q3,2016
12.3,1611.8120490620488,2239.353562351756,16.842429791530495,2259.926704527973,3066.3540774246467,Zinc-lead,2015Q4,2016
9.2,1677.2994047619047,2324.3097668648506,12.620869972656834,2353.2077744538888,3188.566450410609,Zinc-lead,2016Q1,2016
12.0,1916.8639971139974,2569.1783904489985,16.401368885095334,2667.972709718111,3511.503542780793,Zinc-lead,2016Q2,2016
11.9,2251.564393939394,2969.2264195429166,16.14576560482139,3120.576880071919,4028.6078821498304,Zinc-lead,2016Q3,2017
13.4,2514.172348484848,3353.273038480658,18.081765341441283,3462.561115001869,4524.857925939483,Zinc-lead,2016Q4,2017
7.7,2779.0760179434096,3664.5545487364193,10.343259449088817,3800.644297003584,4922.524475703815,Zinc-lead,2017Q1,2017
21.6,2592.8428932178936,3452.0608350657617,28.96242121959368,3541.866726557256,4628.705554668374,Zinc-lead,2017Q2,2017
27.6,2961.5916305916307,3749.4829894391,36.77499698329349,4026.3360236647363,4995.913971939608,Zinc-lead,2017Q3,2018
29.3,3229.9521531100477,4202.748290826745,38.796342206032925,4356.519435640025,5564.88945040049,Zinc-lead,2017Q4,2018
18.6,3414.533766233766,4343.822109533245,24.519023103295414,4566.997402659909,5726.1437989382275,Zinc-lead,2018Q1,2018
27.8,3112.163492063492,4111.723466856246,36.517019854785104,4140.033205914324,5401.003146639402,Zinc-lead,2018Q2,2018
26.0,2534.266666666667,3466.2168323151277,34.00214363171695,3357.7785598211535,4533.03086888669,Zinc-lead,2018Q3,2019
26.0,2628.5521895152906,3663.14701005522,33.82335217370085,3468.580931348627,4765.381207120653,Zinc-lead,2018Q4,2019
14.8,2709.1624278499276,3803.400853362246,19.253292775798943,3565.4337714707794,4947.8371738855985,Zinc-lead,2019Q1,2019
22.4,2758.894841269841,3940.9030205740037,28.96243631120094,3604.4027120411433,5095.453247410446,Zinc-lead,2019Q2,2019
27.3,2350.3607660455486,3428.180813952084,35.11442208008708,3060.5706812261133,4409.47209040183,Zinc-lead,2019Q3,2020
16.0,2383.2219547964105,3485.601532951069,20.43820968486942,3081.716837192381,4452.465938022265,Zinc-lead,2019Q4,2020
6.8,2123.723106060606,3228.687639072527,8.656439747791161,2736.2977216556924,4110.138237069033,Zinc-lead,2020Q1,2020
8.4,1968.1347256778308,2992.9056047412273,10.898890054393814,2560.8205610835985,3883.255848720674,Zinc-lead,2020Q2,2020
13.1,2344.522850868938,3276.4562130743993,16.733784179486836,3016.077838625757,4185.3061941317355,Zinc-lead,2020Q3,2021
23.1,2630.7028210678213,3599.9217548708953,29.25587192557688,3359.991310129118,4559.257567212159,Zinc-lead,2020Q4,2021
13.4,2747.261485507246,3554.178471051679,16.870178965533988,3473.59777445059,4474.5990210514765,Zinc-lead,2021Q1,2021
15.0,2916.828257575757,3786.941088296738,18.74147238016531,3621.9674004387866,4731.523454108431,Zinc-lead,2021Q2,2021
20.0,2990.494350649351,4071.8390831698143,24.800733912678012,3655.196827690074,5049.229881846868,Zinc-lead,2021Q3,2022
24.3,3356.799494949495,4603.821196328282,29.73543983115,4015.472565973299,5633.606920855664,Zinc-lead,2021Q4,2022
21.2,3727.1274637681163,5147.255163331192,25.39763912785054,4362.470793014581,6166.421185719388,Zinc-lead,2022Q1,2022
25.1,3931.295346320346,5503.446588409258,29.54522999795626,4495.723403760808,6478.111363984829,Zinc-lead,2022Q2,2022
29.6,3273.487130309304,4793.2747905739525,34.21808010675404,3694.720650386032,5541.103403971088,Zinc-lead,2022Q3,2023
26.4,3007.551219336219,4576.77470731899,29.958832187087577,3359.444366384885,5193.743386919565,Zinc-lead,2022Q4,2023
21.2,3132.393654808959,4578.630366608301,23.73127249710975,3467.663980906482,5125.317211958637,Zinc-lead,2023Q1,2023
22.7,2543.862623188406,3807.4176160273487,25.20130990616018,2796.023337951019,4226.956444214925,Zinc-lead,2023Q2,2023
27.6,2435.1016356107652,3717.144917738918,30.27890294361867,2653.8150476990777,4077.93732578196,Zinc-lead,2023Q3,2024
30.1,2500.453614718615,3837.4057929997157,32.82744935940466,2705.531458354113,4185.124396717084,Zinc-lead,2023Q4,2024
21.2,2446.2957418909596,3722.300276766524,22.90224329212115,2623.0301935880493,4021.1804973979633,Zinc-lead,2024Q1,2024
25.4,2829.977602108036,4293.265641630396,27.162714920008792,3014.297564195929,4591.210657459649,Zinc-lead,2024Q2,2024
15.2,2781.943562331389,4151.948006066447,16.2197978536495,2953.3214386105124,4430.510352451373,Zinc-lead,2024Q3,2025
12.8,3047.9084139531965,4674.228218924235,13.629373521844093,3210.4602346621223,4977.093931411127,Zinc-lead,2024Q4,2025
14.7,2836.622366804693,4518.833422055054,15.507866688365672,2960.9018981237796,4767.174577970138,Zinc-lead,2025Q1,2025
20.9,2636.2054545454544,4111.5759623791855,21.890417315899995,2740.461300759017,4306.416920693948,Zinc-lead,2025Q2,2025
22.2,2829.893453792584,4325.070233520684,22.944254295073193,2919.51747126122,4470.068075763522,Zinc-lead,2025Q3,2026
31.7,3163.6725434782616,4819.732698778583,32.5678871648337,3240.6878589536464,4951.688034652375,Zinc-lead,2025Q4,2026
18.1,3237.568863636363,4654.1312908663995,18.345027533761638,3290.4407032559193,4717.136280479872,Zinc-lead,2026Q1,2026
29.1,3457.000822510823,4867.6440756277425,29.317121725531074,3462.060249874356,4903.962676348409,Zinc-lead,2026Q2,2026
,3593.775,5106.970299843683,,3593.775,5106.970299843683,Zinc-lead,2026Q3,2027
2.4,,,7.096371286204511,,,Iron ore,1988Q3,1989
1.6,,,4.638513592969493,,,Iron ore,1988Q4,1989
1.5,,,4.306550369299002,,,Iron ore,1989Q1,1989
1.6,,,4.4809798304889705,,,Iron ore,1989Q2,1989
2.2,,,6.024933037440938,,,Iron ore,1989Q3,1990
3.2,,,8.604779311203618,,,Iron ore,1989Q4,1990
2.5,,,6.602866769259356,,,Iron ore,1990Q1,1990
3.4,,,8.838359008075694,,,Iron ore,1990Q2,1990
4.5,,,11.616451526298158,,,Iron ore,1990Q3,1991
2.5,,,6.289510126950647,,,Iron ore,1990Q4,1991
1.7,,,4.284127958483004,,,Iron ore,1991Q1,1991
2.5,,,6.289510126950647,,,Iron ore,1991Q2,1991
8.0,,,20.024610963029875,,,Iron ore,1991Q3,1992
12.4,,,30.727248707303996,,,Iron ore,1991Q4,1992
6.3,14.31,19.01240035429584,15.611424746452837,34.41334846153846,47.11280275881313,Iron ore,1992Q1,1992
10.2,14.31,18.87945819956902,25.360313683054805,34.150651145038175,46.940096285018775,Iron ore,1992Q2,1992
9.5,14.31,19.58128078817734,23.58040272027583,33.891934090909096,48.60363018568651,Iron ore,1992Q3,1993
7.2,14.31,20.49849591749033,17.78225646164219,33.59763661112415,50.626321039269236,Iron ore,1992Q4,1993
2.8,12.58,18.28754179386539,6.858264883970722,29.322537931034475,44.79314489250498,Iron ore,1993Q1,1993
4.5,12.58,18.100719424460433,10.985953003309229,29.112267591950037,44.18970064960195,Iron ore,1993Q2,1993
6.1,12.58,18.804185351270554,14.818951432174796,28.97820234860695,45.68169007247395,Iron ore,1993Q3,1994
9.0,12.58,18.876606812384335,21.82829812089613,28.739970952272206,45.782689001296006,Iron ore,1993Q4,1994
2.5,11.449999999999998,16.179171965522112,6.0338391626316215,26.027637355146545,39.04900856980758,Iron ore,1994Q1,1994
1.2,11.449999999999998,15.8090942562592,2.877527087079363,25.880621780388605,37.909247453813855,Iron ore,1994Q2,1994
2.9,11.449999999999998,15.49950365490479,6.909374959462415,25.643078576225648,36.928235323205286,Iron ore,1994Q3,1995
2.5,11.449999999999998,15.154188908986628,5.908934529167062,25.494687736478955,35.81804404233264,Iron ore,1994Q4,1995
1.3,12.270000000000001,16.404474352689515,3.0244853960216935,27.121308705258507,38.165456237786046,Iron ore,1995Q1,1995
5.3,12.270000000000001,16.866752199413494,12.159071077576547,26.901390138067065,38.695101668026275,Iron ore,1995Q2,1995
4.9,12.270000000000001,16.558704453441297,11.104106927779553,26.76647256868731,37.524413231941146,Iron ore,1995Q3,1996
1.1,12.270000000000001,16.41252006420546,2.4738737712075425,26.62134964216005,36.911366278414015,Iron ore,1995Q4,1996
3.6,12.97,17.150791202009962,8.07185454173985,27.892079793637144,38.455192182882215,Iron ore,1996Q1,1996
4.5,12.97,16.390749399721976,10.014182414921327,27.65429565217391,36.47554542357292,Iron ore,1996Q2,1996
6.1,12.97,16.448953709575143,13.534199204508884,27.496070184361095,36.49564200182547,Iron ore,1996Q3,1997
3.8,12.97,16.31309743417743,8.418555622425384,27.259234285714285,36.1401889799125,Iron ore,1996Q4,1997
6.6,13.04,16.76954732510288,14.599911444701513,27.240393902693672,37.09604635064139,Iron ore,1997Q1,1997
9.3,13.04,16.949740034662046,20.634106983923385,27.177967999999996,37.6067472284845,Iron ore,1997Q2,1997
4.0,13.04,17.73747449557923,8.91486079055822,27.04275422885572,39.531778976041444,Iron ore,1997Q3,1998
6.3,13.04,18.835764841831573,13.998868040291203,26.897782762886596,41.853870866469315,Iron ore,1997Q4,1998
7.1,13.410000000000002,20.108967309807063,15.729406557689533,27.60407111111111,44.54959468609066,Iron ore,1998Q1,1998
12.6,13.410000000000002,21.30713415602987,27.748494702752403,27.513491714520104,46.92388089360553,Iron ore,1998Q2,1998
12.6,13.410000000000002,22.40351951885059,27.707386739779125,27.373145398898185,49.26531584452251,Iron ore,1998Q3,1999
13.7,13.410000000000002,21.50187065740246,29.99298639735746,27.245285458976447,47.073380594540986,Iron ore,1998Q4,1999
7.2,11.93,18.810111946181742,15.76273737671341,24.150066531768516,41.18039647697811,Iron ore,1999Q1,1999
8.1,11.93,18.249961756157255,17.65495919339149,23.970602289616384,39.77806544270514,Iron ore,1999Q2,1999
8.8,11.93,18.351022919550836,19.01318013046272,23.79378564593301,39.649011857689764,Iron ore,1999Q3,2000
,11.93,18.537318071165895,,23.619558440530376,39.8196712638527,Iron ore,1999Q4,2000
5.0,12.449999999999998,19.728502007183597,10.647951353805377,24.40756261022927,42.013625931188535,Iron ore,2000Q1,2000
,12.449999999999998,21.110043520036168,,24.217731285242074,44.63554591971079,Iron ore,2000Q2,2000
7.2,12.449999999999998,21.716378859235995,14.659993417073139,23.99841849710982,44.216940433203604,Iron ore,2000Q3,2001
7.4,12.449999999999998,23.396391881733894,15.025992801632054,23.82854256743829,47.50729945933731,Iron ore,2000Q4,2001
3.4,12.99,24.47710570944036,6.829097139754333,24.626499602046614,49.16368605582459,Iron ore,2001Q1,2001
5.4,12.99,25.313413445924002,10.758861429114997,24.4550316898758,50.4339828819616,Iron ore,2001Q2,2001
4.4,12.99,25.352937349554352,8.743009040187045,24.386195984237194,50.377491009647606,Iron ore,2001Q3,2002
6.9,12.99,25.395894428152495,13.583339737162516,24.404514253521125,49.994356803870716,Iron ore,2001Q4,2002
7.4,12.68,24.45673138742445,14.433641319506172,23.74630265818045,47.702660634269336,Iron ore,2002Q1,2002
6.5,12.68,23.009920154851194,12.595440877048503,23.561060326894502,44.587705984005375,Iron ore,2002Q2,2002
9.0,12.68,23.17251461988304,17.32674488521424,23.43483258821356,44.611583240845626,Iron ore,2002Q3,2003
14.1,12.68,22.725371886014692,26.970325171672854,23.297107217630852,43.46884180234104,Iron ore,2002Q4,2003
11.2,13.82,23.29213483146067,21.150679862437247,25.13315600799854,43.98611492258468,Iron ore,2003Q1,2003
10.2,13.82,21.57127991675338,19.26222630329106,25.17434289876183,40.73636033413149,Iron ore,2003Q2,2003
13.1,13.82,20.98178137651822,24.5823620114034,24.98779887945057,39.37265232379335,Iron ore,2003Q3,2004
17.6,13.82,19.286412057496396,32.86051208096421,24.893318545192656,36.009169114421255,Iron ore,2003Q4,2004
13.8,16.39,21.394073880694425,25.5407433092008,29.27480492769148,39.59569198006475,Iron ore,2004Q1,2004
19.2,16.39,22.95625379336104,35.358594304659995,29.046622214348982,42.27608669970131,Iron ore,2004Q2,2004
29.8,16.39,23.084507042253524,54.67597355988673,28.86255631050871,42.35462740554606,Iron ore,2004Q3,2005
35.1,16.39,21.64553618594823,63.92612233647704,28.555935632183903,39.42208530659735,Iron ore,2004Q4,2005
27.3,28.11,36.14969135802469,49.35694835915089,48.72932552417258,65.35671976400248,Iron ore,2005Q1,2005
45.7,28.11,36.557135425697936,82.12303008797656,48.40222678141136,65.69327642220622,Iron ore,2005Q2,2005
36.3,28.11,37.004695247707225,64.60548148563507,47.6800504577823,65.85967365584897,Iron ore,2005Q3,2006
42.9,28.11,37.79749899152885,75.98749240016733,47.239532605409046,66.9495843208422,Iron ore,2005Q4,2006
32.4,33.45,45.22511154175493,56.913737956016874,55.922318181818184,79.44228849750229,Iron ore,2006Q1,2006
49.7,33.45,44.785111795421074,85.87999848847657,55.422184829413716,77.38723004621762,Iron ore,2006Q2,2006
70.1,33.45,44.191474370265986,120.01285274302815,54.90388055783429,75.65684602134142,Iron ore,2006Q3,2007
72.5,33.45,43.3852140077821,124.26503374667097,55.130008566721585,74.36227700391152,Iron ore,2006Q4,2007
54.0,36.63,46.5872477530948,92.55602513545148,59.78493889397358,79.85056433383237,Iron ore,2007Q1,2007
88.8,36.63,44.04408817635271,150.2941792941913,59.11542488784355,74.54470816695863,Iron ore,2007Q2,2007
112.8,36.63,43.21444020606395,189.6169911221889,58.74357075873213,72.6435472065921,Iron ore,2007Q3,2008
98.5,36.63,41.19433198380567,164.09196295727912,58.031729316878575,68.62597764402537,Iron ore,2007Q4,2008
91.9,60.79999999999999,67.11557567060382,151.06246613073836,95.29129747504733,110.32257210648092,Iron ore,2008Q1,2008
146.6,60.79999999999999,64.42497880757276,237.5567035818355,94.06753776988705,104.39690036737106,Iron ore,2008Q2,2008
162.0,60.79999999999999,68.56369582377927,259.39648583426464,92.63915270422777,109.78507254628265,Iron ore,2008Q3,2009
182.5,63.86086956521739,94.93687249536777,293.17013333430657,99.58356171959066,152.50770174141934,Iron ore,2008Q4,2009
105.6,70.7239393939394,106.49057326933257,169.45368705714696,111.04959333879627,170.8827677776294,Iron ore,2009Q1,2009
138.6,64.71046176046177,85.02973381866117,221.45033669812352,101.06988110078221,135.85759872651036,Iron ore,2009Q2,2009
140.5,87.4441589811155,104.83235171968771,222.3321703791201,135.41207827360202,165.89042194865092,Iron ore,2009Q3,2010
136.5,97.09711086015433,106.75878049494705,214.8571358141489,149.19212898105047,168.04311941506043,Iron ore,2009Q4,2010
96.3,131.09961697722565,145.09124983645438,150.14751722333685,201.11904585014486,226.2210896549793,Iron ore,2010Q1,2010
150.8,159.14920634920634,180.07377953067024,233.64939498321297,244.23587406970415,279.0061647193739,Iron ore,2010Q2,2010
152.0,137.44393939393942,151.65948881190903,233.80033256778572,210.30970502234968,233.27657185055727,Iron ore,2010Q3,2011
154.2,159.18567977915805,161.14085549246664,236.20519125831783,241.62134104987004,246.8372671279315,Iron ore,2010Q4,2011
144.1,178.72217391304346,177.77994022982537,217.59018391462808,268.41045130370946,268.4467029211609,Iron ore,2011Q1,2011
214.7,175.74446127946126,165.38060973600494,321.2544867570863,260.97115350985,247.45814112861785,Iron ore,2011Q2,2011
234.7,175.88448773448772,167.49308421530114,349.0690485951769,259.4870589227299,249.11227760250117,Iron ore,2011Q3,2012
311.8,140.80974747474747,138.94784633387354,463.73979272252313,206.81197801588647,206.65697709464885,Iron ore,2011Q4,2012
267.9,141.80216450216452,134.31203028020508,398.04853429842456,207.10322696874553,199.5621754075448,Iron ore,2012Q1,2012
336.2,139.51371610845294,138.05948948586845,497.041672171241,203.33169267734527,204.10862436991053,Iron ore,2012Q2,2012
280.5,111.73393939393937,107.50194611520415,408.9911723748352,162.1126789283711,156.74633502400607,Iron ore,2012Q3,2013
278.4,121.05565494764578,116.5191750651108,405.133241635413,174.47719101365206,169.56103127447028,Iron ore,2012Q4,2013
248.2,148.333265993266,142.8341511731016,359.77471055469624,212.93643062818256,207.04317242396596,Iron ore,2013Q1,2013
204.2,125.4051443001443,126.50574427533977,294.84341124750733,180.2198034004513,182.66104399875613,Iron ore,2013Q2,2013
222.2,132.81067287784683,144.9107178154357,317.1316165245057,189.83557953673954,206.82164803121339,Iron ore,2013Q3,2014
184.2,134.895670995671,145.45053121051393,260.8898323913551,192.10547026398342,206.0074088422614,Iron ore,2013Q4,2014
115.2,120.44079365079364,134.21580957333714,162.23355671346172,170.45862779768126,189.01309161683307,Iron ore,2014Q1,2014
189.0,102.66444444444444,110.05657792865226,264.9077517680441,144.5323611077885,154.25841601250696,Iron ore,2014Q2,2014
142.9,91.64215132693393,99.10831073568919,199.35146204547698,128.68580917822106,138.26022845358352,Iron ore,2014Q3,2015
145.1,74.80108695652173,87.3776422667881,202.04076596656884,105.29884574123622,121.6667523910042,Iron ore,2014Q4,2015
82.5,63.68333333333333,81.00487598049608,114.65988783215234,90.23223867490951,112.58193931855868,Iron ore,2015Q1,2015
77.2,58.12770562770563,74.69507276754771,106.59520577865631,81.80267661665366,103.1364851335292,Iron ore,2015Q2,2015
82.2,55.494839701361435,76.5059138385572,112.97361598648503,77.80359960855311,105.14780694272838,Iron ore,2015Q3,2016
74.5,47.24405859840642,65.63801963377912,102.0130910137416,66.24104201166254,89.87835262902641,Iron ore,2015Q4,2016
57.7,48.40986887508626,67.08374826793792,79.15480406764125,67.9177965923843,92.02774610522694,Iron ore,2016Q1,2016
76.8,56.397979797979794,75.59037635434902,104.96876086461013,78.49710319082955,103.31547056257217,Iron ore,2016Q2,2016
79.8,58.612726645335336,77.29490524243087,108.27160464409636,81.2348605883719,104.87272457908982,Iron ore,2016Q3,2017
73.7,70.8401875901876,94.48297815789927,99.44970937792708,97.56231671112096,127.49395819489976,Iron ore,2016Q4,2017
53.5,85.65461133069829,112.94617115383713,71.86550396444828,117.14062802318999,151.71838337991284,Iron ore,2017Q1,2017
84.3,63.29802371541502,84.27376343418322,113.03389392646976,86.46615830094575,112.99871455283359,Iron ore,2017Q2,2017
83.8,70.18771566597654,88.86020720709386,111.65741837681139,95.42143659698445,118.3997772454968,Iron ore,2017Q3,2018
68.9,65.39754689754689,85.09396282644025,91.23098901009108,88.20740079013673,112.67353247378908,Iron ore,2017Q4,2018
50.1,74.916930171278,95.30607688653804,66.0431751330699,100.20267741703051,125.63504844438037,Iron ore,2018Q1,2018
89.0,66.60697032436163,87.99969655748663,116.90700600992355,88.60558566136581,115.59304555412963,Iron ore,2018Q2,2018
86.3,67.95573122529645,92.9457434466533,112.86096136219895,90.03799810277894,121.55209687037768,Iron ore,2018Q3,2019
75.5,71.07398519355041,99.0486159616534,98.21781111978514,93.7877021200646,128.85216230725575,Iron ore,2018Q4,2019
67.4,83.28714285714285,116.92705721906901,87.68053601951681,109.61129123137907,152.11019365211695,Iron ore,2019Q1,2019
94.8,101.93695652173913,145.61035594953688,122.57316795990398,133.17718277912428,188.26922591248933,Iron ore,2019Q2,2019
102.8,101.78295376121461,148.45821727131653,132.22573589131693,132.53876963504828,190.9532784806697,Iron ore,2019Q3,2020
84.6,87.48966371792459,127.95875153752624,108.06703370874705,113.13187561787966,163.45298718362926,Iron ore,2019Q4,2020
75.2,90.50049407114625,137.58753469489622,95.73003956380812,116.60479420735042,175.14973590198454,Iron ore,2020Q1,2020
98.7,92.80808080808079,141.1315097446484,128.0619581391273,120.75638850698546,183.11628665684904,Iron ore,2020Q2,2020
111.0,117.03105590062114,163.55017827449734,141.7900796887816,150.55292551403986,208.91705234824698,Iron ore,2020Q3,2021
110.2,131.94634230503792,180.5587861675472,139.5669734285096,168.524760758912,228.67552914092568,Iron ore,2020Q4,2021
101.2,165.26740855762594,213.8092309598852,127.40762024716715,208.96172628030374,269.1791037892876,Iron ore,2021Q1,2021
150.8,198.97431077694236,258.329914022083,188.41426899526192,247.0760715126346,322.76552990768977,Iron ore,2021Q2,2021
174.6,163.38352272727275,222.462019780247,216.51040705767906,199.699067761115,275.86106791234096,Iron ore,2021Q3,2022
130.8,105.0214303875631,144.03597474750356,160.05742921458517,125.62879409241543,176.25403541668445,Iron ore,2021Q4,2022
139.5,140.031093544137,193.38640180104545,167.12125746863916,163.90143928230205,231.6772662819084,Iron ore,2022Q1,2022
201.0,136.26767676767676,190.7620300060804,236.5972601429963,155.83204253375806,224.54613750624216,Iron ore,2022Q2,2022
200.0,106.31791517661078,155.6783217150685,231.2032439645543,119.99894335063361,179.9666649774068,Iron ore,2022Q3,2023
174.5,100.19877344877345,152.47860421341196,198.02334153965086,111.92235158523728,173.03336802086946,Iron ore,2022Q4,2023
141.4,125.82835968379447,183.9237376005571,158.28310995713767,139.2961800896799,205.88416677762882,Iron ore,2023Q1,2023
191.8,111.5792160737813,167.001420984506,212.93441585909792,122.6395204398056,185.40328480174705,Iron ore,2023Q2,2023
196.5,114.6711525189786,175.04373762628393,215.57262421815466,124.97056617332268,192.0337805244385,Iron ore,2023Q3,2024
166.2,129.18253968253967,198.2543580149473,181.25986988481904,139.77760792036167,216.2187673759788,Iron ore,2023Q4,2024
150.3,124.23533471359558,189.03733218745523,162.36826258517968,133.21080868676265,204.21598929484077,Iron ore,2024Q1,2024
195.4,113.18880105401843,171.71499527790405,208.96041320353226,120.56092848835219,183.6317111899356,Iron ore,2024Q2,2024
216.0,101.51283016500408,151.50414929357356,230.49186423607182,107.76639097922212,161.6688602322959,Iron ore,2024Q3,2025
208.0,105.3085984064245,161.49974195852852,221.4773197299665,110.92494315251443,171.9640864714236,Iron ore,2024Q4,2025
177.6,105.21166321601106,167.6056657009522,187.36034856147913,109.8212497252356,176.8167564561326,Iron ore,2025Q1,2025
213.1,99.11616161616162,154.5872029365661,223.1984655511143,103.0359772302731,161.91284133871548,Iron ore,2025Q2,2025
222.3,103.63739883305101,158.3943127511096,229.75260044120594,106.91964256239328,163.7044770565231,Iron ore,2025Q3,2026
177.2,106.8953096179183,162.85086779085665,182.05140711698837,109.49753089079746,167.3094222999328,Iron ore,2025Q4,2026
185.9,105.3292424242424,151.4148868046994,188.41660875835848,107.04934508375743,153.46465566042053,Iron ore,2026Q1,2026
234.7,108.2686147186147,152.44806352944903,236.45115013684338,108.42706917669645,153.585513241043,Iron ore,2026Q2,2026
,101.595652173913,144.37352873939605,,101.595652173913,144.37352873939605,Iron ore,2026Q3,2027
8.9,,,26.31571018634173,,,Uranium,1988Q3,1989
10.7,,,31.020059652983477,,,Uranium,1988Q4,1989
4.1,,,11.771237676083937,,,Uranium,1989Q1,1989
4.6,,,12.882817012655787,,,Uranium,1989Q2,1989
5.9,,,16.15777496404615,,,Uranium,1989Q3,1990
5.4,,,14.520565087656104,,,Uranium,1989Q4,1990
1.9,,,5.018178744637111,,,Uranium,1990Q1,1990
5.6,,,14.557297189771733,,,Uranium,1990Q2,1990
5.0,,,12.90716836255351,,,Uranium,1990Q3,1991
3.5,,,8.805314177730907,,,Uranium,1990Q4,1991
1.6,,,4.032120431513416,,,Uranium,1991Q1,1991
2.7,,,6.792670937106699,,,Uranium,1991Q2,1991
3.4,,,8.510459659287697,,,Uranium,1991Q3,1992
4.1,,,10.159816104834384,,,Uranium,1991Q4,1992
2.1,8.133333333333333,10.806023029229406,5.203808248817612,19.559415384615384,26.777367512579556,Uranium,1992Q1,1992
3.2,7.683333333333334,10.136769426975679,7.956176841742685,18.336187022900763,25.203103176559114,Uranium,1992Q2,1992
3.1,8.183333333333334,11.197774128808613,7.694657729774219,19.381481060606063,27.794528792420312,Uranium,1992Q3,1993
2.5,10.25,14.682710213436469,6.174394604736872,24.065393100211217,36.26273868990284,Uranium,1992Q4,1993
1.3,10.033333333333333,14.585453312012406,3.1841944104149786,23.38654986020503,35.72532223806041,Uranium,1993Q1,1993
1.9,10.25,14.748201438848922,4.638513490286119,23.720249826509367,36.00512175345151,Uranium,1993Q2,1993
2.6,10.049999999999999,15.022421524663677,6.316274380926962,23.150312687082653,36.49451392912267,Uranium,1993Q3,1994
2.2,9.975,14.96773870854799,5.335806207330165,22.788649463347795,36.302251413984706,Uranium,1993Q4,1994
1.4,9.4,13.282464321039988,3.378949931073708,21.36766734832992,32.057701358619326,Uranium,1994Q1,1994
1.4,9.25,12.771539027982326,3.357114934925923,20.90792589245368,30.625374580591984,Uranium,1994Q2,1994
2.1,9.200000000000001,12.453749661582892,5.003340487886577,20.604045668233713,29.67159519419116,Uranium,1994Q3,1995
1.7,9.833333333333334,13.014514492433936,4.018075479833602,21.895001112842195,30.760765625875205,Uranium,1994Q4,1995
1.8,11.241666666666667,15.029635901778155,4.187749009876191,24.84830578877596,34.96685714803951,Uranium,1995Q1,1995
2.2,11.816666666666668,16.243585043988272,5.047161579371398,25.90747841332457,37.265453793304296,Uranium,1995Q2,1995
2.1,11.75,15.856950067476383,4.758902969048379,25.632115133013514,35.93413655055489,Uranium,1995Q3,1996
2.3,11.85,15.850722311396469,5.172645157979407,25.710105400130118,35.64789652805265,Uranium,1995Q4,1996
,14.566666666666668,19.262132498787853,,31.325723129836632,43.189203248315415,Uranium,1996Q1,1996
,16.290277777777767,20.586727888004255,,34.73370531400963,45.81316631040504,Uranium,1996Q2,1996
3.8,16.37,20.76093849080533,8.431140488054714,34.703983725365546,46.06273396837957,Uranium,1996Q3,1997
1.9,15.190833333333332,19.106364246184807,4.209277811212692,31.926791428571427,42.32841846021748,Uranium,1996Q4,1997
2.2,13.972500000000002,17.968750000000004,4.8666371482338375,29.18837452495302,39.748811935148545,Uranium,1997Q1,1997
5.1,11.865740740740733,15.423406508761786,11.315478023441853,24.730576851851836,34.22023870519688,Uranium,1997Q2,1997
4.9,10.376481481481466,14.114461321443844,10.920704468433822,21.519067366869326,31.45711445359758,Uranium,1997Q3,1998
6.2,12.176666666666668,17.588713948673504,13.776663785683406,25.1169735257732,39.08287072474756,Uranium,1997Q4,1998
5.1,11.358333333333334,17.032390282915127,11.298587809044593,23.38077860082305,37.73371709988911,Uranium,1998Q1,1998
6.0,10.75,17.080663100471373,13.213568906072572,22.055931091058245,37.61608647324828,Uranium,1998Q2,1998
7.4,10.448148148148134,17.455278968894802,16.272592212251233,21.327269083406986,38.38414008269058,Uranium,1998Q3,1999
3.6,8.99212962962963,14.418166161886099,7.881368688356705,18.26943614044589,31.56524536994813,Uranium,1998Q4,1999
1.4,9.549404763333333,15.056611283964893,3.064976712138719,19.330994163729017,32.96297353505532,Uranium,1999Q1,1999
3.1,10.710185186666665,16.383945520371217,6.756836234507856,21.51966383551781,35.710850566531256,Uranium,1999Q2,1999
4.8,10.09781746,15.532714136286724,10.370825525706936,20.139589617351195,33.559805885023195,Uranium,1999Q3,2000
3.7,9.703703703333334,15.078008551302636,7.947901800607587,19.211835432562673,32.38879224715536,Uranium,1999Q4,2000
,9.417916666666668,14.923806253961548,,18.463324554183817,31.781592601159804,Uranium,2000Q1,2000
,8.62470238,14.623923099530888,,16.776765032452033,30.92114852420314,Uranium,2000Q2,2000
,7.874603176666667,13.735571562300134,,15.178957633117841,27.967137317091247,Uranium,2000Q3,2001
2.9,7.221164023333333,13.570215528689552,5.888564746585534,13.820868619795368,27.55485957441685,Uranium,2000Q4,2001
1.1,7.39398148,13.932507028452985,2.2094137805087555,14.017542877194769,27.98424820518101,Uranium,2001Q1,2001
,8.66878307,16.892724397531666,,16.31988950650568,33.656755732087646,Uranium,2001Q2,2001
3.0,8.950000000000001,17.4679591438423,5.961142527400257,16.801882529555265,34.70966470641618,Uranium,2001Q3,2002
2.1,9.466666666666667,18.50765721733464,4.134059920005983,17.785173333333333,36.43417329304409,Uranium,2001Q4,2002
0.9,9.752083333333333,18.809470232737556,1.7554428631831833,18.263085361287903,36.68772253368408,Uranium,2002Q1,2002
2.7,9.85,17.874425356883616,5.2319523643124555,18.30255869242199,34.63634889136064,Uranium,2002Q2,2002
2.5,9.847123015873017,17.995473347721155,4.81298469033729,18.199186068811418,34.644775087181856,Uranium,2002Q3,2003
2.0,9.862469414643327,17.675732268313507,3.8255780385351565,18.12042644980683,33.80994659034368,Uranium,2002Q4,2003
0.7,10.118840579710133,17.054225696140673,1.321917491402328,18.402199631687495,32.20611321435914,Uranium,2003Q1,2003
1.7,10.631818181818167,16.594929524169874,3.210371050548511,19.366789909289512,31.33875372369867,Uranium,2003Q2,2003
3.5,11.227510351966865,17.045815311690586,6.567806644268086,20.30034519478273,31.986748303168028,Uranium,2003Q3,2004
3.0,12.965740740740733,18.094256046063265,5.601223650164354,23.354581362781563,33.78332496577964,Uranium,2003Q4,2004
1.3,15.9962962962963,20.88016746677496,2.4060120508667415,28.571595707115797,38.64456503782788,Uranium,2004Q1,2004
2.8,17.79375,24.922381997292128,5.156461669429583,31.534370593445527,45.89689552854241,Uranium,2004Q2,2004
6.1,18.133333333333333,25.539906103286384,11.192061701856007,31.932541453969367,46.85970573239181,Uranium,2004Q3,2005
4.6,20.26,26.756471209720022,8.377782414467076,35.2985513061651,48.73041173347544,Uranium,2004Q4,2005
3.2,21.193386243386232,27.25486914015719,5.785429844296075,36.73921797273172,49.27535416432797,Uranium,2005Q1,2005
6.8,26.798148148148133,34.85106833901699,12.219619356635459,46.14336691528014,62.62746901101136,Uranium,2005Q2,2005
11.9,29.7863425925926,39.21147385922059,21.179207429175136,50.52345491880488,69.78722172000936,Uranium,2005Q3,2006
15.8,33.94560185185187,45.64421386560693,27.986069462066297,57.04640218750587,80.8482366952079,Uranium,2005Q4,2006
10.1,38.06916666666667,51.47032313308396,17.741628189992916,63.644724999999994,90.41260750950167,Uranium,2006Q1,2006
18.3,42.514814814814834,56.92169609695385,31.62181030863423,70.44137293437859,98.35885663516942,Uranium,2006Q2,2006
24.7,48.796296296296305,64.46577809093223,42.28698235025386,80.09285571050954,110.36693199702968,Uranium,2006Q3,2007
27.6,61.35945767195767,79.58425119579464,47.30641284700854,101.1284731570827,136.40744359377874,Uranium,2006Q4,2007
24.3,79.23148148148151,100.76922352231836,41.65021131095317,129.31611462870245,172.7184960224375,Uranium,2007Q1,2007
37.5,121.92063492063467,146.5979578204024,63.46882571545241,196.76194747280846,248.1173396038497,Uranium,2007Q2,2007
50.0,108.7,128.23941169530852,84.05008471728232,174.32230798455313,215.57066834170246,Uranium,2007Q3,2008
69.6,87.10000000000001,97.953216374269,115.9472144347881,137.9897249112783,163.18107160236445,Uranium,2007Q4,2008
49.2,79.08994708994707,87.30538369571374,80.87348567608626,123.95696834595233,143.5099735317179,Uranium,2008Q1,2008
62.7,63.37037037037036,67.14859816018334,101.60167336003471,98.04432086030504,108.8103658190618,Uranium,2008Q2,2008
56.7,63.114583333333336,71.17383377814534,90.78877004199262,96.16581452763779,113.96445904569742,Uranium,2008Q3,2009
51.9,51.14444444444444,76.03237528906506,83.37276668520829,79.75378310102988,122.13929644503695,Uranium,2008Q4,2009
27.7,47.27314814814813,71.18020700885585,44.4494993511645,74.22753770057076,114.22110343884088,Uranium,2009Q1,2009
48.9,47.258101851851826,62.09728244735469,78.13074649738991,73.8114148048576,99.21691274174005,Uranium,2009Q2,2009
53.9,47.05509259259261,56.41195563370278,85.2932667860112,72.86739280888737,89.26827424463893,Uranium,2009Q3,2010
49.1,45.09953703703703,49.587176511310645,77.28560709505282,69.2965618339161,78.05244482293661,Uranium,2009Q4,2010
23.7,42.278703703703705,46.790906817837126,36.95219271228539,64.85947666915767,72.95470911035046,Uranium,2010Q1,2010
42.4,41.13425925925926,46.5424974646518,65.69452484939144,63.12605632698531,72.11290698689402,Uranium,2010Q2,2010
58.6,44.8912037037037,49.534210354241246,90.13618084521212,68.6902299996244,76.19154509410696,Uranium,2010Q3,2011
65.3,55.54027777777778,56.2224434246637,100.02723079875587,84.30228408463904,86.12213360656708,Uranium,2010Q4,2011
43.4,64.125,63.786929274843324,65.53375421162289,96.30489498311894,96.31790195879621,Uranium,2011Q1,2011
46.6,56.42797619047619,53.10035400609428,69.72733620344769,83.79253564775594,79.45378189495766,Uranium,2011Q2,2011
54.0,51.818518518518516,49.346270372839264,80.31413985572883,76.44923745863021,73.39265296449668,Uranium,2011Q3,2012
45.6,52.57017195767196,51.87504633675938,67.82082921150435,77.21156697018587,77.15369863912791,Uranium,2011Q4,2012
29.3,51.88564814814814,49.144995562291044,43.53423686055932,75.77941565682075,73.02013233173771,Uranium,2012Q1,2012
24.7,51.340740740740735,50.805588541437594,36.516743910260715,74.82561578395989,75.11152493837056,Uranium,2012Q2,2012
23.5,49.110185185185195,47.250106011851955,34.26485757864038,71.25304742876195,68.89438949241561,Uranium,2012Q3,2013
20.8,43.25925925925926,41.63814738763404,30.26857552448488,62.34945442367919,60.59266388953048,Uranium,2012Q4,2013
12.4,42.8125,41.22532498796341,17.974240172756783,61.45850612284724,59.757571978516616,Uranium,2013Q1,2013
12.8,40.651666666666664,41.00844009549749,18.481859275064124,58.420533028794694,59.21189210428764,Uranium,2013Q2,2013
16.1,35.82322387086879,39.08698731136802,22.978483465546997,51.20463827975292,55.786316251696604,Uranium,2013Q3,2014
11.0,35.011265265400404,37.750708333465546,15.579740262241623,49.85968436720742,53.46783914100305,Uranium,2013Q4,2014
6.4,35.154861173622955,39.175581709768906,9.012975372970097,49.75431674294903,55.170086433113255,Uranium,2014Q1,2014
10.4,29.836625833908432,31.984948187145005,14.576934488823591,42.00439599707766,44.83100907234899,Uranium,2014Q2,2014
9.9,31.200452148408193,33.742377954298696,13.810913045837806,43.81232187708623,47.0720250390519,Uranium,2014Q3,2015
12.8,37.76578581180422,44.11547287415804,17.82303104322592,53.163581122894655,61.4274564470867,Uranium,2014Q4,2015
7.5,37.80113636363637,48.08285312313297,10.423626166559304,53.560028660765845,66.8263581302822,Uranium,2015Q1,2015
10.4,36.85894660894661,47.364362129204075,14.359975908005513,51.871314329754576,65.39914414167492,Uranium,2015Q2,2015
15.4,36.478221657569485,50.28935479652059,21.16537331133661,51.14235787598752,69.1164264840659,Uranium,2015Q3,2016
10.7,36.12198851872765,50.185692380022665,14.651544615396444,50.64675284046278,68.71943093088444,Uranium,2015Q4,2016
7.9,32.93471359558316,45.63912457238187,10.837486172172719,46.20655314281235,62.609288792817296,Uranium,2016Q1,2016
4.3,27.707828282828284,37.13688283451051,5.877157183825828,38.56493200114353,50.757976217614306,Uranium,2016Q2,2016
4.9,25.540804002760524,33.68166161513982,6.64825642551469,35.39851788560846,45.69884148058465,Uranium,2016Q3,2017
6.3,19.757395382395384,26.351392054055108,8.501128481423887,27.21022249171874,35.55818563744365,Uranium,2016Q4,2017
5.1,23.987252964426876,31.630152034319643,6.8507302844614255,32.804793964397334,42.48816479286916,Uranium,2017Q1,2017
5.2,21.547101449275363,28.68739375486002,6.972434738050329,29.433700698397317,38.46557322317578,Uranium,2017Q2,2017
6.6,20.399792960662523,25.82688170239178,8.794021017744095,27.733878102704395,34.41244553236723,Uranium,2017Q3,2018
2.9,22.423340548340548,29.176796341525694,3.83991100332749,30.244323841379313,38.6332073495413,Uranium,2017Q4,2018
1.9,22.286445981554678,28.351852236733116,2.5046313922721115,29.80850326296418,37.374178495358976,Uranium,2018Q1,2018
1.6,21.96497584541063,29.019653646995156,2.101698984448064,29.2194576534962,38.11911037432766,Uranium,2018Q2,2018
5.2,25.52374505928854,34.90983640825459,6.800428726343391,33.817705553119964,45.654202758200555,Uranium,2018Q3,2019
3.6,28.40156377438986,39.58038338977544,4.68323337789704,37.47809266305517,51.49004794471054,Uranium,2018Q4,2019
2.3,28.18608350586611,39.57052296204705,2.992065769211998,37.094717165802,51.477220532416666,Uranium,2019Q1,2019
3.1,24.954776021080367,35.646285145815206,4.008194310925131,32.60257006655653,46.089431395829514,Uranium,2019Q2,2019
2.5,25.308085513520297,36.91377700338433,3.2156064175903922,32.955444814952486,47.48007129183332,Uranium,2019Q3,2020
2.3,25.176828847481023,36.82258509284472,2.937992642199979,32.55586715716587,47.0367322041567,Uranium,2019Q4,2020
1.1,24.663389328063243,37.49565093203756,1.4003064297897467,31.777389356501576,47.73218280844009,Uranium,2020Q1,2020
1.6,32.18805916305916,48.94777853263254,2.0759790579797737,41.88119982373099,63.509101980235684,Uranium,2020Q2,2020
1.8,31.239626074408687,43.65718461975407,2.29929858954781,40.18776948796158,55.767168344349365,Uranium,2020Q3,2021
2.2,29.631996988518733,40.549190788466994,2.7862735167216077,37.84663611026262,51.355062008362424,Uranium,2020Q4,2021
1.8,28.951475155279507,37.45501119748093,2.266143443131431,36.60582736552734,47.15468224310319,Uranium,2021Q1,2021
3.9,30.717173615857828,39.8803483133135,4.87278281884298,38.1430072824114,49.82776309502246,Uranium,2021Q2,2021
3.4,36.521496212121214,49.72744911558282,4.216124765155262,44.63919387376672,61.663861683590255,Uranium,2021Q3,2022
3.2,35.23502584724795,48.324530283324414,3.9157780847604937,42.14886229095818,59.133792699933295,Uranium,2021Q4,2022
3.7,39.40651217701932,54.421367458941205,4.4326068289173115,46.1239279037213,65.1968986587895,Uranium,2022Q1,2022
6.4,43.30929159100288,60.62896629631762,7.533445099080479,49.527338613268086,71.36640453239211,Uranium,2022Q2,2022
,39.89728647408307,58.42047023733367,,45.03128387623558,67.5350111640312,Uranium,2022Q3,2023
12.0,40.47863532260462,61.598816053471566,13.617650994130717,45.21476559374606,69.90259822231936,Uranium,2022Q4,2023
9.2,40.70643121977352,59.50072776228832,10.298476744028756,45.06337353715035,66.60509359920789,Uranium,2023Q1,2023
13.2,43.64172223968907,65.31888181953063,14.65450620093896,47.967713656489096,72.51636050475082,Uranium,2023Q2,2023
17.5,48.27581910028295,73.69228987983965,19.198579764975605,52.611806133585056,80.84498887553177,Uranium,2023Q3,2024
15.1,63.33068999583694,97.19258747059075,16.468255326478747,68.52483607550978,105.99949313290118,Uranium,2023Q4,2024
10.2,77.83197814651483,118.4296685126519,11.019003848096023,83.45500718044156,127.93891892839686,Uranium,2024Q1,2024
15.1,71.59209103871343,108.60999904735287,16.14791320047767,76.2549729979979,116.14734021990839,Uranium,2024Q2,2024
26.7,66.05696444935505,98.58757939807231,28.49135544029221,70.12631453756777,105.20201373140479,Uranium,2024Q3,2025
19.5,63.29661186928572,97.0707676146903,20.763498724684357,66.67236274715202,103.36044920880788,Uranium,2024Q4,2025
12.5,55.036643717133195,87.67519708549256,13.1869614696987,57.44793693916532,92.49355566517042,Uranium,2025Q1,2025
13.6,56.522411910288604,88.15556835501212,14.244482081159807,58.7577429515692,92.33311866084034,Uranium,2025Q2,2025
18.2,60.26312023145649,92.10319460714732,18.81015442208703,62.17168075803753,95.19095128175685,Uranium,2025Q3,2026
14.5,63.237839115727276,96.34040084662901,14.896983088015414,64.77727850540722,98.97802221412816,Uranium,2025Q4,2026
6.7,69.93251043512122,100.53070645711996,6.790700799790219,71.07455887691584,101.89163414057317,Uranium,2026Q1,2026
15.4,69.18798673959596,97.42042627372001,15.514902906294795,69.28924549286516,98.1473022549751,Uranium,2026Q2,2026
,69.23377817652174,98.3853604895861,,69.23377817652174,98.3853604895861,Uranium,2026Q3,2027
6.9,,,20.40206744783797,,,Coal,1988Q3,1989
7.5,,,21.743032467044493,,,Coal,1988Q4,1989
6.2,,,17.80040819310254,,,Coal,1989Q1,1989
8.4,,,23.525144110067092,,,Coal,1989Q2,1989
8.5,,,23.2781503719309,,,Coal,1989Q3,1990
11.0,,,29.57892888226243,,,Coal,1989Q4,1990
8.0,,,21.129173661629938,,,Coal,1990Q1,1990
5.9,,,15.337152396366648,,,Coal,1990Q2,1990
7.4,,,19.102609176579193,,,Coal,1990Q3,1991
6.0,,,15.094824304681552,,,Coal,1990Q4,1991
4.6,,,11.592346240601069,,,Coal,1991Q1,1991
5.1,,,12.83060065897932,,,Coal,1991Q2,1991
5.4,,,13.516612400045167,,,Coal,1991Q3,1992
6.3,,,15.611424746452837,,,Coal,1991Q4,1992
8.3,39.5,52.480070859167405,20.567432602469612,94.99142307692308,130.04582173117532,Coal,1992Q1,1992
7.5,39.5,52.11310963542811,18.64728947283442,94.26629770992366,129.5690987601846,Coal,1992Q2,1992
7.1,39.5,54.0503557744937,17.623248348837723,93.5521590909091,134.16096382492083,Coal,1992Q3,1993
7.1,35.75,51.21042830540037,17.53528067745271,83.93539544707815,126.47735689405137,Coal,1992Q4,1993
3.8,32.333333333333336,47.002955855986826,9.307645199674552,75.36529356943149,115.12811485355017,Coal,1993Q1,1993
6.2,31.0,44.60431654676259,15.136201915670494,71.73929215822346,108.89353896165821,Coal,1993Q2,1993
6.4,31.0,46.337817638266074,15.547752322281754,71.40892470642412,112.57014246794058,Coal,1993Q3,1994
7.0,31.0,46.51628069824439,16.977565205141435,70.82186800639414,112.81902695072942,Coal,1993Q4,1994
6.8,30.5,43.097357637416984,16.41204252235801,69.33126107702793,104.01700972743505,Coal,1994Q1,1994
7.4,31.5,43.49226804123711,17.74475037032274,71.19996384997741,104.29181613931324,Coal,1994Q2,1994
10.7,33.1,44.80642541286888,25.493211057326842,74.12977300201477,106.75323923127472,Coal,1994Q3,1995
10.6,34.1,45.131689239864116,25.05388240366834,75.9274106387714,106.67207876362824,Coal,1994Q4,1995
7.4,37.68333333333334,50.381033022861985,17.216301485046564,83.29432081307998,117.21284508779442,Coal,1995Q1,1995
9.3,38.88,53.44574780058652,21.335728494615452,85.24254674556214,122.61332949086074,Coal,1995Q2,1995
12.7,40.95333333333333,55.2676563202879,28.78003224138782,89.33791958133449,125.24448274045882,Coal,1995Q3,1996
12.1,39.97,53.46441947565543,27.212611483282966,86.7200770331815,120.24020457605607,Coal,1995Q4,1996
10.8,39.22,51.86229999559219,24.215563625219552,84.34289664660362,116.28470604569317,Coal,1996Q1,1996
17.1,38.57666666666667,48.75100046337251,38.05389317670105,82.25216231884058,108.48920256669479,Coal,1996Q2,1996
15.4,38.28333333333333,48.552103149439866,34.16830618843227,81.15969315532952,107.7235796430135,Coal,1996Q3,1997
16.9,36.21666666666667,45.55173570350495,37.44041842604973,76.11708571428572,100.9157422942044,Coal,1996Q4,1997
15.7,34.776666666666664,44.723079561042525,34.73009237603239,72.64801369805804,98.9322728978123,Coal,1997Q1,1997
22.5,35.21,45.766897746967075,49.92122657400819,73.384682,101.5439854229248,Coal,1997Q2,1997
19.1,36.36,49.45817274994332,42.56846027491551,75.40448955223881,110.22818125528121,Coal,1997Q3,1998
21.3,34.050000000000004,49.1838798208869,47.32950623146073,70.23539134020619,109.28867354319637,Coal,1997Q4,1998
12.5,32.24,48.34549635109468,27.69261717903087,66.36504493827161,107.1050658224879,Coal,1998Q1,1998
11.9,30.486666666666668,48.44023091997246,26.206911663710603,62.549936669401156,106.67805484785389,Coal,1998Q2,1998
9.6,27.763333333333332,46.383026117948425,21.11038989697457,56.67186876147724,101.99622561994231,Coal,1998Q3,1999
9.4,26.433333333333337,42.38375200427579,20.579129352931396,53.70497481722178,92.78943776154861,Coal,1998Q4,1999
9.8,26.100000000000005,41.15204709097599,21.45483698497103,52.834596519627695,90.09290427905522,Coal,1999Q1,1999
11.1,26.100000000000005,39.92657182193667,24.193832968721676,52.44197148021692,87.0249378084329,Coal,1999Q2,1999
9.5,26.100000000000005,40.14766958929396,20.52559218629498,52.05513875598086,86.74259928631209,Coal,1999Q3,2000
9.2,25.26666666666667,39.26037188584451,19.762350423132375,50.024099742727095,84.33448119027759,Coal,1999Q4,2000
7.9,25.100000000000005,39.77392774139024,16.823763139012495,49.20721457965903,84.70216954801869,Coal,2000Q1,2000
8.7,25.433333333333337,43.12439948002035,18.395473658446466,49.472902197161204,91.18319019207321,Coal,2000Q2,2000
9.2,26.116666666666664,45.55497412640269,18.732213810704565,50.34206396917147,92.75494733444454,Coal,2000Q3,2001
9.3,28.349999999999998,53.27612127286394,18.884017980429473,54.26017524392576,108.17927226282836,Coal,2000Q4,2001
7.6,32.26666666666667,60.80020099239998,15.265040665333215,61.17128974796287,122.12072902755509,Coal,2001Q1,2001
15.1,33.73333333333333,65.7356284507957,30.084964366599337,63.506523146405705,130.97046619590745,Coal,2001Q2,2001
11.9,33.53333333333333,65.44792141044823,23.64586535868769,62.95230474760743,130.04812921659095,Coal,2001Q3,2002
14.4,29.71666666666667,58.09710003258391,28.3478394514696,55.829162065727694,114.36994891108735,Coal,2001Q4,2002
10.2,29.5,56.89854699755689,19.895019116076075,55.24573567952077,110.98016472483799,Coal,2002Q1,2002
13.9,28.040000000000003,50.88313573675296,26.934865875534495,52.10190312035661,98.59931197093935,Coal,2002Q2,2002
16.0,24.45,44.682017543859644,30.80310201815865,45.18782782191022,86.02154654879145,Coal,2002Q3,2003
21.1,26.25,47.04582113626859,40.359848306545906,48.2294214876033,89.98873007188111,Coal,2002Q4,2003
14.0,26.589285714285698,44.81340288924555,26.438349828046558,48.35547510842181,84.6280301836476,Coal,2003Q1,2003
26.7,25.303571428571434,39.49568901441951,50.42171002920308,46.092676100301745,74.58577449021132,Coal,2003Q2,2003
19.9,27.276785714285733,41.412124060150404,37.342672063124255,49.31887377036487,77.71052101586001,Coal,2003Q3,2004
24.1,32.6473214285714,45.56075930860781,44.99649665632031,58.806090591079744,85.06533418627326,Coal,2003Q4,2004
13.7,45.87053571428573,59.87538926287132,25.35566545913412,81.9311156171092,110.81608316677348,Coal,2004Q1,2004
23.8,60.44196428571427,84.656563264925,43.82992419015146,107.11622345944575,155.90297269329508,Coal,2004Q2,2004
27.4,62.85714285714287,88.53118712273644,50.27253944768108,110.69053235094427,162.43385390429938,Coal,2004Q3,2005
32.0,57.75000000000003,76.26782884310622,58.280225491944876,100.61655172413798,138.90332071116524,Coal,2004Q4,2005
29.8,54.95267857142857,70.66959692827747,53.876815425007194,95.26172047429263,127.7668734853846,Coal,2005Q1,2005
37.6,54.84375,71.32445378879834,67.56730703080784,94.43470740103271,128.1702464880958,Coal,2005Q2,2005
32.2,51.182629870129865,67.37807258343481,57.30844363188567,86.8157372739163,119.91715759853648,Coal,2005Q3,2006
46.0,42.28619356833644,56.85920877818535,81.47843007943351,71.06296762113367,100.71302319141928,Coal,2005Q4,2006
41.5,49.9250776397516,67.49976696527774,72.89876929551544,83.46565252682107,118.56987806030932,Coal,2006Q1,2006
46.7,56.034297052154194,75.02248902417217,80.69609515919227,92.84135031422306,129.63644354120032,Coal,2006Q2,2006
50.5,54.825255102040835,72.43075801749274,86.45719063513441,89.98861756876667,124.00316542110217,Coal,2006Q3,2007
60.0,50.13845693779907,65.03042404383797,102.84002792827941,82.63478506735616,111.46217708093583,Coal,2006Q4,2007
38.8,56.231249999999996,71.51676700016957,66.50321806028735,91.77673615019796,122.57977192729483,Coal,2007Q1,2007
43.9,59.88627819548873,72.00754893245137,74.3008386375563,96.64763255467967,121.87292195708447,Coal,2007Q2,2007
50.1,73.72727272727276,86.98014793417684,84.21818488671687,118.23650729737616,146.2137760517862,Coal,2007Q3,2008
59.8,90.51199144105321,101.7903637438745,99.62131355172885,143.39523306685314,169.57340707480023,Coal,2007Q4,2008
54.1,126.04570476515977,139.13865190987943,88.92795884301356,197.55030835902687,228.71194658991027,Coal,2008Q1,2008
70.8,147.26756725417434,156.04786018738452,114.7272483874076,227.8469974500235,252.86640700623613,Coal,2008Q2,2008
68.5,177.66276115189166,200.34893938866858,109.68308197313043,270.69946809547434,320.8013013459427,Coal,2008Q3,2009
82.9,101.11915150842924,150.3257951066837,133.17152905980285,157.68349748179668,241.48511449321708,Coal,2008Q4,2009
69.2,77.27884121830543,116.36043146703287,111.0435146245698,121.34199486802949,186.72068314061727,Coal,2009Q1,2009
76.7,69.69962833219407,91.58551311663186,122.54863509917803,108.86235326801192,146.33219853065322,Coal,2009Q2,2009
82.1,76.21727837380007,91.37301595324497,129.9179443994716,118.02663763033965,144.59189288947272,Coal,2009Q3,2010
84.7,81.44291125541116,89.54690627312937,133.3216073513437,125.13906143005332,140.95085569862724,Coal,2009Q4,2010
60.4,99.4673524844718,110.08302558505751,94.17352066759652,152.59220039057925,171.63751796499952,Coal,2010Q1,2010
94.0,105.79380553656866,119.70333280897111,145.64352207176404,162.3548314132891,185.46824461730958,Coal,2010Q2,2010
85.1,99.94189084724803,110.27867902815363,130.89742303630632,152.9259833219494,169.62626205209483,Coal,2010Q3,2011
122.3,113.19220779220767,114.58247515745141,187.3404337930757,171.80975751770868,175.51864759673973,Coal,2010Q4,2011
109.6,137.19643633540332,136.47312875301233,165.4953792993979,206.04582289807686,206.07365152514,Coal,2011Q1,2011
202.7,129.28348845598833,121.65949352821988,303.2989495373143,191.97908637636056,182.03846368204628,Coal,2011Q2,2011
227.4,129.00438311688333,122.84961729062312,338.2117667257914,190.32359473152843,182.71409896855312,Coal,2011Q3,2012
217.7,122.94482529375368,121.31914870115816,323.78496752948456,180.57317026563607,180.43783474005147,Coal,2011Q4,2012
177.5,120.734508348794,114.35718910314209,263.7312983873474,176.3337419658253,169.91307020900888,Coal,2012Q1,2012
211.7,102.30931305536537,101.24288796876108,312.97954193531143,149.1088215586815,149.6785673154034,Coal,2012Q2,2012
170.6,92.66735389610376,89.15751954341145,248.74828523047017,134.44932731079967,129.99871103063148,Coal,2012Q3,2013
149.2,90.06039146779979,86.68543839944796,217.11882058909345,129.80380083596557,126.14638168590251,Coal,2012Q4,2013
104.5,98.20540584415556,94.56466619562404,151.47645952040997,140.97652639695727,137.07484048844523,Coal,2013Q1,2013
119.7,92.00062074829917,92.80805079017368,172.83426212696685,132.21414381769407,134.00510424195264,Coal,2013Q2,2013
109.6,82.57990239574075,90.10354871330142,156.42495576546278,118.03722765414685,128.59893815501275,Coal,2013Q3,2014
106.4,87.75045437740305,94.61645513862959,150.69857853659173,124.96577673415635,134.00907232671688,Coal,2013Q4,2014
101.8,83.58475958565232,93.14448897030458,143.36263952630557,118.29665839864295,131.17327894019374,Coal,2014Q1,2014
80.9,78.2346088435373,83.86772432753686,113.39173078325274,110.13971582556597,117.55137723550206,Coal,2014Q2,2014
80.3,73.27069522868423,79.24011740665202,112.0218502606844,102.88822957589024,110.54326982275249,Coal,2014Q3,2015
78.0,67.82586217095523,79.22964975970162,108.60909541965796,95.47969539743528,110.32128962586555,Coal,2014Q4,2015
43.4,67.9068004019789,86.37710460289875,60.31805008382317,96.2164243107166,120.04835303072073,Coal,2015Q1,2015
50.1,63.324601845522835,81.37317122272273,69.1764224029881,89.11622901177493,112.35738253041401,Coal,2015Q2,2015
56.3,63.213955392433526,87.1475879680624,77.37730632650981,88.62577676578417,119.77345665757062,Coal,2015Q3,2016
63.4,56.3248531230673,78.2543228681526,86.81382510431165,78.97325235625868,107.15389746265197,Coal,2015Q4,2016
23.4,54.21525510204069,75.1285349467052,32.100908408714126,76.06260363410381,103.06385552158386,Coal,2016Q1,2016
30.3,55.138129251700526,73.90179500294938,41.41345643486572,76.74358970168417,101.007550092839,Coal,2016Q2,2016
37.2,70.70639301175002,93.2432981824476,50.47247735288703,97.99619140348022,126.51129719951827,Coal,2016Q3,2017
33.3,100.2674482065551,133.73153630892514,44.93453625895483,138.09004282053652,180.45539240958354,Coal,2016Q4,2017
23.9,87.9092088139602,115.91913605638459,32.104402705613346,120.22399926293727,155.7119090058977,Coal,2017Q1,2017
26.0,85.30081941867637,113.56785969734572,34.862173690251645,116.52234496634787,152.27778655380754,Coal,2017Q2,2017
35.1,99.44046072974622,125.89524906703184,46.768202685275426,135.19105912857154,167.746282777213,Coal,2017Q3,2018
39.0,103.90182843472299,135.1949537231822,51.640182458542114,140.14149854776,179.01261737793044,Coal,2017Q4,2018
36.4,109.71267084106368,139.57171254481852,47.983464567739404,146.74257660737274,183.98720669101672,Coal,2018Q1,2018
43.6,110.04096088435357,145.383750672947,57.27129732620974,146.38473628834944,190.9705507153645,Coal,2018Q2,2018
43.6,123.68329545454499,169.16653887281618,57.01897932087919,163.8742769842543,221.2317289397663,Coal,2018Q3,2019
50.0,109.48621430057334,152.5798499102151,65.04490802634778,144.47565343511278,198.4908460816778,Coal,2018Q4,2019
36.0,102.14277983920817,143.3985397153,46.832333778970394,134.42653456538753,186.54689653788535,Coal,2019Q1,2019
52.5,85.31958333333317,121.87351204647152,67.8807101043772,111.46714726369956,157.5782960119782,Coal,2019Q2,2019
63.2,71.51458887902966,104.3094936975345,81.29053023668511,93.1241948747095,134.1673109397586,Coal,2019Q3,2020
77.6,69.79599304939352,102.08072306366059,99.12531697161667,90.25239403992181,130.3967014223863,Coal,2019Q4,2020
75.1,71.12040584333333,108.12406503319312,95.60273897928177,91.63464103064082,137.64256680089548,Coal,2020Q1,2020
87.2,57.923689336666676,88.08346918592865,113.14085865989766,75.36688047413462,114.28714836512161,Coal,2020Q2,2020
73.1,51.68679559666666,72.23197782177294,93.37707049774714,66.49173783523095,92.26826929213955,Coal,2020Q3,2021
56.2,67.20190167,91.96081969164804,71.1766234726156,85.83174193111577,116.46727112856811,Coal,2020Q4,2021
50.8,92.90399068333333,120.19145804045021,63.955603839487054,117.46646505169514,151.31726919931822,Coal,2021Q1,2021
54.9,111.40258118999999,144.63484812827284,68.59378891140503,138.33399904397194,180.71133409369529,Coal,2021Q2,2021
66.5,171.62982373333332,233.69013352698224,82.46244025965439,209.77828870028355,289.78434098104407,Coal,2021Q3,2022
54.0,200.00258196666667,274.3017947791899,66.07875518033333,239.24720026301696,335.6577989396319,Coal,2021Q4,2022
43.3,285.8958307666667,394.8292097316209,51.87347991678907,334.6309520370668,473.0061219763265,Coal,2022Q1,2022
61.7,393.54570356666665,550.9272565095661,72.62711915832274,450.0482599533505,648.4969125784132,Coal,2022Q2,2022
64.8,449.61925633333334,658.3647837758689,74.90985104451559,507.4764265314258,761.0803686050162,Coal,2022Q3,2023
71.4,407.61814239999995,620.2974673835852,81.02502341507777,455.31077353494857,703.9162019477371,Coal,2022Q4,2023
62.4,281.5799282666666,411.5863305398557,69.85053791602114,311.7183478830989,460.7295927418302,Coal,2023Q1,2023
82.4,172.85672256666666,258.7159088505288,91.47964476949777,189.991167766896,287.2237795857298,Coal,2023Q2,2023
86.6,154.10040196666668,235.2318759985753,95.00554329410785,167.94123071296116,258.06388197848565,Coal,2023Q3,2024
90.9,144.07328263333332,221.10694081235928,99.136715839531,155.889633856172,241.14208978507,Coal,2023Q4,2024
79.3,135.7405272,206.54371150334754,85.66735344647203,145.54720234436417,223.12803449562958,Coal,2024Q1,2024
87.0,143.0035714,216.9459995954488,93.03764559215611,152.31757192044478,232.0016669310047,Coal,2024Q2,2024
79.6,147.4575,220.07487189692054,84.94052033884869,156.54142015338036,234.84012729183289,Coal,2024Q3,2025
76.1,148.00392856666667,226.97668218996014,81.0308847665887,155.89731143553752,241.68359236842687,Coal,2024Q4,2025
55.9,114.42178569999999,182.2776959961767,58.97209169249258,119.43489074559949,192.29511631096284,Coal,2025Q1,2025
58.6,105.10642853333333,163.92996391993762,61.37695955558564,109.26314538950014,171.6983407075533,Coal,2025Q2,2025
68.3,116.01571426666668,177.31272240052985,70.58975533123869,119.689984896233,183.25712578871523,Coal,2025Q3,2026
58.1,114.20642856666666,173.98907459882184,59.69067016646177,116.98662911033878,178.7525725378001,Coal,2025Q4,2026
43.2,126.0267857,181.16841108821697,43.78481709715484,128.08489420114694,183.6209662796236,Coal,2026Q1,2026
59.6,144.64178573333334,203.6634549892049,60.04468916981622,144.8534734494265,205.18303439727626,Coal,2026Q2,2026
,140.3967857,199.51227184879923,,140.3967857,199.51227184879926,Coal,2026Q3,2027
122.4,,,361.9149355964301,,,Gold,1988Q3,1989
126.5,,,366.7324809441505,,,Gold,1988Q4,1989
94.3,,,270.73846654993054,,,Gold,1989Q1,1989
105.4,,,295.18454633346084,,,Gold,1989Q2,1989
88.7,,,242.91434564591418,,,Gold,1989Q3,1990
95.9,,,257.87447998263343,,,Gold,1989Q4,1990
67.9,,,179.33386145308413,,,Gold,1990Q1,1990
88.7,,,230.577189416563,,,Gold,1990Q2,1990
67.0,,,172.95605605821703,,,Gold,1990Q3,1991
87.4,,,219.88127403819465,,,Gold,1990Q4,1991
63.2,,,159.26875704477993,,,Gold,1991Q1,1991
88.2,,,221.8939172788188,,,Gold,1991Q2,1991
79.4,,,198.74426380807154,,,Gold,1991Q3,1992
79.4,,,196.75351188386594,,,Gold,1991Q4,1992
67.8,,,168.0086663189686,,,Gold,1992Q1,1992
78.1,,,194.1804410437824,,,Gold,1992Q2,1992
75.5,,,187.40214793482372,,,Gold,1992Q3,1993
83.8,,,206.9657071507799,,,Gold,1992Q4,1993
69.7,,,170.72180800455692,,,Gold,1993Q1,1993
91.1,,,222.40451524477126,,,Gold,1993Q2,1993
100.1,,,243.176563665688,,,Gold,1993Q3,1994
111.6,,,270.67089669911195,,,Gold,1993Q4,1994
108.8,,,262.59268035772817,,,Gold,1994Q1,1994
133.4,,,319.8850945136559,,,Gold,1994Q2,1994
138.2,,,329.2674549647261,,,Gold,1994Q3,1995
143.5,,,339.17284197418934,,,Gold,1994Q4,1995
114.2,,,265.6894094043672,,,Gold,1995Q1,1995
158.6,,,363.8544665855925,,,Gold,1995Q2,1995
132.7,,,300.71734475843806,,,Gold,1995Q3,1996
143.7,,,323.1778735659307,,,Gold,1995Q4,1996
123.3,,,276.46101805458983,,,Gold,1996Q1,1996
147.4,,,328.020108435423,,,Gold,1996Q2,1996
165.5,,,367.1983554665935,,,Gold,1996Q3,1997
186.8,,,413.83847112343733,,,Gold,1996Q4,1997
150.1,,,332.0373799772268,,,Gold,1997Q1,1997
225.9,,,501.2091148030422,,,Gold,1997Q2,1997
196.7,,,438.38827937570056,,,Gold,1997Q3,1998
163.9,,,364.1927733021791,,,Gold,1997Q4,1998
136.1,,,301.5172158452881,,,Gold,1998Q1,1998
151.7,,,334.0830671752015,,,Gold,1998Q2,1998
134.3,,,295.32555866288385,,,Gold,1998Q3,1999
139.8,,,306.0598173978521,,,Gold,1998Q4,1999
99.4,,,217.61334656184906,,,Gold,1999Q1,1999
112.7,,,245.64369149323718,,,Gold,1999Q2,1999
101.5,,,219.29974809567796,,,Gold,1999Q3,2000
91.6,,,196.76427160423106,,,Gold,1999Q4,2000
71.9,,,153.1175404677213,,,Gold,2000Q1,2000
109.8,,,232.16356410315197,,,Gold,2000Q2,2000
92.5,275.9499969482422,481.33611887012415,188.34019320545355,531.9167478747064,980.0533797271603,Gold,2000Q3,2001
97.5,271.0500030517578,509.3648265818551,197.97760785934122,518.7732157126981,1034.2854348139883,Gold,2000Q4,2001
83.3,263.43332926432294,496.3884101456998,167.31287992398117,499.41807377164463,997.0249035097646,Gold,2001Q1,2001
96.8,267.9499969482422,522.1500427702024,192.86255302561693,504.44385424721986,1040.3222139576064,Gold,2001Q2,2001
86.4,283.3999938964844,553.1194988546308,171.68090478912742,532.0283135559116,1099.0747224522192,Gold,2001Q3,2002
84.2,277.3666687011719,542.2613268840115,165.75611679262087,521.09305771897,1067.4956274478357,Gold,2001Q4,2002
73.9,293.8000081380208,566.6709685058906,144.14136398804138,550.2100878723439,1105.2872304852979,Gold,2002Q1,2002
86.8,316.2999979654948,573.9777364483937,168.1975797119708,587.725814941769,1112.2311760273647,Gold,2002Q2,2002
95.2,307.8000030517578,562.5000055770428,183.27845700804397,568.867629508641,1082.9215660627785,Gold,2002Q3,2003
99.3,317.3999938964844,568.8511749145428,189.93994961327053,583.1625937446195,1088.092280973998,Gold,2002Q4,2003
84.6,351.46666463216144,592.3595471328563,159.76317110376706,639.1799214045599,1118.6434950772637,Gold,2003Q1,2003
99.3,351.8000030517578,549.1155094460319,187.52343842321594,640.834580941419,1036.9791381957282,Gold,2003Q2,2003
96.7,371.7000020345052,564.3218654370019,181.45911500020682,672.0669243364388,1058.9591135208289,Gold,2003Q3,2004
93.1,399.0,556.8218821230869,173.82464061010046,718.7000072020165,1039.6279650256208,Gold,2003Q4,2004
91.2,414.75000000000006,541.3784101292259,168.79099926080525,740.800814140332,1001.9715221923037,Gold,2004Q1,2004
116.1,391.2000020345052,547.9247425666538,213.80899993599093,693.2909499297637,1009.0546188489365,Gold,2004Q2,2004
109.9,404.8500061035156,570.2112762021347,201.64058705475003,712.9350883753823,1046.2032436636641,Gold,2004Q3,2005
96.8,439.09999593098956,579.8996248428283,176.29768211313322,765.0342416044876,1056.146278079196,Gold,2004Q4,2005
81.9,429.0,551.6975308641975,148.07084507745267,743.6812753422282,997.4398000269322,Gold,2005Q1,2005
103.1,435.4499969482422,566.3039668999161,185.2709934807523,749.7954288243936,1017.6498405396561,Gold,2005Q2,2005
100.0,444.2333272298177,584.7996760232801,177.97653301827847,753.5064908340884,1040.8061884883587,Gold,2005Q3,2006
99.1,492.26666259765625,661.9156415189677,175.53287871460566,827.2659928259649,1172.4314633910128,Gold,2005Q4,2006
90.0,571.6999816894531,772.9505363325788,158.09371654449131,955.7784239335493,1357.762477709725,Gold,2006Q1,2006
110.5,635.9333292643229,851.4303511371306,190.94043929530503,1053.6566371800213,1471.244210637824,Gold,2006Q2,2006
104.3,619.5666707356771,818.5221121221734,178.56405907414887,1016.939147613951,1401.3291541944477,Gold,2006Q3,2007
125.0,641.0500183105469,831.4526826336535,214.25005818391546,1056.534917822346,1425.1102850514628,Gold,2006Q4,2007
103.6,661.4666748046875,841.2752350407252,177.57044822282913,1079.5999108271399,1441.9461444493002,Gold,2007Q1,2007
123.0,654.5499877929688,787.0340534584794,208.1777483466839,1056.3472737841703,1332.0567245621944,Gold,2007Q2,2007
129.6,707.8999938964844,835.148838605314,217.85781958719573,1135.2599885766904,1403.8866127263316,Gold,2007Q3,2008
146.7,803.0333455403646,903.0964299824162,244.38874076987662,1272.2198673444132,1504.4757962997528,Gold,2007Q4,2008
142.4,937.0,1034.3305000551939,234.07285285111146,1468.5517390480159,1700.20148131205,Gold,2008Q1,2008
173.9,875.0499877929688,927.2216598540924,281.79475274816645,1353.845358178525,1502.5083288173,Gold,2008Q2,2008
133.2,872.4666748046875,983.8740083502097,213.28155501928424,1329.3515381016662,1575.3917300599776,Gold,2008Q3,2009
120.4,805.5333251953125,1197.5222872080958,193.41196741616722,1256.1350660102216,1923.7138006115138,Gold,2008Q4,2009
85.6,927.2999877929688,1396.2557535529543,137.3601857205661,1456.031542217858,2240.536794643023,Gold,2009Q1,2009
98.8,932.1999918619791,1224.9134841163057,157.85925877182254,1455.9831559911286,1957.124844759217,Gold,2009Q2,2009
133.4,971.1333414713541,1164.242337121988,211.09687920693682,1503.853265691802,1842.3382609223543,Gold,2009Q3,2010
145.5,1067.449951171875,1173.6667962307588,229.02354037332358,1640.1634341666472,1847.4042947861476,Gold,2009Q4,2010
130.8,1104.86669921875,1222.783818812945,203.93868382982825,1694.9686159424539,1906.5208151156203,Gold,2010Q1,2010
165.7,1212.5999755859375,1372.0298433875737,256.73544263075854,1860.8978437774679,2125.8219018993304,Gold,2010Q2,2010
160.3,1244.75,1373.4919817566574,246.56706125405296,1904.652955095036,2112.650540222984,Gold,2010Q3,2011
167.3,1387.7333170572917,1404.777956259912,256.27190984122296,2106.3828451915083,2151.8537343310077,Gold,2010Q4,2011
146.4,1394.0000406901042,1386.6507914951796,221.0631708889768,2093.552086161778,2093.834842101324,Gold,2011Q1,2011
178.2,1529.1500244140625,1438.9743015188794,266.6397277136133,2270.7062450541684,2153.129719101464,Gold,2011Q2,2011
184.2,1692.4000244140625,1611.6560560080586,273.96045484120833,2496.8427319122293,2397.014257065992,Gold,2011Q3,2012
200.0,1678.5,1656.3055062166961,297.45977724344016,2465.268998241189,2463.421334631509,Gold,2011Q4,2012
168.8,1689.6000366210938,1600.353648174559,250.804750241038,2467.6747431834715,2377.821664856364,Gold,2012Q1,2012
215.0,1583.0499877929688,1566.5490049409245,317.85829719457706,2307.187010634667,2316.0027868947973,Gold,2012Q2,2012
194.4,1727.8499755859375,1662.4065702696553,283.4505665228805,2506.905152077278,2423.9201858759902,Gold,2012Q3,2013
162.7,1701.0666910807292,1637.3203520412565,236.76429028046587,2451.742862528913,2382.6612852661992,Gold,2012Q4,2013
154.7,1611.0333251953125,1551.307968411471,224.24314151011887,2312.68207837961,2248.67596823703,Gold,2013Q1,2013
150.0,1362.8666585286458,1374.8276591633671,216.58428837965772,1958.5764414353448,1985.107134697123,Gold,2013Q2,2013
132.2,1354.25,1477.632296781233,188.68046671710016,1935.7242006000859,2108.9285279345213,Gold,2013Q3,2014
116.5,1287.0999755859375,1387.8086211975028,165.00361277737719,1832.964277220082,1965.6088956324334,Gold,2013Q4,2014
81.7,1281.6333414713542,1428.2159000089382,115.05626374557137,1813.8826065891215,2011.3241771976375,Gold,2014Q1,2014
103.9,1270.5999755859375,1362.0868060596079,145.62918205661262,1788.7674305227445,1909.139436540564,Gold,2014Q2,2014
90.0,1259.2000325520833,1361.788066927271,125.55375496216185,1768.1947963893197,1899.7511696153629,Gold,2014Q3,2015
101.7,1176.7333170572917,1374.5813998800231,141.60955133563095,1656.5088165551808,1914.0005438673902,Gold,2014Q4,2015
91.6,1278.5,1626.2454950180202,127.30722091424428,1811.4930721675762,2260.1833460158696,Gold,2015Q1,2015
112.4,1181.1000162760417,1517.7332514469824,155.19820115959806,1662.1530411360743,2095.635858226686,Gold,2015Q2,2015
133.7,1114.0,1535.7750103395986,183.75392283933147,1561.824674696769,2110.7306114324315,Gold,2015Q3,2016
138.2,1100.9000244140625,1529.523490595187,189.23770708857836,1543.5753601895676,2094.381463808625,Gold,2015Q4,2016
119.3,1194.8333333333333,1655.7346759665575,163.65975953673487,1676.3203284960198,2271.3926146296762,Gold,2016Q1,2016
156.9,1303.7999877929688,1747.4869156855234,214.4478981726215,1814.6841881320902,2388.43146050298,Gold,2016Q2,2016
159.1,1323.0666910807292,1744.7800225250285,215.86481577538513,1833.716742942469,2367.2948971146293,Gold,2016Q3,2017
182.3,1197.433349609375,1597.0746671533923,245.992971771996,1649.1256681995314,2155.0693555394096,Gold,2016Q4,2017
155.2,1249.9500122070312,1648.2132814474498,208.4771255192967,1709.4226119621571,2214.01267499286,Gold,2017Q1,2017
192.6,1259.5999755859375,1677.007023812991,258.24825587471025,1720.6346184605673,2248.6196209207874,Gold,2017Q2,2017
192.9,1288.0999755859375,1630.7815356000222,257.0252506549752,1751.1946212338758,2172.898045365998,Gold,2017Q3,2018
208.9,1289.75,1678.196564885496,276.606002963832,1739.5988162569179,2222.1122259483495,Gold,2017Q4,2018
187.4,1325.7666829427083,1686.583007729677,247.0357489009441,1773.2356485702037,2223.2993404381405,Gold,2018Q1,2018
220.9,1275.7000122070312,1685.427417369575,290.1658160403608,1697.0317995153289,2213.913182154099,Gold,2018Q2,2018
239.7,1195.9000244140625,1635.6797999645244,313.4736087893289,1584.5086527333874,2139.1007497650694,Gold,2018Q3,2019
244.1,1236.933349609375,1723.7887531138224,317.5492409846299,1632.2306427537285,2242.473618062826,Gold,2018Q4,2019
223.0,1308.5,1837.0068791239648,290.1002897975111,1722.0710142773137,2389.7588699277294,Gold,2019Q1,2019
259.8,1332.7666829427083,1903.7710926712334,335.9125425736609,1741.214552529197,2461.5111170801797,Gold,2019Q2,2019
281.3,1472.5999755859375,2147.899614331881,361.82003410727094,1917.5763889369089,2762.71991367421,Gold,2019Q3,2020
303.9,1488.5,2177.01833073323,388.19824520198847,1924.7621913388757,2780.897320708135,Gold,2019Q4,2020
272.3,1573.5,2392.1856788121418,346.6394916652255,2027.366210189155,3045.266352083265,Gold,2020Q1,2020
304.4,1745.4666341145833,2654.2984095416414,394.95501578065193,2271.098003103719,3443.917444898418,Gold,2020Q2,2020
356.1,1945.6333414713542,2719.010585742797,454.87790429887497,2502.932142942535,3473.2317804244317,Gold,2020Q3,2021
383.5,1887.5,2582.9037996624547,485.69813348306207,2410.756375474769,3271.216569654141,Gold,2020Q4,2021
360.2,1763.300048828125,2281.2109821399695,453.4804823421897,2229.491134211089,2871.9729497643916,Gold,2021Q1,2021
429.8,1813.9333089192708,2355.043894386036,537.0056552663366,2252.4491438299974,2942.466006714189,Gold,2021Q2,2021
417.9,1784.7999877929688,2430.1729058135097,518.2113351054071,2181.5106428893855,3013.503579944019,Gold,2021Q3,2022
390.8,1795.3666585286458,2462.329695339644,478.2143986013753,2147.654506630994,3013.1052057706124,Gold,2021Q4,2022
363.6,1881.63330078125,2598.58210299855,435.5934710795499,2202.385187418028,3113.1061554739676,Gold,2022Q1,2022
421.7,1859.5,2603.1264582361177,496.38340598159965,2126.4740836930278,3064.1422279821263,Gold,2022Q2,2022
380.5,1720.3666585286458,2519.0843301376112,439.86417164256454,1941.7440687786707,2912.10234474046,Gold,2022Q3,2023
359.3,1737.63330078125,2644.2629107962616,407.7351668492639,1940.9419748604325,3000.7207879956413,Gold,2022Q4,2023
275.5,1902.8499755859375,2781.402225081764,308.39460249781774,2106.518224897427,3113.500666390694,Gold,2023Q1,2023
310.5,1964.1333414713542,2939.732600485962,344.71395268117783,2158.828315468704,3263.6613350699954,Gold,2023Q2,2023
333.4,1934.1666666666667,2952.475449040859,365.7603710653067,2107.887625590027,3239.047737859606,Gold,2023Q3,2024
323.1,2054.9500122070312,3153.6986068247866,352.3770394692241,2223.489318355921,3439.4644953609863,Gold,2023Q4,2024
284.4,2106.833251953125,3205.771838029709,307.235754352795,2259.0429840901356,3463.177668565415,Gold,2024Q1,2024
296.0,2321.7999674479165,3522.3261200221236,316.5418746583702,2473.0216879508953,3766.7693013173866,Gold,2024Q2,2024
297.5,2477.050048828125,3696.9056994599146,317.4598593066267,2629.645371951612,3944.9383637660867,Gold,2024Q3,2025
314.3,2703.1500244140625,4145.511743810544,334.6650076496561,2847.315103688203,4414.119374655091,Gold,2024Q4,2025
293.9,2927.933349609375,4664.294843260474,310.05183807555585,3056.213443809179,4920.630110511217,Gold,2025Q1,2025
402.5,3304.0,5153.106316610346,421.57382629903105,3434.665580444679,5397.30371979908,Gold,2025Q2,2025
431.4,3560.8333333333335,5442.202863110704,445.86267130155744,3673.6065504457547,5624.652541287722,Gold,2025Q3,2026
478.8,4197.5,6394.728823887874,491.90865534770904,4299.682442166568,6569.804630476025,Gold,2025Q4,2026
457.7,4745.10009765625,6821.266133005295,463.8960829946243,4822.591011953047,6913.608564922536,Gold,2026Q1,2026
565.6,4420.36669921875,6224.115318528231,569.8200703766452,4426.836042265834,6270.554860035559,Gold,2026Q2,2026
,4258.2666015625,6051.252808814125,,4258.2666015625,6051.252808814125,Gold,2026Q3,2027
